BEDS,BATH,PROPERTYSQFT,LATITUDE,LONGITUDE,PROPERTY_TYPE_Co-op,PROPERTY_TYPE_Condo,PROPERTY_TYPE_Condop,PROPERTY_TYPE_House,PROPERTY_TYPE_Land,PROPERTY_TYPE_Multi-family home,PROPERTY_TYPE_Townhouse,PROPERTY_TYPE_Unknown,LISTING_STATUS_Coming Soon,LISTING_STATUS_Contingent,LISTING_STATUS_For Sale,LISTING_STATUS_Foreclosure,LISTING_STATUS_Pending
-0.1364722148101901,-0.20149529166707583,-0.4457345573393287,-0.8995507197150703,-1.9003565449343405,0,0,0,1,0,0,0,0,0,0,1,0,0
-0.1364722148101901,8.483335059174191e-05,0.4867172479626867,-0.2902200134281458,0.24683953501639508,0,0,0,0,0,0,0,1,0,0,0,0,1
-0.1364722148101901,-0.7406801801655817,0.2520720988350434,-1.545283640387222,-1.7041971599641443,0,0,0,0,0,0,0,1,0,1,0,0,0
-0.5189700278791175,-0.20149529166707583,-0.528911009455471,0.2692184549783914,-0.6385496799212187,1,0,0,0,0,0,0,0,0,0,1,0,0
-0.1364722148101901,-0.20149529166707583,-0.3573048556158512,-1.0270529781255535,-2.062871934297528,0,0,0,0,0,0,0,1,0,1,0,0,0
0.24602559825873724,0.8768744853299358,0.14525602348589234,0.48830990823211523,2.186163891115733,1,0,0,0,0,0,0,0,0,0,1,0,0
2.158514663603374,0.8768744853299358,0.007011446406886239,0.4532926665374759,0.7825031853240771,0,0,0,1,0,0,0,0,0,0,1,0,0
-0.5189700278791175,-0.20149529166707583,-0.5131512606334651,-1.9195275471175774,-2.513644409730139,0,0,0,0,0,0,1,0,0,0,1,0,0
-0.9014678409480448,-0.7406801801655817,0.007011446406886239,0.28156979952013217,-0.5333407376823948,1,0,0,0,0,0,0,0,0,0,1,0,0
-0.1364722148101901,-0.20149529166707583,0.007011446406886239,0.17496012335333774,0.7389757273012983,0,0,0,1,0,0,0,0,0,0,1,0,0
-0.1364722148101901,-0.20149529166707583,0.007011446406886239,0.5238369206854591,-0.22702374419748422,1,0,0,0,0,0,0,0,0,0,1,0,0
-0.9014678409480448,-0.7406801801655817,-0.6361648556052333,0.4093114783544278,-0.3682663082810073,1,0,0,0,0,0,0,0,0,0,1,0,0
2.541012476672301,3.0336140393239597,1.2571938570385306,-0.989887825930527,-2.14290856167491,0,0,0,0,0,1,0,0,0,0,1,0,0
-0.1364722148101901,8.483335059174191e-05,0.007011446406886239,0.606845929049629,0.1772560363427481,0,1,0,0,0,0,0,0,0,0,1,0,0
-0.1364722148101901,-0.20149529166707583,-0.18000768136828488,-1.5684077584468634,-0.15009699939065443,0,1,0,0,0,0,0,0,0,0,1,0,0
-0.9014678409480448,-0.7406801801655817,-0.6208428775838387,2.1857766562498098,0.34926553359793705,1,0,0,0,0,0,0,0,0,0,1,0,0
1.3935190374655193,1.9552442623269475,0.6850274206395942,1.3110753306787177,0.2887372520935502,0,0,0,0,0,1,0,0,0,0,1,0,0
-0.9014678409480448,-0.7406801801655817,0.007011446406886239,0.08418427061957756,-0.3654962440353932,1,0,0,0,0,0,0,0,0,0,1,0,0
-0.1364722148101901,-0.20149529166707583,0.05419969695874717,0.04223300105343064,-0.4764850699685197,0,1,0,0,0,0,0,0,0,0,1,0,0
-0.9014678409480448,-0.7406801801655817,-0.6317871475991206,0.7123375462038866,-0.06863868310330218,1,0,0,0,0,0,0,0,0,0,1,0,0
0.24602559825873724,-0.20149529166707583,-0.07450491842096764,1.5909234395120129,1.0735293449150534,0,0,0,0,0,1,0,0,0,0,1,0,0
0.6285234113276646,-0.20149529166707583,0.006920450492729489,-1.6987681697632906,-1.8928290241409993,0,0,0,1,0,0,0,0,0,0,1,0,0
-0.1364722148101901,-0.20149529166707583,-0.22072036582513344,-1.1464733652931116,0.001970214888681228,0,0,0,1,0,0,0,0,0,0,1,0,0
1.3935190374655193,3.0336140393239597,2.9469891473980514,0.2969866419280256,-0.45697177047564125,0,0,0,0,0,1,0,0,0,0,1,0,0
0.6285234113276646,0.33768959683143,0.007011446406886239,-0.24651032113235133,-0.2878829275109633,0,0,0,0,0,1,0,0,0,0,1,0,0
0.6285234113276646,1.4160593738284417,0.007011446406886239,-0.11902295490126777,0.4456362272190002,0,0,0,0,0,1,0,0,0,0,1,0,0
0.6285234113276646,0.33768959683143,-0.39188874886414193,-0.06185302346935657,2.0828670461565735,0,0,0,1,0,0,0,0,0,0,1,0,0
0.6285234113276646,0.33768959683143,-0.003586048721941108,-0.9203997709725965,-0.9146060001877273,0,0,0,1,0,0,0,0,0,0,1,0,0
-0.5189700278791175,-0.20149529166707583,-0.423846017308765,-1.09010761155252,-0.8965946382472914,1,0,0,0,0,0,0,0,0,0,1,0,0
-0.5189700278791175,-0.20149529166707583,0.007011446406886239,0.5636001854218159,-0.3542713413519841,0,1,0,0,0,0,0,0,0,0,1,0,0
-0.1364722148101901,-0.7406801801655817,-0.548172924682367,-0.08177074073391635,-0.6795666433808493,0,1,0,0,0,0,0,0,0,0,1,0,0
0.24602559825873724,0.33768959683143,0.007011446406886239,0.22622244174483203,1.6148648900031075,0,0,0,1,0,0,0,0,0,0,1,0,0
0.24602559825873724,0.8768744853299358,0.007011446406886239,0.0019175801244056784,-0.16775070997460115,0,0,0,0,0,0,0,1,0,0,0,0,1
-0.1364722148101901,-0.20149529166707583,0.6268039041582947,0.7057632217441565,1.2811514063237512,0,0,0,1,0,0,0,0,0,0,1,0,0
-0.5189700278791175,-0.7406801801655817,-0.5332887174615837,0.6608587184339413,1.1054752396218541,1,0,0,0,0,0,0,0,0,0,1,0,0
-0.1364722148101901,-0.20149529166707583,0.007011446406886239,-0.4019331249440375,1.285126190927977,0,0,0,1,0,0,0,0,0,0,1,0,0
0.24602559825873724,0.33768959683143,-0.005774902724997482,-0.36426622085610594,-0.38939746003176173,0,1,0,0,0,0,0,0,0,0,1,0,0
-0.1364722148101901,-0.7406801801655817,-0.7539252009696662,0.6099114269158631,-0.19581792030321815,0,1,0,0,0,0,0,0,0,0,1,0,0
-0.5189700278791175,-0.7406801801655817,0.007011446406886239,-0.10096905117492101,1.1660243263298344,1,0,0,0,0,0,0,0,0,0,1,0,0
0.24602559825873724,-0.20149529166707583,-0.003586048721941108,0.7013677376960556,-0.07673785163258934,0,0,0,0,0,0,1,0,0,0,1,0,0
-0.9014678409480448,-0.7406801801655817,-0.6427314176144024,0.2067297243712122,0.8113986408990637,1,0,0,0,0,0,0,0,0,0,1,0,0
-0.9014678409480448,-0.7406801801655817,-0.6462335840192927,1.1776734780936984,-0.0544188218309948,0,1,0,0,0,0,0,0,0,0,1,0,0
-0.1364722148101901,8.483335059174191e-05,0.007011446406886239,-1.849419748383337,-2.003727694191887,0,0,0,1,0,0,0,0,0,0,1,0,0
-0.1364722148101901,8.483335059174191e-05,0.007011446406886239,2.16288852195714,0.396220896588411,0,0,0,0,1,0,0,0,0,0,1,0,0
0.6285234113276646,8.483335059174191e-05,-0.31440331715594627,0.6199476103261671,1.1616968439890025,0,0,0,1,0,0,0,0,0,0,1,0,0
-0.1364722148101901,8.483335059174191e-05,-0.35818039721707373,-0.3896928989721823,1.179893471313517,0,0,0,1,0,0,0,0,0,0,1,0,0
-0.1364722148101901,-0.7406801801655817,-0.7083970377060936,0.9131081820531312,-0.2351684860299212,0,1,0,0,0,0,0,0,0,0,1,0,0
-0.9014678409480448,-0.7406801801655817,-0.6536756876296843,0.4296530499577287,0.5984068555235666,1,0,0,0,0,0,0,0,0,0,1,0,0
0.24602559825873724,0.8768744853299358,0.45869991672356514,0.0013104374230163472,-0.7019986157161164,0,1,0,0,0,0,0,0,0,0,1,0,0
-0.9014678409480448,-0.7406801801655817,-0.6374781680070671,0.38310467914451085,0.3930208581359017,0,1,0,0,0,0,0,0,0,0,1,0,0
1.011021224396592,0.8768744853299358,0.007011446406886239,0.7953648834042969,1.257168950961131,0,0,0,0,0,1,0,0,0,0,1,0,0
-0.1364722148101901,-0.20149529166707583,0.007011446406886239,0.46618814840600414,0.8142667868187011,0,0,0,1,0,0,0,0,0,0,1,0,0
0.6285234113276646,0.8768744853299358,0.007011446406886239,-0.20443647747359742,0.8266954191368014,0,0,0,0,0,0,0,1,0,0,0,0,1
-0.9014678409480448,-0.7406801801655817,-0.7136502873134289,-1.356218257601206,-0.5446815550713782,0,1,0,0,0,0,0,0,0,0,1,0,0
0.6285234113276646,0.8768744853299358,0.007011446406886239,0.9109969292252249,0.9513413751219943,0,0,0,0,0,1,0,0,0,0,1,0,0
-0.5189700278791175,-0.7406801801655817,-0.5980787959520524,1.455567274759696,0.864627268125436,0,1,0,0,0,0,0,0,0,0,1,0,0
-0.5189700278791175,-0.7406801801655817,0.007011446406886239,0.9898911138466272,-0.2275755774538979,1,0,0,0,0,0,0,0,0,0,1,0,0
-0.1364722148101901,0.33768959683143,-0.20977609580985157,0.6607040688778932,-0.4728748717885069,0,1,0,0,0,0,0,0,0,0,1,0,0
-0.9014678409480448,-0.7406801801655817,0.007011446406886239,1.2851457551174559,0.1605128010956246,1,0,0,0,0,0,0,0,0,0,1,0,0
0.24602559825873724,-0.20149529166707583,-0.14060830931327015,1.1026879178069726,-0.1265474904069717,0,1,0,0,0,0,0,0,0,0,1,0,0
-0.1364722148101901,0.33768959683143,0.26870738925827187,-0.37510199974868974,-0.6731913345752463,0,1,0,0,0,0,0,0,0,0,1,0,0
-0.1364722148101901,-0.7406801801655817,0.007011446406886239,-0.6113446615423941,-0.04946718338334337,0,0,0,1,0,0,0,0,0,0,1,0,0
-0.1364722148101901,-0.7406801801655817,0.007011446406886239,0.5217050479167519,0.3610650561893347,1,0,0,0,0,0,0,0,0,0,1,0,0
-0.1364722148101901,8.483335059174191e-05,0.007011446406886239,-1.3743741154792775,-0.3212584369196599,0,0,0,0,0,0,0,1,0,0,0,0,1
-0.5189700278791175,-0.7406801801655817,-0.5293487802560822,0.8694878428340594,-0.06797985165716006,0,1,0,0,0,0,0,0,0,0,1,0,0
1.011021224396592,0.33768959683143,0.007011446406886239,0.6305920819901406,1.6506874876402515,0,0,0,0,0,1,0,0,0,0,1,0,0
-0.9014678409480448,-0.7406801801655817,0.007011446406886239,0.3444686378387704,0.4218479537563043,1,0,0,0,0,0,0,0,0,0,1,0,0
-0.5189700278791175,-0.20149529166707583,-0.4982670534126817,-0.5532811993423591,-0.49885958031303024,0,1,0,0,0,0,0,0,0,0,1,0,0
-0.5189700278791175,-0.7406801801655817,-0.5770657975227111,1.0356880023727675,0.0033413768757592803,1,0,0,0,0,0,0,0,0,0,1,0,0
-0.9014678409480448,-0.7406801801655817,0.007011446406886239,1.2851457551174559,0.1605128010956246,1,0,0,0,0,0,0,0,0,0,1,0,0
-0.5189700278791175,-0.20149529166707583,-0.46762309736989244,0.35480495594300954,-0.5211122316080222,0,0,0,0,0,0,0,1,0,0,0,0,1
-0.1364722148101901,-0.20149529166707583,-0.423846017308765,0.2192746672460424,0.824677314391329,1,0,0,0,0,0,0,0,0,0,1,0,0
0.6285234113276646,0.8768744853299358,0.007011446406886239,-1.4238230246323216,0.041780476541718806,0,0,0,0,0,1,0,0,0,0,1,0,0
-0.5189700278791175,0.33768959683143,0.007011446406886239,0.638600637888104,-0.26762658503393005,1,0,0,0,0,0,0,0,0,0,1,0,0
-0.1364722148101901,-0.20149529166707583,-0.2995191099351629,-0.9455664087241407,-1.9202136256478382,0,0,0,1,0,0,0,0,0,0,1,0,0
-0.5189700278791175,-0.7406801801655817,-0.6624311036419098,0.3313050967398294,0.6847137749648048,0,1,0,0,0,0,0,0,0,0,1,0,0
-0.5189700278791175,-0.20149529166707583,0.007011446406886239,0.5944098136401238,-0.3487460737204052,0,1,0,0,0,0,0,0,0,0,1,0,0
-0.1364722148101901,8.483335059174191e-05,0.007011446406886239,1.6572096758839832,0.4950109381666043,0,0,0,0,0,1,0,0,0,0,1,0,0
-0.9014678409480448,-0.7406801801655817,-0.5332887174615837,-0.8675439893778625,-1.3087457208017659,1,0,0,0,0,0,0,0,0,0,1,0,0
-0.5189700278791175,-0.20149529166707583,-0.3170299419596139,-1.4388022660742734,-1.6531719028674638,0,0,0,1,0,0,0,0,0,0,1,0,0
-0.9014678409480448,-0.7406801801655817,0.007011446406886239,0.06249667510264874,0.9564376592705984,1,0,0,0,0,0,0,0,0,0,1,0,0
0.6285234113276646,1.9552442623269475,0.6710187550200335,-0.23980425816193482,-0.5846998687600692,0,1,0,0,0,0,0,0,0,0,1,0,0
-0.5189700278791175,-0.7406801801655817,-0.46762309736989244,-1.518115722825377,-0.12186731032953377,1,0,0,0,0,0,0,0,0,0,1,0,0
0.24602559825873724,0.33768959683143,-0.12090862328576277,-0.9094333991216065,0.3728239590974657,0,0,0,0,0,1,0,0,0,0,1,0,0
-0.5189700278791175,-0.7406801801655817,-0.46762309736989244,-1.5584128149181615,-0.3067750430689238,1,0,0,0,0,0,0,0,0,0,1,0,0
-0.1364722148101901,-0.7406801801655817,0.007011446406886239,0.13616370473022918,-0.5933786108170873,1,0,0,0,0,0,0,0,0,0,1,0,0
-0.5189700278791175,-0.7406801801655817,0.007011446406886239,0.7735879348105639,-0.4025691353341578,1,0,0,0,0,0,0,0,0,0,1,0,0
-0.9014678409480448,-0.7406801801655817,0.007011446406886239,0.5135555890900225,0.657484717122605,1,0,0,0,0,0,0,0,0,0,1,0,0
0.6285234113276646,8.483335059174191e-05,1.3714520359980733,-1.2224211894840458,-1.537820919254324,0,0,0,1,0,0,0,0,0,0,1,0,0
2.541012476672301,4.111983816320971,1.9103478915505525,0.2834977639853087,-0.5281869915428933,0,0,0,0,0,0,1,0,0,0,1,0,0
-0.1364722148101901,0.33768959683143,0.36414142379152975,0.7561469015470078,-0.45110866596724636,0,0,0,0,0,0,0,1,0,0,1,0,0
-0.5189700278791175,-0.7406801801655817,-0.5442329874768655,0.10773567967480081,0.8346598492049022,1,0,0,0,0,0,0,0,0,0,1,0,0
1.011021224396592,-0.20149529166707583,-0.3030212763400531,-0.46124065690597593,0.7368872811532605,0,0,0,0,0,0,0,1,0,1,0,0,0
1.011021224396592,0.8768744853299358,0.007011446406886239,1.987676302734821,1.087037866370345,0,0,0,0,0,1,0,0,0,0,1,0,0
-0.9014678409480448,-0.20149529166707583,-0.4855717001949547,-1.7607883694932858,-2.4131225826364764,0,0,0,0,0,0,1,0,0,0,1,0,0
0.24602559825873724,-0.20149529166707583,0.007011446406886239,-0.978881359750134,0.08341168886840279,0,0,0,1,0,0,0,0,0,0,1,0,0
-0.1364722148101901,0.33768959683143,-0.4080862684867591,0.6151213986257248,1.0937143552657418,0,1,0,0,0,0,0,0,0,0,1,0,0
-0.5189700278791175,-0.7406801801655817,-0.47637851338211795,-1.1169834132863106,-0.9503503306303803,0,1,0,0,0,0,0,0,0,0,1,0,0
-0.1364722148101901,-0.20149529166707583,-0.3516138352079046,-0.8629159582195494,-2.2069846257485293,0,0,0,0,0,0,1,0,0,0,1,0,0
2.158514663603374,0.33768959683143,0.007011446406886239,-0.5390683323668845,0.4721697968278947,0,0,0,0,0,0,0,1,0,0,0,0,1
-0.1364722148101901,-0.7406801801655817,0.007011446406886239,-0.27364158102163433,0.9255538206694379,0,0,0,1,0,0,0,0,0,0,1,0,0
-0.1364722148101901,-0.7406801801655817,-0.7302855777366574,0.09705798699502453,0.9164054754461783,1,0,0,0,0,0,0,0,0,0,1,0,0
0.24602559825873724,-0.20149529166707583,0.007011446406886239,-0.41994922544554175,0.7855882997950732,0,0,0,1,0,0,0,0,0,0,1,0,0
0.24602559825873724,-0.20149529166707583,-0.051740836789181344,-0.02758268185275507,0.919255788334124,0,0,0,1,0,0,0,0,0,0,1,0,0
-0.9014678409480448,-0.7406801801655817,-0.51140017743102,-1.0272500131154838,-0.7907922523448667,1,0,0,0,0,0,0,0,0,0,1,0,0
-0.5189700278791175,-0.20149529166707583,-0.46762309736989244,-1.162865072680134,-0.9287386777498386,0,0,0,0,0,0,0,1,0,0,0,0,1
0.24602559825873724,0.33768959683143,0.007011446406886239,2.1954771928459778,0.3163289149119815,0,0,0,0,0,0,0,1,0,0,0,0,1
-0.5189700278791175,-0.20149529166707583,-0.6208428775838387,0.4676200887395955,1.1875616749119888,0,1,0,0,0,0,0,0,0,0,1,0,0
0.24602559825873724,0.8768744853299358,1.0645747047695695,-0.38768703695284157,-0.5582435756216045,0,0,0,0,0,0,1,0,0,0,1,0,0
-0.5189700278791175,-0.7406801801655817,0.007011446406886239,0.4135889705190428,0.5015021616777816,1,0,0,0,0,0,0,0,0,0,1,0,0
0.24602559825873724,0.8768744853299358,0.10147894342476486,-2.2566108838620274,-2.929281849967126,0,0,0,0,0,1,0,0,0,0,1,0,0
-0.1364722148101901,-0.20149529166707583,0.08484365300153641,-1.9963872309130386,-2.3699270171467104,0,0,0,1,0,0,0,0,0,0,1,0,0
0.24602559825873724,-0.20149529166707583,0.007011446406886239,-0.1993800097675035,0.13414369166735596,0,0,0,0,0,0,1,0,0,0,1,0,0
-0.1364722148101901,0.33768959683143,-0.1414838509144927,0.1774505539815422,-0.5744874859831879,0,0,0,0,0,1,0,0,0,0,1,0,0
0.6285234113276646,8.483335059174191e-05,0.007011446406886239,0.651843222093408,-0.2245399991818737,1,0,0,0,0,0,0,0,0,0,1,0,0
-0.9014678409480448,-0.7406801801655817,0.007011446406886239,0.5992028043248446,-0.27958759563391106,0,0,0,0,0,0,0,1,0,0,0,0,1
-0.9014678409480448,-0.7406801801655817,-0.6974527676908118,0.12238729316849745,0.7150695576850468,0,1,0,0,0,0,0,0,0,0,1,0,0
1.3935190374655193,1.9552442623269475,0.007011446406886239,1.0626210817198398,0.02801733902384428,0,0,0,0,0,0,1,0,0,0,1,0,0
0.6285234113276646,8.483335059174191e-05,0.8303673264425375,0.37206613750067674,-0.6102169555663324,0,0,0,0,0,0,1,0,0,0,1,0,0
1.3935190374655193,1.9552442623269475,1.2177944849835158,-2.2380128428088932,-2.7993345299695775,0,0,0,1,0,0,0,0,0,0,1,0,0
-0.9014678409480448,-0.7406801801655817,-0.7224057033256545,-1.453403475268207,-0.09491268302959001,0,1,0,0,0,0,0,0,0,0,1,0,0
-0.9014678409480448,-0.7406801801655817,-0.6930750596846991,0.4332065530896674,2.2149018215782394,1,0,0,0,0,0,0,0,0,0,1,0,0
-0.1364722148101901,-0.20149529166707583,0.007011446406886239,-0.5030315491547548,1.1940390282874371,0,0,0,1,0,0,0,0,0,0,1,0,0
-0.1364722148101901,-0.20149529166707583,0.0397532605385751,-2.1142805969087997,-2.2459527720193275,0,0,0,0,0,0,0,1,0,0,0,0,1
0.6285234113276646,-0.20149529166707583,-0.017594714341501904,-0.5812063269525205,-0.12439365647639239,0,0,0,0,0,0,0,1,0,0,0,0,1
0.24602559825873724,0.33768959683143,-0.3135277755547237,-0.1132218782216966,0.20603557721230106,0,0,0,1,0,0,0,0,0,0,1,0,0
-0.9014678409480448,-0.7406801801655817,-0.7040193296999809,0.48780013747332934,-0.2400240242515307,0,1,0,0,0,0,0,0,0,0,1,0,0
-0.5189700278791175,-0.20149529166707583,-0.44179462013382725,-1.450486899196701,-2.2020409130928034,0,0,0,0,0,0,1,0,0,0,1,0,0
0.24602559825873724,-0.20149529166707583,-0.33629185718651,0.10501957524998447,1.1759375104649035,0,0,0,1,0,0,0,0,0,0,1,0,0
1.3935190374655193,0.33768959683143,0.007011446406886239,-0.22362906015328202,1.8196247498361122,0,0,0,0,0,1,0,0,0,0,1,0,0
-0.5189700278791175,-0.7406801801655817,0.007011446406886239,-0.09877188192705143,1.0722433851901898,1,0,0,0,0,0,0,0,0,0,1,0,0
-0.9014678409480448,-0.7406801801655817,-0.5770657975227111,-1.5588721813771844,-0.29843116571667927,0,1,0,0,0,0,0,0,0,0,1,0,0
0.24602559825873724,0.8768744853299358,-0.0298522967586176,-1.86341839708484,-2.399541738330638,0,0,0,1,0,0,0,0,0,0,1,0,0
1.011021224396592,-0.20149529166707583,0.5786491160910544,-0.5603950789197554,0.7409839248070047,0,0,0,0,0,1,0,0,0,0,1,0,0
-0.5189700278791175,-0.20149529166707583,-0.3135277755547237,0.7622778972793947,-0.13898107634495518,0,1,0,0,0,0,0,0,0,0,1,0,0
-0.1364722148101901,-0.20149529166707583,0.007011446406886239,0.2982765337805707,0.9040422309107602,0,0,0,1,0,0,0,0,0,0,1,0,0
-0.5189700278791175,-0.7406801801655817,-0.7215301617244319,0.8366929725372932,-0.38328172090862467,0,0,0,0,0,0,0,1,0,1,0,0,0
-0.9014678409480448,-0.7406801801655817,0.007011446406886239,0.44985371863226353,0.5943191283858091,1,0,0,0,0,0,0,0,0,0,1,0,0
-0.1364722148101901,-0.20149529166707583,-0.3047723595424982,-1.08253780217286,-0.9603903274348511,0,0,0,0,0,0,0,1,0,0,0,0,1
1.7760168505344465,1.9552442623269475,0.8019122244028046,-1.2083572443032993,-0.6870713775226155,0,0,0,0,0,1,0,0,0,0,1,0,0
1.011021224396592,8.483335059174191e-05,0.007011446406886239,1.8108511459205787,0.9856045732159392,0,0,0,0,0,1,0,0,0,0,1,0,0
-0.5189700278791175,-0.20149529166707583,-0.48688501259678857,-1.2666429436431867,-0.7184030233623628,0,0,0,1,0,0,0,0,0,0,1,0,0
-0.1364722148101901,-0.20149529166707583,-0.07362937681974509,-0.5514861189400678,-0.34104616695465345,1,0,0,0,0,0,0,0,0,0,1,0,0
-0.5189700278791175,-0.20149529166707583,0.007011446406886239,0.8070609720493647,1.641311275901806,1,0,0,0,0,0,0,0,0,0,1,0,0
-0.1364722148101901,8.483335059174191e-05,0.007011446406886239,1.5061101863275537,0.7277845092331506,0,0,0,0,1,0,0,0,0,0,1,0,0
-0.9014678409480448,-0.7406801801655817,-0.5989543375532749,0.25965423910203084,0.7238988897871024,1,0,0,0,0,0,0,0,0,0,1,0,0
-0.1364722148101901,-0.7406801801655817,0.007011446406886239,1.2295074270663815,-0.14077131457524186,1,0,0,0,0,0,0,0,0,0,1,0,0
-0.1364722148101901,-0.20149529166707583,-0.5008936782163493,-1.58188976307598,-1.5107909969319318,0,0,0,1,0,0,0,0,0,0,1,0,0
1.3935190374655193,8.483335059174191e-05,0.007011446406886239,-1.0059163932490125,0.3087587929875331,0,0,0,1,0,0,0,0,0,0,1,0,0
-0.5189700278791175,-0.20149529166707583,0.007011446406886239,0.23101657798183323,-0.5227310745899594,1,0,0,0,0,0,0,0,0,0,1,0,0
0.24602559825873724,0.33768959683143,0.4070429622514347,-1.5811566096251428,-1.7919247775914322,0,0,0,0,0,0,0,1,0,0,0,1,0
-0.1364722148101901,-0.20149529166707583,0.007011446406886239,0.7643547835392992,1.5780594941787345,1,0,0,0,0,0,0,0,0,0,1,0,0
-0.1364722148101901,-0.20149529166707583,-0.20496061700312754,-1.201823014172891,0.016529894485926806,0,0,0,1,0,0,0,0,0,0,1,0,0
-0.9014678409480448,-0.7406801801655817,-0.51140017743102,0.5695295639553141,-0.5178765270922702,1,0,0,0,0,0,0,0,0,0,1,0,0
-0.9014678409480448,-0.7406801801655817,0.007011446406886239,-0.19411161489207976,-0.524698652412399,0,0,0,0,0,0,0,1,0,0,0,0,1
-0.1364722148101901,8.483335059174191e-05,-0.283759361113157,-0.4355665395002064,0.5841929385952035,0,0,0,1,0,0,0,0,0,0,1,0,0
-0.1364722148101901,8.483335059174191e-05,-0.10777549926742452,-1.4119253187882839,-2.089054787617798,0,0,0,1,0,0,0,0,0,0,1,0,0
0.24602559825873724,-0.20149529166707583,-0.3590559388182963,1.4790281851857532,1.0956868867080645,0,0,0,0,0,0,0,1,0,0,0,0,1
-0.5189700278791175,-0.20149529166707583,0.007011446406886239,0.8107473592442701,-0.4041612287685572,1,0,0,0,0,0,0,0,0,0,1,0,0
0.6285234113276646,0.33768959683143,-0.16118353694200005,-0.9191545556584942,0.1412769043170447,0,0,0,1,0,0,0,0,0,0,1,0,0
1.011021224396592,1.4160593738284417,0.14525602348589234,-0.4818525788443315,1.4494308277973902,0,0,0,0,0,1,0,0,0,0,1,0,0
1.011021224396592,0.8768744853299358,0.007011446406886239,0.038361034391316315,0.9131499564508939,0,0,0,1,0,0,0,0,0,0,1,0,0
1.011021224396592,0.8768744853299358,0.007011446406886239,-0.8316710201398604,-1.4005263902276295,0,0,0,0,0,0,0,1,0,0,0,0,1
0.6285234113276646,-0.20149529166707583,0.007011446406886239,-0.8196873978758592,-0.30636092044559826,0,0,0,1,0,0,0,0,0,0,1,0,0
-0.5189700278791175,-0.20149529166707583,0.007011446406886239,0.7798964911443603,-0.3848530091395714,1,0,0,0,0,0,0,0,0,0,1,0,0
1.3935190374655193,-0.20149529166707583,0.007011446406886239,-0.43995515023470694,0.5899956089409402,0,0,0,0,0,1,0,0,0,0,1,0,0
-0.5189700278791175,-0.20149529166707583,-0.51140017743102,0.4029971942592299,-0.298521321598777,1,0,0,0,0,0,0,0,0,0,1,0,0
-0.1364722148101901,-0.20149529166707583,-0.458867681357667,-1.460288244392232,-2.03292829275263,0,0,0,1,0,0,0,0,0,0,1,0,0
-0.9014678409480448,-0.7406801801655817,0.007011446406886239,0.1529758297992332,0.937957684887982,1,0,0,0,0,0,0,0,0,0,1,0,0
-0.1364722148101901,-0.20149529166707583,-0.047363128783068593,0.58536453294071,-0.273461949270867,0,1,0,0,0,0,0,0,0,0,1,0,0
-0.9014678409480448,-0.7406801801655817,-0.46105653536072333,0.06277733540806325,1.028962617438209,1,0,0,0,0,0,0,0,0,0,1,0,0
0.24602559825873724,0.8768744853299358,0.12074085865166095,-1.6885108947654144,-1.6173740733297355,0,0,0,1,0,0,0,0,0,0,1,0,0
0.24602559825873724,8.483335059174191e-05,3.048551973139867,0.3314379808027962,-0.5538705199777637,0,0,0,0,0,0,1,0,0,0,1,0,0
1.7760168505344465,0.33768959683143,-0.08413587603441568,-0.46837744752873384,0.20956156385401953,0,0,0,0,0,0,0,1,0,1,0,0,0
-0.5189700278791175,-0.7406801801655817,-0.5551772574921474,-0.7526359325896107,-1.4160837288717536,1,0,0,0,0,0,0,0,0,0,1,0,0
2.9235102897412286,1.9552442623269475,0.007011446406886239,0.32725786058086603,0.5704506062807817,0,0,0,0,0,1,0,0,0,0,1,0,0
1.011021224396592,-0.20149529166707583,0.007011446406886239,0.5958543550487169,0.2573392277472003,0,0,0,0,0,0,1,0,0,0,1,0,0
-0.1364722148101901,0.33768959683143,-0.3148410879565575,0.7962171742909002,-0.0805868142914745,0,1,0,0,0,0,0,0,0,0,1,0,0
0.6285234113276646,1.4160593738284417,0.007011446406886239,-1.1718748412593472,0.35335326073583534,0,0,0,1,0,0,0,0,0,0,1,0,0
-0.5189700278791175,-0.20149529166707583,0.007011446406886239,0.6284350070715927,-0.2732400270996253,1,0,0,0,0,0,0,0,0,0,1,0,0
1.011021224396592,0.8768744853299358,0.7362466043111134,2.2592672708282606,0.3970303180793091,0,0,0,0,0,1,0,0,0,0,1,0,0
-0.5189700278791175,-0.7406801801655817,-0.51140017743102,0.5481031543551976,0.11264498132034609,1,0,0,0,0,0,0,0,0,0,1,0,0
-0.5189700278791175,-0.20149529166707583,-0.3546782308121835,-1.019790176753429,0.32166891715948187,0,0,0,0,0,0,0,1,0,0,0,0,1
1.3935190374655193,1.4160593738284417,0.007011446406886239,0.6353014473593773,-0.20147099132797822,0,0,0,0,0,0,1,0,0,0,1,0,0
-0.9014678409480448,-0.7406801801655817,0.007011446406886239,-0.63334499282826,-0.40279898329732505,0,0,0,0,0,0,0,1,0,0,0,0,1
-0.9014678409480448,-0.7406801801655817,-0.6046453579612215,0.05771055773152816,-0.4507133670995329,0,1,0,0,0,0,0,0,0,0,1,0,0
0.6285234113276646,-0.20149529166707583,0.25469872363871104,1.2645681997471019,1.233284577272393,0,0,0,0,0,1,0,0,0,0,1,0,0
-0.1364722148101901,0.8768744853299358,0.12249194185410606,-1.0634196803905802,-2.163812837634399,0,0,0,0,0,1,0,0,0,0,1,0,0
0.24602559825873724,0.8768744853299358,0.8299295556419263,0.5820298302917828,-0.32277622605567197,0,1,0,0,0,0,0,0,0,0,1,0,0
-0.9014678409480448,-0.7406801801655817,0.007011446406886239,0.7903416367139243,1.4045847161585476,1,0,0,0,0,0,0,0,0,0,1,0,0
-0.1364722148101901,-0.20149529166707583,-0.2947036311284389,-1.1410892696386812,-1.4518993914408922,0,0,0,0,0,0,0,1,0,1,0,0,0
-0.5189700278791175,-0.20149529166707583,-0.423846017308765,-1.5689759523712112,-0.12234583001148042,1,0,0,0,0,0,0,0,0,0,1,0,0
0.6285234113276646,0.33768959683143,0.007011446406886239,-0.03214656208410462,0.35452925009906866,0,0,0,0,0,1,0,0,0,0,1,0,0
-0.5189700278791175,-0.20149529166707583,-0.5972032543508298,-1.0173868080974682,-2.084055594419156,0,0,0,1,0,0,0,0,0,0,1,0,0
-0.1364722148101901,-0.20149529166707583,-0.4938893454065689,-1.7921879571289416,-2.050084659899018,0,0,0,0,0,0,0,1,0,0,0,0,1
-0.1364722148101901,-0.7406801801655817,-0.5332887174615837,0.5712467468034411,1.244280622716696,1,0,0,0,0,0,0,0,0,0,1,0,0
-0.1364722148101901,-0.20149529166707583,-0.25223986346914523,-2.0577292637009994,-2.5735643867114164,0,0,0,0,0,0,0,1,0,1,0,0,0
2.9235102897412286,1.9552442623269475,0.007011446406886239,1.5898981702332025,0.562837883225226,0,0,0,0,0,1,0,0,0,0,1,0,0
-0.9014678409480448,-0.7406801801655817,-0.5989543375532749,-1.0972065989505169,-0.2784958178088313,1,0,0,0,0,0,0,0,0,0,1,0,0
-0.1364722148101901,-0.20149529166707583,0.007011446406886239,0.4277537242992337,0.3948437902573887,1,0,0,0,0,0,0,0,0,0,1,0,0
-0.1364722148101901,-0.20149529166707583,0.007011446406886239,0.3937835173765674,-0.37326252930774745,1,0,0,0,0,0,0,0,0,0,1,0,0
0.24602559825873724,-0.20149529166707583,0.22668139239958948,1.1367085290293204,1.342712022214339,0,0,0,1,0,0,0,0,0,0,1,0,0
0.24602559825873724,0.8768744853299358,-0.33191414918039724,-1.2205917425138344,-2.151425815723345,0,0,0,1,0,0,0,0,0,0,1,0,0
-0.5189700278791175,-0.7406801801655817,-0.5551772574921474,1.4033335280458321,0.761154074297903,1,0,0,0,0,0,0,0,0,0,1,0,0
0.6285234113276646,0.8768744853299358,-0.3625581052231865,-0.20108230043614955,-0.29906126616744305,0,0,0,0,0,1,0,0,0,0,1,0,0
-0.5189700278791175,-0.7406801801655817,-0.6147140863752808,0.4448934773165742,2.231082325605122,1,0,0,0,0,0,0,0,0,0,1,0,0
-0.5189700278791175,-0.20149529166707583,0.007011446406886239,0.4093114783544278,-0.3682663082810073,0,0,0,0,0,0,0,1,0,0,0,0,1
-0.9014678409480448,-0.7406801801655817,-0.5770657975227111,-0.7695007530629382,-0.31932553443640194,0,0,0,0,0,0,0,1,0,0,0,0,1
-0.1364722148101901,-0.20149529166707583,-0.406335185284314,-1.2644423377384764,-0.6991740616516474,0,0,0,1,0,0,0,0,0,0,1,0,0
-0.1364722148101901,-0.7406801801655817,0.007011446406886239,0.5906730221455367,-0.42986159951105835,1,0,0,0,0,0,0,0,0,0,1,0,0
-0.1364722148101901,-0.20149529166707583,0.007011446406886239,0.049093713579895205,1.4702607994584918,0,0,0,1,0,0,0,0,0,0,1,0,0
-0.5189700278791175,-0.7406801801655817,0.007011446406886239,0.4537016286968174,1.198343723976694,1,0,0,0,0,0,0,0,0,0,1,0,0
-0.5189700278791175,-0.20149529166707583,0.007011446406886239,0.2695644117629683,-0.6165754220643047,1,0,0,0,0,0,0,0,0,0,1,0,0
-0.9014678409480448,-0.7406801801655817,-0.6536756876296843,1.6527133832363565,0.09531721892560859,1,0,0,0,0,0,0,0,0,0,1,0,0
-0.1364722148101901,-0.20149529166707583,-0.29251477712538254,-1.9056972945993234,-2.6550038792431567,0,0,0,0,0,1,0,0,0,0,1,0,0
0.24602559825873724,0.33768959683143,0.007011446406886239,2.2283877639217504,0.42884444649696596,0,0,0,0,0,0,1,0,0,0,1,0,0
-0.9014678409480448,-0.7406801801655817,-0.5039580738206283,-1.5542945545186342,0.8242176184649944,1,0,0,0,0,0,0,0,0,0,1,0,0
-0.5189700278791175,-0.7406801801655817,-0.6230317315868951,0.43462703790061863,0.5666353282371579,1,0,0,0,0,0,0,0,0,0,1,0,0
-0.5189700278791175,-0.20149529166707583,-0.3765667708427473,0.6893634954912535,-0.21231050238358087,0,1,0,0,0,0,0,0,0,0,1,0,0
0.24602559825873724,1.4160593738284417,0.40791850385265727,0.3484368308913707,0.7826428774051467,0,0,0,0,0,1,0,0,0,0,1,0,0
0.24602559825873724,-0.20149529166707583,-0.13010181009859953,-2.164762794206535,-2.6780609984093044,0,0,0,0,0,0,0,1,0,1,0,0,0
-0.1364722148101901,-0.7406801801655817,-0.6344137724027882,0.27577101394504017,0.9391297113553934,1,0,0,0,0,0,0,0,0,0,1,0,0
-0.5189700278791175,-0.7406801801655817,-0.6427314176144024,-1.079235174987374,-0.28598866326299066,1,0,0,0,0,0,0,0,0,0,1,0,0
-0.5189700278791175,-0.7406801801655817,0.007011446406886239,0.07193717133420341,1.0107897674891897,1,0,0,0,0,0,0,0,0,0,1,0,0
-0.1364722148101901,0.33768959683143,0.5830268240971672,0.3616817062012353,-0.5017227726126438,1,0,0,0,0,0,0,0,0,0,1,0,0
-0.5189700278791175,-0.7406801801655817,-0.5332887174615837,-1.4465782748620244,-0.2914515152837891,1,0,0,0,0,0,0,0,0,0,1,0,0
-0.1364722148101901,-0.20149529166707583,-0.4028330188794238,-1.393263126808186,-2.070297410521024,0,0,0,1,0,0,0,0,0,0,1,0,0
-0.1364722148101901,-0.20149529166707583,-0.35818039721707373,0.5377760006691195,1.1491156401781648,1,0,0,0,0,0,0,0,0,0,1,0,0
-0.9014678409480448,-0.7406801801655817,-0.658053395635797,1.1146509201301729,-0.03226623365786672,0,1,0,0,0,0,0,0,0,0,1,0,0
2.541012476672301,8.483335059174191e-05,1.3272371851363345,-0.9991496160083918,-0.6523801866697568,0,0,0,0,0,1,0,0,0,0,1,0,0
1.011021224396592,1.4160593738284417,0.007011446406886239,0.19460405362608335,0.8113669377317837,0,0,0,0,0,1,0,0,0,0,1,0,0
2.158514663603374,0.8768744853299358,0.6793364002316477,1.2472795249350335,0.8930075472313128,0,0,0,0,0,1,0,0,0,0,1,0,0
-0.9014678409480448,-0.20149529166707583,-0.6252205855899514,2.278274274040655,0.392715715150286,1,0,0,0,0,0,0,0,0,0,1,0,0
-0.1364722148101901,-0.20149529166707583,-0.4601809937595008,0.32333663517126915,-0.33618468438909976,0,1,0,0,0,0,0,0,0,0,1,0,0
-0.1364722148101901,-0.20149529166707583,-0.41333951809409436,1.822085577002063,0.8143777479042515,0,0,0,1,0,0,0,0,0,0,1,0,0
0.6285234113276646,0.33768959683143,0.5917822401093927,1.2698743978474496,0.6465213655696432,0,0,0,0,0,1,0,0,0,0,1,0,0
1.011021224396592,-0.20149529166707583,0.06207957136975012,1.2668237921606964,0.7776228790029114,0,0,0,0,0,1,0,0,0,0,1,0,0
-0.9014678409480448,-0.20149529166707583,-0.46937418057233754,-0.3020283661953793,0.6578076931397717,0,1,0,0,0,0,0,0,0,0,1,0,0
0.24602559825873724,0.8768744853299358,0.1688956467189012,-2.4311621194264346,-2.971072568854412,0,0,0,0,0,1,0,0,0,0,1,0,0
0.24602559825873724,-0.20149529166707583,0.027057907320848132,-1.8394225137500746,-2.2105066494942847,0,0,0,1,0,0,0,0,0,0,1,0,0
-0.5189700278791175,-0.20149529166707583,-0.35818039721707373,0.7468908392303817,-0.42561436581255807,1,0,0,0,0,0,0,0,0,0,1,0,0
-0.1364722148101901,-0.20149529166707583,0.007011446406886239,0.014700797870768115,0.5786201162126342,0,0,0,1,0,0,0,0,0,0,1,0,0
1.011021224396592,1.4160593738284417,0.6057909057289534,0.16572697208207318,-0.5929238685106358,0,0,0,0,0,0,1,0,0,0,1,0,0
2.541012476672301,1.4160593738284417,0.007011446406886239,0.636309533354309,1.6946300590101353,0,0,0,0,0,1,0,0,0,0,1,0,0
-0.1364722148101901,-0.20149529166707583,-0.46762309736989244,2.230418828090932,0.4453112697538521,1,0,0,0,0,0,0,0,0,0,1,0,0
-0.5189700278791175,-0.20149529166707583,-0.27106400789543006,0.5034655647231963,2.238121419476891,1,0,0,0,0,0,0,0,0,0,1,0,0
-0.9014678409480448,-0.7406801801655817,-0.5989543375532749,-1.3504057253989135,-0.08458537627119542,1,0,0,0,0,0,0,0,0,0,1,0,0
-0.9014678409480448,-0.7406801801655817,-0.5442329874768655,1.7098913335341483,0.4313747555396466,1,0,0,0,0,0,0,0,0,0,1,0,0
-0.1364722148101901,-0.20149529166707583,0.39084544262881754,-1.4895250293481013,-2.1296160180470567,0,0,0,0,0,1,0,0,0,0,1,0,0
-0.1364722148101901,-0.20149529166707583,-0.48688501259678857,-0.43080447872672767,1.4597888469991447,0,0,0,1,0,0,0,0,0,0,1,0,0
-0.9014678409480448,-0.7406801801655817,-0.6313493767985092,-0.0683334126432426,-0.715538840338829,0,1,0,0,0,0,0,0,0,0,1,0,0
-0.5189700278791175,-0.7406801801655817,-0.6339760016021769,0.5450250554140432,-0.40342214868022436,0,1,0,0,0,0,0,0,0,0,1,0,0
-0.1364722148101901,-0.20149529166707583,0.007011446406886239,0.46056806898460206,1.1944779190101782,0,1,0,0,0,0,0,0,0,0,1,0,0
0.6285234113276646,1.4160593738284417,1.3605077659827913,0.06911911275758105,-0.6094887734416861,0,1,0,0,0,0,0,0,0,0,1,0,0
-0.1364722148101901,-0.20149529166707583,-0.4058974144837027,-1.253744025117899,-0.3302026930032288,0,1,0,0,0,0,0,0,0,0,1,0,0
-0.1364722148101901,-0.20149529166707583,0.8894663845250597,0.05935213413005156,-0.6299521772304525,1,0,0,0,0,0,0,0,0,0,1,0,0
-0.5189700278791175,-0.7406801801655817,-0.51140017743102,1.9254189736855738,0.2435384427179608,1,0,0,0,0,0,0,0,0,0,1,0,0
-0.9014678409480448,-0.7406801801655817,0.007011446406886239,1.8675009966233445,0.6697261026086454,1,0,0,0,0,0,0,0,0,0,1,0,0
-0.9014678409480448,-0.7406801801655817,-0.6208428775838387,0.19229003804700823,1.1312261372871066,1,0,0,0,0,0,0,0,0,0,1,0,0
-0.9014678409480448,-0.7406801801655817,0.007011446406886239,0.46158302829305264,-0.21437219898422186,1,0,0,0,0,0,0,0,0,0,1,0,0
1.7760168505344465,4.111983816320971,6.055161831738103,0.7165680707255795,-0.20888259741588575,0,0,0,0,0,0,0,1,0,0,0,0,1
-0.1364722148101901,-0.7406801801655817,-0.6370403972064558,0.27577101394504017,0.9391297113553934,1,0,0,0,0,0,0,0,0,0,1,0,0
-0.5189700278791175,-0.7406801801655817,0.007011446406886239,-0.04617155848772842,-0.15889165615338763,0,0,0,0,0,0,0,1,0,0,0,0,1
-0.1364722148101901,-0.20149529166707583,0.007011446406886239,-0.1893438263571996,2.0831910128978013,0,0,0,1,0,0,0,0,0,0,1,0,0
-0.5189700278791175,-0.20149529166707583,-0.6335382308015657,0.18656800447380012,0.6921699636316602,0,1,0,0,0,0,0,0,0,0,1,0,0
-0.5189700278791175,-0.20149529166707583,-0.33629185718651,0.8417586046614667,-0.37504880464207135,1,0,0,0,0,0,0,0,0,0,1,0,0
-0.9014678409480448,-0.7406801801655817,0.007011446406886239,0.23094211708442852,-0.5401638537265847,0,0,0,0,0,0,0,1,0,0,0,0,1
0.6285234113276646,0.8768744853299358,0.007011446406886239,-0.34581824714989856,1.4348612409605193,0,0,0,1,0,0,0,0,0,0,1,0,0
-0.9014678409480448,-0.7406801801655817,-0.6602422496388534,-1.2159820401917618,-0.1676100271696113,1,0,0,0,0,0,0,0,0,0,1,0,0
0.6285234113276646,0.8768744853299358,0.8019122244028046,0.7448334273590792,-0.20091519517574252,1,0,0,0,0,0,0,0,0,0,1,0,0
1.011021224396592,1.4160593738284417,0.2835915964790552,-2.3508795254575223,-3.0232847132781533,0,0,0,0,0,1,0,0,0,0,1,0,0
-0.1364722148101901,-0.20149529166707583,-0.20496061700312754,1.9238965347228165,0.7934397873295013,0,0,0,0,0,1,0,0,0,0,1,0,0
-0.1364722148101901,-0.20149529166707583,0.007011446406886239,-0.42907927701272003,1.407358743299984,0,0,0,1,0,0,0,0,0,0,1,0,0
0.24602559825873724,0.33768959683143,0.013924783302509887,-1.092908486845101,0.37155583240415324,0,0,0,1,0,0,0,0,0,0,1,0,0
1.011021224396592,0.8768744853299358,0.5129834959993632,-0.5090388252423358,-0.38033629851869816,0,0,0,0,0,0,1,0,0,0,1,0,0
0.24602559825873724,0.8768744853299358,0.18903310354701983,0.5767568532072379,-0.1858591628649993,1,0,0,0,0,0,0,0,0,0,1,0,0
-0.9014678409480448,-0.7406801801655817,-0.6348515432033994,-1.0696182637067715,-1.6749341457927616,0,1,0,0,0,0,0,0,0,0,1,0,0
-0.5189700278791175,-0.7406801801655817,0.007011446406886239,0.490924058505207,1.758654605436942,1,0,0,0,0,0,0,0,0,0,1,0,0
-0.1364722148101901,-0.7406801801655817,0.007011446406886239,0.7049109308575532,0.32281815697531824,1,0,0,0,0,0,0,0,0,0,1,0,0
0.6285234113276646,0.8768744853299358,0.5830268240971672,-1.9253366426630292,-2.405894260484807,0,0,0,1,0,0,0,0,0,0,1,0,0
1.011021224396592,1.4160593738284417,0.007011446406886239,-0.47063991325584725,1.5017915808180469,0,0,0,0,0,1,0,0,0,0,1,0,0
-0.1364722148101901,-0.20149529166707583,-0.3503005228060708,0.5333335489780966,0.5926121109697556,0,0,0,1,0,0,0,0,0,0,1,0,0
-0.1364722148101901,-0.20149529166707583,-0.283759361113157,-1.4437098119857206,-1.537820919254324,0,0,0,0,0,0,0,1,0,0,0,0,1
-0.9014678409480448,-0.7406801801655817,-0.6077097535655004,-1.5834030376205763,-0.24688082491112284,1,0,0,0,0,0,0,0,0,0,1,0,0
-0.5189700278791175,-0.20149529166707583,-0.5267221554524145,0.24596718061710335,-0.5178260001692373,0,1,0,0,0,0,0,0,0,0,1,0,0
-0.1364722148101901,0.33768959683143,-0.0386077127708431,-1.8195059420377135,-2.1909656097300894,0,0,0,0,0,0,0,1,0,1,0,0,0
-0.1364722148101901,-0.7406801801655817,0.007011446406886239,0.05639890038598324,1.2948372673713369,0,1,0,0,0,0,0,0,0,0,1,0,0
1.011021224396592,0.8768744853299358,0.02399351171656921,1.2008651837370627,0.4596222776323183,0,0,0,1,0,0,0,0,0,0,1,0,0
-0.9014678409480448,-0.7406801801655817,0.007011446406886239,0.6096674242830108,1.9363112293730875,1,0,0,0,0,0,0,0,0,0,1,0,0
-0.9014678409480448,-0.7406801801655817,-0.5240955306487469,-0.4734006942191064,-0.2106024942436071,0,1,0,0,0,0,0,0,0,0,1,0,0
-0.5189700278791175,-0.20149529166707583,-0.5538639450903136,1.1783321706471308,-0.0018420909829000298,0,1,0,0,0,0,0,0,0,0,1,0,0
-0.9014678409480448,-0.7406801801655817,0.007011446406886239,-0.2975973700269966,-0.5210210850020042,1,0,0,0,0,0,0,0,0,0,1,0,0
-0.5189700278791175,-0.7406801801655817,-0.6221561899856725,0.6180276647267897,0.513624660286346,0,1,0,0,0,0,0,0,0,0,1,0,0
-0.9014678409480448,-0.7406801801655817,-0.6777530816633044,1.0194509445417117,-0.2492545995651032,1,0,0,0,0,0,0,0,0,0,1,0,0
0.24602559825873724,8.483335059174191e-05,0.007011446406886239,2.052890302184896,0.3479666944612649,0,0,0,1,0,0,0,0,0,0,1,0,0
-0.5189700278791175,-0.7406801801655817,-0.5989543375532749,-0.5451638159790707,-0.4473122116792347,1,0,0,0,0,0,0,0,0,0,1,0,0
-0.1364722148101901,-0.7406801801655817,0.007011446406886239,0.12431525763367399,-0.4132580563448636,1,0,0,0,0,0,0,0,0,0,1,0,0
-0.5189700278791175,-0.7406801801655817,-0.5551772574921474,2.040206747485779,0.44082626230039973,1,0,0,0,0,0,0,0,0,0,1,0,0
-0.5189700278791175,-0.20149529166707583,-0.498704824213293,0.06290563726190888,-0.43373632099342013,0,1,0,0,0,0,0,0,0,0,1,0,0
-0.1364722148101901,-0.7406801801655817,-0.7083970377060936,1.8814263299798042,0.24582602438580625,1,0,0,0,0,0,0,0,0,0,1,0,0
-0.1364722148101901,-0.7406801801655817,0.007011446406886239,0.4808202875110987,-0.234303583996107,1,0,0,0,0,0,0,0,0,0,1,0,0
-0.5189700278791175,-0.20149529166707583,0.007011446406886239,0.6454281293987657,-0.2613255805267144,1,0,0,0,0,0,0,0,0,0,1,0,0
-0.1364722148101901,-0.20149529166707583,-0.6409803344119573,-0.35356790823544726,-0.2351645231339584,0,1,0,0,0,0,0,0,0,0,1,0,0
-0.1364722148101901,0.8768744853299358,1.1438112196802104,0.05885610999846635,-0.6142541557811978,0,1,0,0,0,0,0,0,0,0,1,0,0
-0.1364722148101901,-0.20149529166707583,0.007011446406886239,0.4755232538289933,0.5413718667695573,1,0,0,0,0,0,0,0,0,0,1,0,0
-0.9014678409480448,-0.7406801801655817,0.007011446406886239,-0.5187015586136614,0.9386630803611943,1,0,0,0,0,0,0,0,0,0,1,0,0
-0.9014678409480448,-0.7406801801655817,-0.6646199576449662,2.2076910711156303,0.4464139455426184,0,0,0,0,0,0,0,1,0,0,0,0,1
-0.5189700278791175,-0.20149529166707583,-0.3275364411742845,0.34587079381348124,-0.33402985973460014,0,1,0,0,0,0,0,0,0,0,1,0,0
1.011021224396592,0.8768744853299358,0.007011446406886239,-1.4439732890070935,0.2005756973634044,0,0,0,0,0,0,0,1,0,0,0,0,1
-0.9014678409480448,-0.7406801801655817,0.007011446406886239,-0.29580687183382653,-0.5265522969773865,1,0,0,0,0,0,0,0,0,0,1,0,0
-0.9014678409480448,-0.7406801801655817,-0.5989543375532749,1.7859308019064475,0.3613474125233755,1,0,0,0,0,0,0,0,0,0,1,0,0
-0.1364722148101901,8.483335059174191e-05,0.007011446406886239,-1.7537970640083336,0.20914347833487199,0,0,0,0,1,0,0,0,0,0,1,0,0
1.3935190374655193,8.483335059174191e-05,0.8456893044639321,-0.3145103036955263,0.041711125863214585,0,0,0,0,0,0,1,0,0,0,1,0,0
-0.1364722148101901,8.483335059174191e-05,0.007011446406886239,-1.979210820223136,-2.266334936441842,0,0,0,0,1,0,0,0,0,0,1,0,0
-0.5189700278791175,-0.20149529166707583,0.007011446406886239,-0.11526898012263928,0.659929823903071,0,0,0,1,0,0,0,0,0,0,1,0,0
0.6285234113276646,0.33768959683143,0.13299844106877665,-0.915706443335121,-0.5581375681557964,0,0,0,0,0,0,0,1,0,0,0,0,1
1.3935190374655193,1.4160593738284417,0.007011446406886239,-0.16717051667912675,0.1890862713775055,0,0,0,0,0,1,0,0,0,0,1,0,0
-0.1364722148101901,0.8768744853299358,0.9822737942546499,0.3559814381211085,-0.41353843123106376,0,1,0,0,0,0,0,0,0,0,1,0,0
-0.1364722148101901,8.483335059174191e-05,-0.3380429403889551,-0.9793498906273179,0.07817967553469196,0,0,0,1,0,0,0,0,0,0,1,0,0
0.24602559825873724,0.33768959683143,0.44118908469911416,0.06656911341145283,0.9023213433589777,0,0,0,0,0,1,0,0,0,0,1,0,0
0.24602559825873724,-0.20149529166707583,0.007011446406886239,0.8274254546980271,1.476294308491316,0,0,0,0,0,1,0,0,0,0,1,0,0
0.24602559825873724,0.33768959683143,-0.16818786975178046,1.5713562612411511,0.8764901970513937,0,0,0,0,0,1,0,0,0,0,1,0,0
-0.1364722148101901,0.8768744853299358,0.01611363730556626,-1.1765681688968226,-1.4729255264498997,0,0,0,1,0,0,0,0,0,0,1,0,0
-0.9014678409480448,-0.7406801801655817,-0.6317871475991206,0.8333811809336463,1.5414056791231785,0,0,0,0,0,0,0,1,0,0,0,0,1
-0.1364722148101901,8.483335059174191e-05,0.007011446406886239,1.525869817379306,0.3353835092024457,0,0,0,1,0,0,0,0,0,0,1,0,0
0.24602559825873724,0.8768744853299358,0.007011446406886239,-0.6426812438034479,-0.06490860732189305,0,0,0,0,0,0,1,0,0,0,1,0,0
-0.5189700278791175,-0.7406801801655817,0.007011446406886239,0.1752740046744736,0.9156673860817658,1,0,0,0,0,0,0,0,0,0,1,0,0
0.6285234113276646,8.483335059174191e-05,1.2396830250140796,1.205458848327374,-0.022825624860800118,0,0,0,0,0,0,1,0,0,0,1,0,0
-0.1364722148101901,-0.20149529166707583,-0.3748156876403022,-1.2884004178483992,-1.94412078598801,0,0,0,1,0,0,0,0,0,0,1,0,0
0.6285234113276646,-0.20149529166707583,-0.1655612449481128,1.1047796962462768,0.8371356684287279,0,0,0,1,0,0,0,0,0,0,1,0,0
-0.5189700278791175,-0.20149529166707583,-0.35642931401462863,-1.7096348785671165,-2.404199131756501,0,0,0,0,0,0,1,0,0,0,1,0,0
-0.9014678409480448,-0.7406801801655817,-0.6077097535655004,-1.4542614939161305,0.08832369835698939,1,0,0,0,0,0,0,0,0,0,1,0,0
-0.1364722148101901,-0.20149529166707583,1.4585684253197169,0.3453759152341763,-0.4754497634102762,1,0,0,0,0,0,0,0,0,0,1,0,0
-0.5189700278791175,-0.7406801801655817,0.007011446406886239,0.24474029413924153,1.1806048111305327,1,0,0,0,0,0,0,0,0,0,1,0,0
-0.5189700278791175,-0.20149529166707583,0.007011446406886239,0.2297702171154507,0.8747237361966023,0,0,0,0,0,0,0,1,0,0,0,0,1
-0.5189700278791175,-0.20149529166707583,0.007011446406886239,-0.06581663431283571,-0.6500044305677951,0,1,0,0,0,0,0,0,0,0,1,0,0
-0.1364722148101901,-0.20149529166707583,-0.10514887446375687,-2.2869920755324733,-3.057831258430059,0,0,0,0,0,1,0,0,0,0,1,0,0
-0.1364722148101901,-0.7406801801655817,0.007011446406886239,0.938139644637148,-0.27861173251440563,1,0,0,0,0,0,0,0,0,0,1,0,0
-0.9014678409480448,-0.7406801801655817,0.007011446406886239,0.5787512597038572,-0.17331461584146535,1,0,0,0,0,0,0,0,0,0,1,0,0
1.7760168505344465,2.4944291508254537,0.007011446406886239,0.16993344000612434,1.3402738505017375,0,0,0,0,0,1,0,0,0,0,1,0,0
1.011021224396592,1.4160593738284417,1.1171072008429226,1.256249199184925,-0.04841998813735233,0,0,0,0,0,0,1,0,0,0,1,0,0
-0.5189700278791175,-0.20149529166707583,-0.1743166609603383,0.7234574220587257,-0.19145080900318073,0,1,0,0,0,0,0,0,0,0,1,0,0
-0.1364722148101901,8.483335059174191e-05,0.007011446406886239,-1.0581993987102774,0.09488229109868955,0,0,0,1,0,0,0,0,0,0,1,0,0
-0.1364722148101901,0.8768744853299358,0.10147894342476486,-1.0905830157433043,-1.5855985831473638,0,0,0,1,0,0,0,0,0,0,1,0,0
-0.1364722148101901,0.8768744853299358,1.0172954583035518,0.585417228344952,-0.35372743388749606,0,1,0,0,0,0,0,0,0,0,1,0,0
-0.9014678409480448,-0.7406801801655817,-0.5726880895165984,0.5639312500269933,-0.2638905649085767,1,0,0,0,0,0,0,0,0,0,1,0,0
-0.5189700278791175,-0.20149529166707583,0.007011446406886239,0.7262170574697046,-0.4459222259365445,1,0,0,0,0,0,0,0,0,0,1,0,0
-0.1364722148101901,-0.7406801801655817,-0.8082087802454643,0.7998336827974408,-0.2879374173298182,1,0,0,0,0,0,0,0,0,0,1,0,0
-0.9014678409480448,-0.7406801801655817,-0.6208428775838387,-0.026801415206715598,1.1209453945557821,1,0,0,0,0,0,0,0,0,0,1,0,0
-0.1364722148101901,-0.20149529166707583,-0.31878102516205903,-1.631008753176127,-1.758857383340253,0,0,0,1,0,0,0,0,0,0,1,0,0
-0.1364722148101901,-0.7406801801655817,-0.38050670804824877,-0.8417965566269685,-1.306698885060915,0,1,0,0,0,0,0,0,0,0,1,0,0
0.24602559825873724,0.8768744853299358,0.4976615179779686,-2.2093499795387737,-2.6412605562048146,0,0,0,0,0,1,0,0,0,0,1,0,0
-0.1364722148101901,-0.20149529166707583,0.007011446406886239,-0.7510436149386513,0.17042994812665646,0,0,0,0,0,1,0,0,0,0,1,0,0
-0.5189700278791175,-0.20149529166707583,-0.31440331715594627,0.5820034825895805,-0.5190693587631342,0,1,0,0,0,0,0,0,0,0,1,0,0
-0.1364722148101901,-0.20149529166707583,-0.06268510680446321,0.46005486156905673,-0.21679550983703325,1,0,0,0,0,0,0,0,0,0,1,0,0
-0.1364722148101901,-0.20149529166707583,-0.4724385761766165,1.269129788873891,1.3340887607000962,1,0,0,0,0,0,0,0,0,0,1,0,0
1.011021224396592,1.4160593738284417,1.4305510940805954,-1.2610320286399455,0.30214670115089837,0,0,0,1,0,0,0,0,0,0,1,0,0
0.24602559825873724,-0.20149529166707583,0.007011446406886239,0.45467420257138574,0.5446422466246318,0,0,0,0,0,0,0,1,0,0,0,0,1
-0.9014678409480448,-0.7406801801655817,0.007011446406886239,0.20756941418289515,0.868935926710515,0,1,0,0,0,0,0,0,0,0,1,0,0
-0.1364722148101901,-0.7406801801655817,0.007011446406886239,-0.16521047675042774,0.8920623965551671,1,0,0,0,0,0,0,0,0,0,1,0,0
-0.5189700278791175,-0.20149529166707583,-0.5262843846518033,-1.178658801783928,-1.1738784655238457,0,1,0,0,0,0,0,0,0,0,1,0,0
0.24602559825873724,-0.20149529166707583,-0.06312287760507448,-1.1875437051659736,-0.66720240812137,0,0,0,0,0,1,0,0,0,0,1,0,0
-0.5189700278791175,-0.7406801801655817,-0.51140017743102,0.24054871839467132,1.1751261075260238,1,0,0,0,0,0,0,0,0,0,1,0,0
-0.9014678409480448,-0.7406801801655817,0.007011446406886239,0.57542228481625,-0.39620076159641926,1,0,0,0,0,0,0,0,0,0,1,0,0
-0.9014678409480448,-0.7406801801655817,0.007011446406886239,-0.5388712973769542,0.937957684887982,1,0,0,0,0,0,0,0,0,0,1,0,0
-0.1364722148101901,-0.20149529166707583,-0.3695624380329669,-1.2409287319080955,0.27292430666278233,0,0,0,1,0,0,0,0,0,0,1,0,0
-0.1364722148101901,-0.20149529166707583,0.007011446406886239,0.4760192779605785,1.4803919428689805,0,0,0,0,0,1,0,0,0,0,1,0,0
-0.9014678409480448,-0.7406801801655817,0.007011446406886239,0.37649713366905946,-0.5997876042380925,0,1,0,0,0,0,0,0,0,0,1,0,0
0.24602559825873724,0.8768744853299358,0.048946447351411876,-1.8705116567215168,-2.160152112531494,0,0,0,0,0,1,0,0,0,0,1,0,0
-0.9014678409480448,-0.7406801801655817,-0.5770657975227111,1.4068847400732103,0.17739374697583626,1,0,0,0,0,0,0,0,0,0,1,0,0
-0.1364722148101901,-0.20149529166707583,-0.5972032543508298,-0.12241378961127783,0.1349402337465862,0,1,0,0,0,0,0,0,0,0,1,0,0
-0.1364722148101901,-0.20149529166707583,-0.09814454165397647,1.2349533825432149,0.9441021550064974,0,0,0,1,0,0,0,0,0,0,1,0,0
-0.1364722148101901,-0.20149529166707583,0.007011446406886239,-0.20970372679682225,-0.5135262580998634,0,0,0,0,0,0,0,1,0,0,0,0,1
-0.5189700278791175,-0.7406801801655817,-0.5989543375532749,-1.3677493867197845,-2.448047584348465,0,0,0,1,0,0,0,0,0,0,1,0,0
-0.9014678409480448,-0.7406801801655817,0.007011446406886239,0.1917012241817779,0.9070044956083174,1,0,0,0,0,0,0,0,0,0,1,0,0
-0.1364722148101901,8.483335059174191e-05,-0.41333951809409436,-0.7250968560933478,1.0916833711084604,0,0,0,1,0,0,0,0,0,0,1,0,0
1.011021224396592,0.8768744853299358,0.389969901027595,-0.2991152267806327,-0.19843343160811341,0,0,0,0,0,1,0,0,0,0,1,0,0
-0.9014678409480448,-0.7406801801655817,0.007011446406886239,0.5606160217665868,1.6345228351969385,1,0,0,0,0,0,0,0,0,0,1,0,0
-0.1364722148101901,-0.7406801801655817,0.007011446406886239,-0.9265926265274677,-0.2879374173298182,1,0,0,0,0,0,0,0,0,0,1,0,0
-0.5189700278791175,-0.20149529166707583,-0.3183432543614477,-0.23980425816193482,-0.5846998687600692,0,1,0,0,0,0,0,0,0,0,1,0,0
-0.1364722148101901,-0.20149529166707583,-0.38182002045008256,1.6875977408680292,0.9426230041057707,0,0,0,1,0,0,0,0,0,0,1,0,0
-0.9014678409480448,-0.7406801801655817,0.007011446406886239,0.45771564383997804,-0.5118895820863752,1,0,0,0,0,0,0,0,0,0,1,0,0
-0.1364722148101901,-0.20149529166707583,-0.38182002045008256,-0.8675680459754229,0.19830000438330653,0,0,0,1,0,0,0,0,0,0,1,0,0
-0.5189700278791175,-0.7406801801655817,0.007011446406886239,-0.004549062422198293,-0.6462129298996665,1,0,0,0,0,0,0,0,0,0,1,0,0
-0.5189700278791175,-0.7406801801655817,0.007011446406886239,0.5647239721956728,-0.20158591530963224,0,0,0,0,0,0,0,1,0,0,0,0,1
1.011021224396592,0.33768959683143,1.4147913452585894,-0.8334477717058297,-0.07161977155647145,0,0,0,1,0,0,0,0,0,0,1,0,0
-0.1364722148101901,3.0336140393239597,0.007011446406886239,0.33840293858554593,-0.5499858912554949,0,0,0,0,0,1,0,0,0,0,1,0,0
0.6285234113276646,0.33768959683143,-0.31878102516205903,0.5340243169950515,0.6571320193859989,0,0,0,0,0,1,0,0,0,0,1,0,0
-0.1364722148101901,-0.20149529166707583,-0.15067703772732946,-1.2034084585103313,0.2877722869378721,0,0,0,1,0,0,0,0,0,0,1,0,0
1.011021224396592,0.8768744853299358,0.007011446406886239,0.5692122459774187,0.7825160647357451,0,0,0,0,0,1,0,0,0,0,1,0,0
-0.5189700278791175,-0.20149529166707583,0.007011446406886239,1.0951307095022331,-0.048673613476014815,0,1,0,0,0,0,0,0,0,0,1,0,0
-0.1364722148101901,-0.20149529166707583,-0.5551772574921474,-1.1222735736548157,-1.3905250316583033,0,0,0,1,0,0,0,0,0,0,1,0,0
0.6285234113276646,8.483335059174191e-05,0.007011446406886239,-1.6425020790699445,0.8519222238170983,0,0,0,0,0,0,1,0,0,0,1,0,0
1.3935190374655193,0.33768959683143,0.5339964944287044,1.4717905859634697,0.7018414111158143,0,0,0,0,0,1,0,0,0,0,1,0,0
1.7760168505344465,0.33768959683143,0.49547266397491224,2.1308680449927313,0.8881153522223993,0,0,0,0,0,1,0,0,0,0,1,0,0
0.24602559825873724,-0.20149529166707583,-0.24654884306119865,0.5914703265232562,1.22840823384719,0,1,0,0,0,0,0,0,0,0,1,0,0
-0.9014678409480448,-0.7406801801655817,0.007011446406886239,0.2560869893428915,-0.6233975473845743,0,0,0,0,0,0,0,1,0,0,0,0,1
-0.1364722148101901,-0.20149529166707583,-0.29251477712538254,0.7777325429121307,-0.4116669536343845,1,0,0,0,0,0,0,0,0,0,1,0,0
-0.1364722148101901,-0.20149529166707583,-0.458867681357667,1.5608882046262256,0.030498111867553097,1,0,0,0,0,0,0,0,0,0,1,0,0
0.6285234113276646,1.4160593738284417,0.14525602348589234,0.26990234968174603,0.41235582731242526,0,0,0,0,0,1,0,0,0,0,1,0,0
2.9235102897412286,1.9552442623269475,1.3097263531118835,0.8431550328748575,0.8890248368353022,0,0,0,0,0,1,0,0,0,0,1,0,0
-0.1364722148101901,-0.20149529166707583,-0.5652459859062068,-0.13597941955596002,0.4721262049728671,0,1,0,0,0,0,0,0,0,0,1,0,0
-0.1364722148101901,-0.20149529166707583,0.013924783302509887,-0.3067411682213755,-0.16446844143177897,0,0,0,1,0,0,0,0,0,0,1,0,0
-0.5189700278791175,-0.20149529166707583,0.007011446406886239,0.141133110463998,-0.5897386909177759,1,0,0,0,0,0,0,0,0,0,1,0,0
-0.1364722148101901,-0.20149529166707583,-0.3988930816739223,-0.7323287275543114,-0.03476781170502825,0,0,0,1,0,0,0,0,0,0,1,0,0
-0.1364722148101901,-0.20149529166707583,-0.588010067537993,-1.049052163859139,0.1760523067081976,0,0,0,1,0,0,0,0,0,0,1,0,0
-0.9014678409480448,-0.7406801801655817,0.007011446406886239,1.610587989725641,0.04028646478120192,1,0,0,0,0,0,0,0,0,0,1,0,0
-0.5189700278791175,-0.7406801801655817,0.007011446406886239,0.4067901178149812,0.24187600788099606,1,0,0,0,0,0,0,0,0,0,1,0,0
-0.9014678409480448,-0.7406801801655817,0.007011446406886239,0.7244872735466572,-0.14551688243522123,1,0,0,0,0,0,0,0,0,0,1,0,0
-0.9014678409480448,-0.20149529166707583,-0.5788168807251562,-0.44546754774298297,0.016643827743519746,0,0,0,0,0,0,1,0,0,0,1,0,0
-0.5189700278791175,-0.7406801801655817,-0.4164039136983733,-0.606537924230554,1.037874179630437,0,0,0,0,0,0,0,1,0,0,0,0,1
-0.9014678409480448,-0.7406801801655817,0.007011446406886239,0.44006039230253163,0.5349569290047487,1,0,0,0,0,0,0,0,0,0,1,0,0
-0.5189700278791175,-0.20149529166707583,-0.31878102516205903,-1.5317810158172231,-2.1032072796595824,0,1,0,0,0,0,0,0,0,0,1,0,0
-0.1364722148101901,-0.20149529166707583,-0.2960169435302727,0.7723358461827798,1.5606286964900906,1,0,0,0,0,0,0,0,0,0,1,0,0
0.6285234113276646,0.8768744853299358,0.8207363688290894,-0.3737135904011795,0.08022651127554284,0,0,0,0,0,0,1,0,0,0,1,0,0
0.6285234113276646,-0.20149529166707583,-0.16993895295422556,-1.4480594739430983,-0.2546907020385047,0,0,0,0,0,1,0,0,0,0,1,0,0
-0.9014678409480448,-0.7406801801655817,0.007011446406886239,1.6003307147278463,0.025631675682116297,1,0,0,0,0,0,0,0,0,0,1,0,0
1.011021224396592,-0.20149529166707583,-0.388824353259863,1.9127033435229341,1.0579036463163454,0,0,0,1,0,0,0,0,0,0,1,0,0
0.6285234113276646,-0.20149529166707583,-0.16118353694200005,-0.06027216134103722,0.4797934178472777,0,0,0,0,0,1,0,0,0,0,1,0,0
-0.5189700278791175,-0.20149529166707583,-0.578379109924545,0.08116574039634684,1.3186839935487096,0,1,0,0,0,0,0,0,0,0,1,0,0
-0.1364722148101901,0.33768959683143,0.1671445635164561,-1.8777217626893177,-2.2700362812278727,0,0,0,0,0,0,0,1,0,0,0,1,0
-0.9014678409480448,-0.20149529166707583,0.007011446406886239,0.5238369206854591,-0.22702374419748422,1,0,0,0,0,0,0,0,0,0,1,0,0
-0.1364722148101901,0.8768744853299358,0.12599410825899626,0.7367927959976749,-0.06979981160688616,0,1,0,0,0,0,0,0,0,0,1,0,0
-0.5189700278791175,-0.20149529166707583,-0.5757524851208774,-1.5289801405246424,-2.1393865379291546,0,1,0,0,0,0,0,0,0,0,1,0,0
-0.1364722148101901,-0.20149529166707583,0.007011446406886239,-0.2146273104399494,0.7634000455585614,0,0,0,1,0,0,0,0,0,0,1,0,0
-0.9014678409480448,-0.7406801801655817,-0.6295982935960641,-1.178658801783928,-1.1738784655238457,0,1,0,0,0,0,0,0,0,0,1,0,0
0.24602559825873724,0.33768959683143,0.007011446406886239,0.06758750937674428,0.5284429188419963,0,0,0,0,0,1,0,0,0,0,1,0,0
-0.5189700278791175,-0.20149529166707583,-0.46762309736989244,-0.4490989484290859,-0.5688641366777264,0,1,0,0,0,0,0,0,0,0,1,0,0
-0.1364722148101901,-0.20149529166707583,0.007011446406886239,-0.7328556815970575,0.043145694184993456,0,0,0,1,0,0,0,0,0,0,1,0,0
0.24602559825873724,0.8768744853299358,0.25688757764176745,-2.3742407728364157,-2.9472674530840854,0,0,0,1,0,0,0,0,0,0,1,0,0
-0.5189700278791175,-0.7406801801655817,0.007011446406886239,0.9843752796815103,-0.2924868218420325,1,0,0,0,0,0,0,0,0,0,1,0,0
-0.1364722148101901,0.33768959683143,-0.0027105071207185584,0.41100689570939214,-0.3670823931259892,0,1,0,0,0,0,0,0,0,0,1,0,0
-0.5189700278791175,-0.20149529166707583,-0.40195747727820125,0.7522325494510113,-0.4221210730621807,1,0,0,0,0,0,0,0,0,0,1,0,0
-0.9014678409480448,-0.7406801801655817,-0.6427314176144024,-1.553321980644066,-0.11506698093691872,1,0,0,0,0,0,0,0,0,0,1,0,0
0.6285234113276646,0.33768959683143,0.007011446406886239,0.5504263343525151,0.6539795356844801,0,0,0,0,0,1,0,0,0,0,1,0,0
-0.5189700278791175,-0.20149529166707583,0.007011446406886239,-0.19770864901009963,-0.5034347436485803,0,0,0,0,0,0,0,1,0,0,0,0,1
-0.1364722148101901,-0.20149529166707583,0.007011446406886239,0.02306676607594844,0.5695173442923835,0,0,0,1,0,0,0,0,0,0,1,0,0
0.24602559825873724,-0.20149529166707583,-0.41333951809409436,-1.3210039809166365,-1.8341959976086462,0,0,0,1,0,0,0,0,0,0,1,0,0
1.011021224396592,1.9552442623269475,0.44469125110400437,0.5800949925129245,1.7417607801449215,0,0,0,0,0,1,0,0,0,0,1,0,0
0.24602559825873724,-0.7406801801655817,0.007011446406886239,-0.2310236000360929,1.9052183480123532,0,0,0,1,0,0,0,0,0,0,1,0,0
1.011021224396592,1.4160593738284417,0.007011446406886239,-0.4382013097140991,1.452163244531921,0,0,0,0,0,1,0,0,0,0,1,0,0
-0.1364722148101901,-0.7406801801655817,-0.7250323281293221,-1.2550671379861653,1.9223549006792089,1,0,0,0,0,0,0,0,0,0,1,0,0
-0.1364722148101901,-0.20149529166707583,-0.3608070220207414,-1.1906275318685295,0.130276895976779,0,0,0,1,0,0,0,0,0,0,1,0,0
0.6285234113276646,-0.20149529166707583,0.22843247560203456,-1.5317077004721802,-0.07525870073186254,0,0,0,1,0,0,0,0,0,0,1,0,0
-0.9014678409480448,-0.7406801801655817,-0.6646199576449662,0.5773628503564284,0.14121845160222699,1,0,0,0,0,0,0,0,0,0,1,0,0
1.011021224396592,0.33768959683143,0.429807043883221,1.5069281106461554,0.7301741354708414,0,0,0,0,0,1,0,0,0,0,1,0,0
-0.5189700278791175,-0.20149529166707583,-0.468498638971115,-0.13165266864386244,-0.469005103926169,0,1,0,0,0,0,0,0,0,0,1,0,0
-0.5189700278791175,-0.7406801801655817,0.007011446406886239,0.5588049036326158,1.512875800696466,1,0,0,0,0,0,0,0,0,0,1,0,0
-0.1364722148101901,0.8768744853299358,0.6443147361827457,-1.221565461940683,-0.5746152893765099,0,0,0,0,0,1,0,0,0,0,1,0,0
-0.1364722148101901,-0.20149529166707583,-0.07362937681974509,0.09784841805922491,0.06259657806709135,0,0,0,0,0,1,0,0,0,0,1,0,0
-0.1364722148101901,-0.20149529166707583,0.05770186336363737,-1.247877651959084,-0.7411421201312272,0,0,0,0,0,0,0,1,0,0,0,0,1
1.3935190374655193,1.4160593738284417,0.7922812667893566,-0.5492740575127173,0.8630797572699845,0,0,0,0,0,1,0,0,0,0,1,0,0
0.24602559825873724,0.8768744853299358,0.8369338884517066,0.5736306410707998,0.2259421941247707,0,0,0,0,0,0,1,0,0,0,1,0,0
-0.9014678409480448,-0.7406801801655817,-0.64535804241807,2.189710482734327,0.3496479530538418,1,0,0,0,0,0,0,0,0,0,1,0,0
-0.1364722148101901,-0.7406801801655817,0.007011446406886239,0.5321501934863974,-0.19007667484420096,0,1,0,0,0,0,0,0,0,0,1,0,0
-0.5189700278791175,-0.20149529166707583,-0.5004559074157381,0.6078711983284394,0.07504502486472414,0,1,0,0,0,0,0,0,0,0,1,0,0
-0.5189700278791175,-0.20149529166707583,-0.3988930816739223,0.48424548878911033,1.0408106855045174,0,1,0,0,0,0,0,0,0,0,1,0,0
0.6285234113276646,2.4944291508254537,0.007011446406886239,0.7309080940026195,-0.1576037149805428,0,0,0,1,0,0,0,0,0,0,1,0,0
-0.9014678409480448,-0.7406801801655817,-0.5858212135349367,1.9032227529621393,0.21797974550465138,1,0,0,0,0,0,0,0,0,0,1,0,0
-0.5189700278791175,-0.7406801801655817,-0.5149023438359102,2.0873404955073864,0.9678864655733713,0,0,0,1,0,0,0,0,0,0,1,0,0
0.24602559825873724,-0.20149529166707583,-0.33629185718651,0.32444438421336486,0.82814583904215,0,0,0,1,0,0,0,0,0,0,1,0,0
-0.1364722148101901,-0.20149529166707583,-0.44836118214299636,0.8074138021475419,1.3601923561019547,0,0,0,1,0,0,0,0,0,0,1,0,0
-0.9014678409480448,-0.7406801801655817,-0.5770657975227111,0.5639312500269933,-0.2638905649085767,1,0,0,0,0,0,0,0,0,0,1,0,0
-0.1364722148101901,-0.20149529166707583,-0.4273481837136552,-0.8805586086820755,-0.8501861548932073,0,0,0,1,0,0,0,0,0,0,1,0,0
-0.5189700278791175,-0.20149529166707583,-0.0298522967586176,-0.13191614566523543,-0.5140097314016931,1,0,0,0,0,0,0,0,0,0,1,0,0
0.6285234113276646,1.4160593738284417,0.8864019889207807,0.7195694176648502,-0.19547612053043933,0,1,0,0,0,0,0,0,0,0,1,0,0
-0.1364722148101901,0.33768959683143,0.007011446406886239,-0.023936388987252633,1.8637605123820002,0,0,0,1,0,0,0,0,0,0,1,0,0
0.6285234113276646,1.4160593738284417,0.007011446406886239,0.24076980998216205,-0.5993833888545331,0,0,0,0,0,0,1,0,0,0,1,0,0
1.011021224396592,0.33768959683143,0.007011446406886239,-0.04126744923320339,1.356094721724431,0,0,0,1,0,0,0,0,0,0,1,0,0
-0.9014678409480448,-0.7406801801655817,-0.618216252780171,-0.9910448337201053,-0.8355600967894999,1,0,0,0,0,0,0,0,0,0,1,0,0
0.24602559825873724,0.33768959683143,0.007011446406886239,-0.3723801675625533,-0.5576471597861021,0,0,0,0,0,0,0,1,1,0,0,0,0
0.6285234113276646,0.8768744853299358,1.0120422086962166,0.8544387227038243,-0.31034065866970706,0,0,0,1,0,0,0,0,0,0,1,0,0
-0.9014678409480448,-0.7406801801655817,0.007011446406886239,-0.8232489198735972,-0.19397121080609514,1,0,0,0,0,0,0,0,0,0,1,0,0
0.24602559825873724,-0.7406801801655817,-0.528911009455471,-1.117300731264206,-1.8127200739132112,0,0,0,1,0,0,0,0,0,0,1,0,0
-0.5189700278791175,-0.7406801801655817,-0.5507995494860347,-1.5384767688172798,-1.6431834237099463,0,1,0,0,0,0,0,0,0,0,1,0,0
-0.5189700278791175,-0.7406801801655817,-0.48688501259678857,-0.9499527283540806,-1.7772660255962431,0,0,0,1,0,0,0,0,0,0,1,0,0
-0.5189700278791175,-0.20149529166707583,-0.4566788273546106,-0.2318323599365337,-0.17898551989791722,0,1,0,0,0,0,0,0,0,0,1,0,0
1.011021224396592,-0.20149529166707583,0.2415655996203728,-0.8839322601081254,-0.5601764781048625,0,0,0,0,0,1,0,0,0,0,1,0,0
-0.9014678409480448,-0.20149529166707583,-0.4544899733515542,0.5037233139832492,2.2379034602014714,1,0,0,0,0,0,0,0,0,0,1,0,0
-0.1364722148101901,8.483335059174191e-05,-0.33629185718651,-0.1454645923258761,1.7760279411348292,0,0,0,1,0,0,0,0,0,0,1,0,0
0.6285234113276646,0.8768744853299358,0.7025382526640452,-1.9213776140286711,-2.3856834913107825,0,0,0,0,0,1,0,0,0,0,1,0,0
-0.5189700278791175,-0.20149529166707583,-0.4938893454065689,-1.4701606138284085,-0.461019868654334,0,1,0,0,0,0,0,0,0,0,1,0,0
2.158514663603374,0.33768959683143,0.7773970595685732,1.529415301645364,0.3579452663790162,0,0,0,0,0,0,1,0,0,0,1,0,0
1.011021224396592,0.8768744853299358,0.007011446406886239,0.38921161827941864,0.7070417212822452,0,0,0,0,0,0,0,1,0,0,0,0,1
-0.5189700278791175,-0.20149529166707583,-0.39845531087331104,0.9249554835974061,0.9523855981959429,0,1,0,0,0,0,0,0,0,0,1,0,0
-0.1364722148101901,-0.20149529166707583,-0.28682375671743593,0.11720939692207684,0.8890892338939234,0,0,0,0,0,0,1,0,0,0,1,0,0
-0.1364722148101901,-0.20149529166707583,-0.22247144902757854,-1.1974229479157503,-0.029763664886503303,0,0,0,1,0,0,0,0,0,0,1,0,0
-0.5189700278791175,-0.20149529166707583,-0.38006893724763746,-1.0693444767149571,-0.9692573070479902,1,0,0,0,0,0,0,0,0,0,1,0,0
-0.1364722148101901,8.483335059174191e-05,0.007011446406886239,-1.1091466902284368,-1.4608733692439007,0,0,0,0,1,0,0,0,0,0,1,0,0
-0.5189700278791175,-0.20149529166707583,-0.058307398798350465,0.6531812271411553,-0.24638249074964377,0,1,0,0,0,0,0,0,0,0,1,0,0
-0.5189700278791175,-0.7406801801655817,-0.44661009894055126,-0.6509956621566666,0.34322508949724834,0,0,0,0,0,0,1,0,0,0,1,0,0
0.6285234113276646,0.8768744853299358,0.00035388848356036575,-0.3401420356674136,0.59252591798348,0,0,0,0,0,0,0,1,0,0,0,0,1
1.011021224396592,0.33768959683143,0.25644980684115615,-0.37414317250124063,0.26951126255459573,0,0,0,0,0,1,0,0,0,0,1,0,0
-0.9014678409480448,-0.7406801801655817,0.007011446406886239,1.7354692245495134,0.3417499014923436,1,0,0,0,0,0,0,0,0,0,1,0,0
-0.1364722148101901,-0.7406801801655817,-0.6422936468137911,-1.3897611735282904,-0.1539637950812314,0,1,0,0,0,0,0,0,0,0,1,0,0
-0.1364722148101901,-0.7406801801655817,0.007011446406886239,0.16725513880615048,0.9176498247639956,1,0,0,0,0,0,0,0,0,0,1,0,0
2.158514663603374,0.8768744853299358,1.0378706859322817,0.4532926665374759,0.7825031853240771,0,0,0,0,0,1,0,0,0,0,1,0,0
-0.1364722148101901,-0.7406801801655817,0.007011446406886239,-0.41433029157642,1.2405683799669787,0,0,0,1,0,0,0,0,0,0,1,0,0
1.3935190374655193,0.8768744853299358,0.46920641593823575,1.5980739767620529,1.0912335824218922,0,0,0,0,0,1,0,0,0,0,1,0,0
-0.9014678409480448,-0.7406801801655817,0.007011446406886239,0.27577101394504017,0.9391297113553934,1,0,0,0,0,0,0,0,0,0,1,0,0
1.3935190374655193,1.4160593738284417,4.304078629293003,0.6440213912150151,-0.2582751413950409,0,0,0,0,0,0,1,0,0,0,1,0,0
1.011021224396592,0.33768959683143,0.007011446406886239,-1.1800288822951164,-0.2266383525696778,0,0,0,1,0,0,0,0,0,0,1,0,0
0.6285234113276646,8.483335059174191e-05,0.007011446406886239,0.29826278715337,1.10297068940265,0,0,0,0,0,1,0,0,0,0,1,0,0
-0.5189700278791175,-0.20149529166707583,-0.44836118214299636,-0.2589418543327354,0.26200355624092786,0,1,0,0,0,0,0,0,0,0,1,0,0
0.6285234113276646,0.33768959683143,-0.040358795973288196,2.0923591599886375,0.8255055596378392,0,0,0,1,0,0,0,0,0,0,1,0,0
-0.9014678409480448,-0.7406801801655817,-0.6602422496388534,1.9210509828918743,0.33446907096980044,1,0,0,0,0,0,0,0,0,0,1,0,0
-0.1364722148101901,-0.20149529166707583,-0.51140017743102,-1.4105151439476924,-0.14551688243522123,0,0,0,1,0,0,0,0,0,0,1,0,0
0.24602559825873724,0.8768744853299358,0.5830268240971672,-1.709371401545662,-1.807686205375247,0,0,0,1,0,0,0,0,0,0,1,0,0
1.011021224396592,-0.20149529166707583,0.048946447351411876,1.4091277314118031,0.960375787087661,0,0,0,0,0,1,0,0,0,0,1,0,0
0.24602559825873724,-0.20149529166707583,0.34137734215974347,1.614818514247334,0.9099637881339728,0,0,0,1,0,0,0,0,0,0,1,0,0
0.6285234113276646,0.33768959683143,0.007011446406886239,0.16845911423865073,0.6318665764705576,0,0,0,0,0,1,0,0,0,0,1,0,0
-0.1364722148101901,-0.7406801801655817,-0.7412298477519392,0.19510924217582948,-0.5143445961066075,1,0,0,0,0,0,0,0,0,0,1,0,0
0.24602559825873724,0.33768959683143,-0.22772469863491385,-0.17354551504436588,1.783997324822954,0,0,0,1,0,0,0,0,0,0,1,0,0
-0.5189700278791175,-0.7406801801655817,0.007011446406886239,0.2877099596706799,1.6290748440356486,1,0,0,0,0,0,0,0,0,0,1,0,0
-0.1364722148101901,-0.20149529166707583,-0.38182002045008256,-1.115040556641653,0.24397436126880012,0,0,0,1,0,0,0,0,0,0,1,0,0
-0.1364722148101901,-0.20149529166707583,-0.07932039722769166,-0.9677775216270561,-1.438261085144438,0,0,0,1,0,0,0,0,0,0,1,0,0
-0.1364722148101901,-0.7406801801655817,-0.7609295337794466,-0.08038576804324701,-0.6589873248865086,0,0,0,1,0,0,0,0,0,0,1,0,0
-0.9014678409480448,-0.7406801801655817,0.007011446406886239,0.6861215825758901,-0.16602585952699667,1,0,0,0,0,0,0,0,0,0,1,0,0
-0.1364722148101901,-0.20149529166707583,-0.3975797692720885,0.17687319563903336,0.46888356538910975,0,0,0,1,0,0,0,0,0,0,1,0,0
-0.1364722148101901,1.4160593738284417,1.0645747047695695,-1.159459345790643,0.3210447610526623,0,0,0,1,0,0,0,0,0,0,1,0,0
-0.5189700278791175,-0.7406801801655817,0.007011446406886239,0.4064945653300857,0.5790411739036834,1,0,0,0,0,0,0,0,0,0,1,0,0
-0.1364722148101901,-0.20149529166707583,-0.11740645688087258,0.691982227973385,1.992688377405016,0,0,0,0,0,0,0,1,0,0,0,0,1
-0.1364722148101901,-0.20149529166707583,-0.40983735168920415,-0.916335351529673,-2.0900772147642326,0,0,0,1,0,0,0,0,0,0,1,0,0
-0.5189700278791175,-0.7406801801655817,-0.7040193296999809,-1.4735755051360604,0.04576219621380902,0,0,0,1,0,0,0,0,0,0,1,0,0
0.6285234113276646,0.8768744853299358,-0.07713154322463528,-0.9581732114213738,-0.20218629404095664,0,0,0,0,0,0,0,1,0,0,0,0,1
-0.1364722148101901,-0.20149529166707583,0.03143561532696088,-1.0822044464632035,-1.3283521483485028,0,0,0,0,0,1,0,0,0,0,1,0,0
0.6285234113276646,0.8768744853299358,0.9652007330308101,0.5520255253170748,-0.38669674646465185,0,1,0,0,0,0,0,0,0,0,1,0,0
0.24602559825873724,0.8768744853299358,0.8697666984975523,0.07852066021201294,-0.6030025035502511,0,1,0,0,0,0,0,0,0,0,1,0,0
-0.9014678409480448,-0.20149529166707583,-0.41509060129653946,-0.07011360086597142,-0.6723908296000533,0,1,0,0,0,0,0,0,0,0,1,0,0
-0.1364722148101901,-0.7406801801655817,0.007011446406886239,0.4640837688916983,0.337533380237203,0,0,0,1,0,0,0,0,0,0,1,0,0
-0.1364722148101901,-0.20149529166707583,-0.388824353259863,-1.8862446715551064,-2.220844854216507,0,0,0,1,0,0,0,0,0,0,1,0,0
-0.5189700278791175,-0.7406801801655817,-0.6300360643966755,-0.6028687203196086,-0.10574030539744506,0,1,0,0,0,0,0,0,0,0,1,0,0
-0.5189700278791175,-0.20149529166707583,-0.13491728890532356,0.8485460018428882,1.540494213062435,0,1,0,0,0,0,0,0,0,0,1,0,0
-0.1364722148101901,-0.7406801801655817,0.007011446406886239,0.003831797962462971,-0.03296073116711085,0,0,0,0,0,0,0,1,0,1,0,0,0
2.158514663603374,1.9552442623269475,0.9945313766717656,-0.8723954032281455,-0.8365755888680702,0,0,0,0,0,1,0,0,0,0,1,0,0
-0.5189700278791175,-0.20149529166707583,-0.5630571319031504,-0.35743414713624155,-0.01613130293385242,0,1,0,0,0,0,0,0,0,0,1,0,0
-0.1364722148101901,-0.20149529166707583,-0.33629185718651,1.5188395631173939,1.050506901088228,0,0,0,1,0,0,0,0,0,0,1,0,0
-0.9014678409480448,-0.7406801801655817,0.007011446406886239,0.8113201353776578,1.6505567120750277,1,0,0,0,0,0,0,0,0,0,1,0,0
-0.1364722148101901,0.33768959683143,-0.20496061700312754,0.3713375662589607,-0.3031410675134158,0,1,0,0,0,0,0,0,0,0,1,0,0
-0.5189700278791175,-0.7406801801655817,-0.423846017308765,-0.9178360249992676,-1.503384344464048,0,0,0,0,0,0,0,1,0,1,0,0,0
-0.1364722148101901,8.483335059174191e-05,0.007011446406886239,-0.06307532773817863,0.33390039540575606,0,0,0,0,1,0,0,0,0,0,1,0,0
0.24602559825873724,-0.20149529166707583,-0.19270303458601185,2.0886796461073325,1.0142741437237213,0,0,0,0,0,1,0,0,0,0,1,0,0
-0.1364722148101901,1.4160593738284417,0.4560732919198975,0.3362687747123596,0.309914967871234,0,0,0,0,0,1,0,0,0,0,1,0,0
-0.5189700278791175,-0.20149529166707583,-0.10558664526436815,-0.41624221830983527,-0.4452207933592951,0,1,0,0,0,0,0,0,0,0,1,0,0
0.6285234113276646,-0.20149529166707583,0.007011446406886239,-1.2662179437521655,-2.240114435610348,0,0,0,0,0,0,0,1,0,0,0,0,1
-0.9014678409480448,-0.7406801801655817,0.007011446406886239,0.6693025841932857,-0.36871708769149597,0,0,0,0,0,0,0,1,0,0,0,0,1
1.7760168505344465,8.483335059174191e-05,0.007011446406886239,0.5289621215275562,-0.2327263514213569,0,0,0,0,0,0,1,0,0,0,1,0,0
-0.1364722148101901,8.483335059174191e-05,-0.22597361543246874,-1.2848194214620592,-1.437606216594118,0,0,0,0,0,0,0,1,0,0,0,0,1
0.6285234113276646,0.8768744853299358,-0.08238479283197059,1.2536911809729163,1.2376100781652435,0,0,0,0,0,1,0,0,0,0,1,0,0
0.24602559825873724,0.8768744853299358,0.5445029936433751,-0.322361918932881,-0.6083038675626069,0,0,0,0,0,0,1,0,0,0,1,0,0
-0.1364722148101901,0.8768744853299358,0.2940980956937258,-1.5452080339375371,-0.01201979842045887,0,0,0,0,0,0,0,1,0,0,0,0,1
-0.1364722148101901,-0.20149529166707583,0.007011446406886239,-0.5846693314553747,0.9561850246558562,0,0,0,1,0,0,0,0,0,0,1,0,0
-0.1364722148101901,3.0336140393239597,0.007011446406886239,1.273366041156904,-0.0671833095779298,0,0,0,0,0,0,1,0,0,0,1,0,0
1.011021224396592,0.8768744853299358,0.013924783302509887,-0.03551792240559398,1.3115012447000491,0,0,0,0,0,1,0,0,0,0,1,0,0
0.6285234113276646,0.33768959683143,0.052448613756302075,-0.5868092230899624,0.731583935693064,0,0,0,0,0,0,1,0,0,0,1,0,0
-0.1364722148101901,-0.7406801801655817,-0.4895116374004562,-0.7401345207009431,-0.11509967482825983,0,1,0,0,0,0,0,0,0,0,1,0,0
-0.5189700278791175,-0.20149529166707583,-0.5792546515257676,-0.28826799236540884,0.016188094713147992,0,1,0,0,0,0,0,0,0,0,1,0,0
-0.1364722148101901,-0.20149529166707583,-0.05086529518795879,-1.1161265401906675,-0.7170883326421211,0,0,0,1,0,0,0,0,0,0,1,0,0
-0.5189700278791175,-0.20149529166707583,0.007011446406886239,0.6454521859964076,-0.40672819459854176,0,1,0,0,0,0,0,0,0,0,1,0,0
0.24602559825873724,8.483335059174191e-05,0.3203643437304023,-2.1751437888491356,-2.7688410366162475,0,0,0,0,0,1,0,0,0,0,1,0,0
-0.1364722148101901,0.33768959683143,0.007011446406886239,0.4022548763903132,-0.360989440654427,0,0,0,0,0,0,1,0,0,0,1,0,0
-0.1364722148101901,-0.7406801801655817,-0.6865084976755299,0.6632277205219004,-0.47739455458128177,0,1,0,0,0,0,0,0,0,0,1,0,0
-0.9014678409480448,-0.7406801801655817,-0.6576156248351858,-0.6837492925718308,0.5665580517667281,0,1,0,0,0,0,0,0,0,0,1,0,0
0.6285234113276646,0.8768744853299358,1.0974075148154152,1.3159129979018815,-0.05487554558528685,0,0,0,0,0,0,1,0,0,0,1,0,0
-0.1364722148101901,-0.7406801801655817,-0.7302855777366574,0.7395856524243751,1.5932433298827997,0,1,0,0,0,0,0,0,0,0,1,0,0
0.24602559825873724,0.8768744853299358,-0.25048878026670013,0.6430407984745662,1.1503154069168933,0,0,0,1,0,0,0,0,0,0,1,0,0
0.6285234113276646,0.33768959683143,-0.1883253265798991,-0.27546988243956544,1.043450964908969,0,0,0,0,0,1,0,0,0,0,1,0,0
6.365990607361574,4.111983816320971,0.007011446406886239,1.069036174414482,-0.24722361540782195,0,0,0,0,0,1,0,0,0,0,1,0,0
-0.5189700278791175,0.33768959683143,-0.3376051695883438,0.6224735530746535,-0.42248962238235643,0,1,0,0,0,0,0,0,0,0,1,0,0
-0.9014678409480448,-0.7406801801655817,0.007011446406886239,0.5072550516221067,0.8413640783716161,1,0,0,0,0,0,0,0,0,0,1,0,0
-0.5189700278791175,-0.20149529166707583,0.007011446406886239,0.9205794739378259,-0.33979587329303285,1,0,0,0,0,0,0,0,0,0,1,0,0
1.011021224396592,0.8768744853299358,0.007011446406886239,0.31865819971327464,1.2331706440148,0,0,0,0,0,0,0,1,0,0,0,0,1
0.6285234113276646,0.33768959683143,-0.29251477712538254,0.8148472908074755,1.2290997591846733,0,0,0,0,0,1,0,0,0,0,1,0,0
-0.9014678409480448,-0.7406801801655817,0.007011446406886239,0.1834074257694417,1.2220983128241285,1,0,0,0,0,0,0,0,0,0,1,0,0
-0.1364722148101901,-0.7406801801655817,-0.6335382308015657,0.563403150431967,-0.07303254395073651,0,1,0,0,0,0,0,0,0,0,1,0,0
-0.9014678409480448,-0.7406801801655817,0.007011446406886239,-1.2494378941466024,-0.49718030316843476,1,0,0,0,0,0,0,0,0,0,1,0,0
-0.1364722148101901,0.33768959683143,-0.47637851338211795,-1.0977278252319427,-0.547326788095572,0,0,0,1,0,0,0,0,0,0,1,0,0
0.24602559825873724,-0.20149529166707583,-0.2268491570336913,-0.9218992988899922,-1.7855613574734361,0,0,0,0,0,0,0,1,0,1,0,0,0
0.6285234113276646,0.8768744853299358,-0.07362937681974509,0.4355514985799847,0.49129968614080727,0,0,0,1,0,0,0,0,0,0,1,0,0
1.3935190374655193,3.0336140393239597,0.6705809842194221,-0.985376641103501,-0.822379504971258,0,0,0,0,0,1,0,0,0,0,1,0,0
1.011021224396592,1.4160593738284417,1.2396830250140796,1.077860363526405,-0.004853891879429019,0,0,0,1,0,0,0,0,0,0,1,0,0
-0.9014678409480448,-0.7406801801655817,-0.7346632857427702,0.5014768859878971,1.1765279819564616,0,1,0,0,0,0,0,0,0,0,1,0,0
-0.1364722148101901,-0.20149529166707583,-0.11215320727353727,-0.040742786294936585,-0.23925225027185673,0,1,0,0,0,0,0,0,0,0,1,0,0
1.011021224396592,2.4944291508254537,1.1994081113578423,0.43504172782128026,-0.6034493200649177,0,1,0,0,0,0,0,0,0,0,1,0,0
-0.1364722148101901,-0.20149529166707583,0.36414142379152975,0.06335698485513266,-0.650584004095526,1,0,0,0,0,0,0,0,0,0,1,0,0
-0.9014678409480448,-0.7406801801655817,-0.51140017743102,1.9607042746106258,0.34538982139165497,1,0,0,0,0,0,0,0,0,0,1,0,0
-0.9014678409480448,-0.7406801801655817,0.007011446406886239,0.3669455188676193,-0.6096274747986945,1,0,0,0,0,0,0,0,0,0,1,0,0
1.7760168505344465,0.33768959683143,0.007011446406886239,1.5862965539060616,0.40750524271055805,0,0,0,1,0,0,0,0,0,0,1,0,0
-0.1364722148101901,-0.20149529166707583,-0.20496061700312754,-1.9339385946351813,-2.737062574261833,0,0,0,1,0,0,0,0,0,0,1,0,0
-0.9014678409480448,-0.20149529166707583,-0.5070224694249073,0.7131004840136856,-0.024559391824250487,0,1,0,0,0,0,0,0,0,0,1,0,0
-0.9014678409480448,-0.7406801801655817,0.007011446406886239,-0.019614220284194808,1.130967558328561,1,0,0,0,0,0,0,0,0,0,1,0,0
2.158514663603374,0.33768959683143,0.007011446406886239,1.6690329208306163,0.45777259596329356,0,0,0,1,0,0,0,0,0,0,1,0,0
-0.5189700278791175,-0.20149529166707583,-0.1480504129236618,0.6208651976919327,-0.4126646126814037,0,1,0,0,0,0,0,0,0,0,1,0,0
-0.9014678409480448,-0.7406801801655817,0.007011446406886239,0.5137216941687921,0.36605236070022895,1,0,0,0,0,0,0,0,0,0,1,0,0
-0.1364722148101901,-0.20149529166707583,-0.33629185718651,-1.7256359526311191,-1.569188231157314,0,0,0,0,0,0,0,1,0,1,0,0,0
-0.1364722148101901,-0.20149529166707583,-0.3796311664470262,-1.1707155423652083,-0.3648730786526347,0,1,0,0,0,0,0,0,0,0,1,0,0
0.6285234113276646,-0.20149529166707583,0.007011446406886239,0.054422822725523005,0.9561998855156463,1,0,0,0,0,0,0,0,0,0,1,0,0
-0.1364722148101901,-0.7406801801655817,-0.7731871161965623,0.6205020576233143,0.24186808208921123,0,1,0,0,0,0,0,0,0,0,1,0,0
-0.5189700278791175,-0.20149529166707583,-0.5048336154218508,1.02239272276314,-0.13978653493989054,0,1,0,0,0,0,0,0,0,0,1,0,0
-0.5189700278791175,-0.20149529166707583,-0.5236577598481357,1.0642924424772437,0.8794366101652406,0,1,0,0,0,0,0,0,0,0,1,0,0
1.011021224396592,0.8768744853299358,0.06207957136975012,0.37167206752089754,0.8011773416064772,0,0,0,0,0,1,0,0,0,0,1,0,0
-0.9014678409480448,-0.7406801801655817,-0.675564227660248,0.14804766394698493,-0.6011112114741801,0,1,0,0,0,0,0,0,0,0,1,0,0
1.011021224396592,1.9552442623269475,0.007011446406886239,0.08288063213991326,-0.41982556560255047,0,0,0,1,0,0,0,0,0,0,1,0,0
-0.9014678409480448,-0.20149529166707583,-0.24873769706425503,-0.14087550994468584,-0.5350200148269902,0,1,0,0,0,0,0,0,0,0,1,0,0
0.6285234113276646,1.9552442623269475,0.007011446406886239,0.6314684294743858,-0.2701895879679518,1,0,0,0,0,0,0,0,0,0,1,0,0
-0.1364722148101901,8.483335059174191e-05,0.007011446406886239,-1.5440773738501612,-0.1920660485942952,0,0,0,1,0,0,0,0,0,0,1,0,0
-0.1364722148101901,-0.7406801801655817,0.007011446406886239,0.011174787993230703,1.448122081420952,1,0,0,0,0,0,0,0,0,0,1,0,0
-0.1364722148101901,8.483335059174191e-05,-0.6865084976755299,-0.3998986241180152,0.6991109758294058,0,0,0,1,0,0,0,0,0,0,1,0,0
-0.1364722148101901,8.483335059174191e-05,0.007011446406886239,-0.3757698567202831,1.8569740531249734,0,0,0,1,0,0,0,0,0,0,1,0,0
-0.9014678409480448,-0.7406801801655817,0.007011446406886239,0.8821255754425348,-0.26064396242899734,1,0,0,0,0,0,0,0,0,0,1,0,0
-0.1364722148101901,-0.7406801801655817,-0.7083970377060936,0.683860262401057,-0.14159955982175215,1,0,0,0,0,0,0,0,0,0,1,0,0
-0.5189700278791175,-0.20149529166707583,-0.40721072688553656,-1.8847634724739513,-2.3040042435759682,0,0,0,0,0,0,0,1,0,0,0,0,1
1.3935190374655193,0.33768959683143,0.03143561532696088,-1.046046234710747,-0.5469859790467135,0,0,0,0,0,1,0,0,0,0,1,0,0
1.011021224396592,8.483335059174191e-05,3.0235990375050243,1.0235886793297595,-0.2663297273452393,0,0,0,0,0,0,1,0,0,0,1,0,0
-0.1364722148101901,-0.20149529166707583,-0.33629185718651,0.0043576064529286685,1.2548912765330518,1,0,0,0,0,0,0,0,0,0,1,0,0
-0.9014678409480448,-0.7406801801655817,-0.6598044788382421,0.06836648491822317,0.9969037801978764,0,1,0,0,0,0,0,0,0,0,1,0,0
-0.1364722148101901,-0.20149529166707583,-0.24873769706425503,0.8927173517022663,0.012321299022571027,0,0,0,0,0,0,0,1,0,0,0,0,1
2.541012476672301,2.4944291508254537,0.007011446406886239,0.3337348130979112,0.46878944661119,0,0,0,0,0,1,0,0,0,0,1,0,0
-0.9014678409480448,-0.7406801801655817,0.007011446406886239,0.40457118307394896,0.012485759203056085,0,1,0,0,0,0,0,0,0,0,1,0,0
-0.1364722148101901,-0.20149529166707583,0.007011446406886239,-1.5399808789437153,-0.28774323543003455,1,0,0,0,0,0,0,0,0,0,1,0,0
-0.5189700278791175,-0.20149529166707583,-0.25749311307648054,-0.4295512445467448,-0.12367538159151226,0,1,0,0,0,0,0,0,0,0,1,0,0
0.6285234113276646,0.8768744853299358,0.3116089277181768,0.4522960360652657,0.4624557482126332,0,0,0,0,0,1,0,0,0,0,1,0,0
-0.9014678409480448,-0.7406801801655817,-0.5770657975227111,2.123451739616839,0.7871675138178047,1,0,0,0,0,0,0,0,0,0,1,0,0
0.24602559825873724,-0.20149529166707583,0.007011446406886239,0.06374990928263158,0.49544883816528423,0,0,0,0,0,1,0,0,0,0,1,0,0
-0.1364722148101901,-0.7406801801655817,0.007011446406886239,-0.03893281371324588,1.423250946649163,1,0,0,0,0,0,0,0,0,0,1,0,0
0.24602559825873724,-0.20149529166707583,0.007011446406886239,-0.4285591962835744,1.396957132243202,0,0,0,0,0,1,0,0,0,0,1,0,0
-0.9014678409480448,-0.7406801801655817,0.007011446406886239,0.5965577241405922,1.9464938904305296,1,0,0,0,0,0,0,0,0,0,1,0,0
0.24602559825873724,-0.20149529166707583,0.007011446406886239,-0.7670893655410967,0.5061437035199343,0,0,0,0,0,1,0,0,0,0,1,0,0
-0.9014678409480448,-0.7406801801655817,-0.5661215275074293,2.125840216093319,0.7056547077114568,1,0,0,0,0,0,0,0,0,0,1,0,0
-0.1364722148101901,-0.20149529166707583,-0.169063411353003,1.458395643306678,1.1427938304673555,0,0,0,1,0,0,0,0,0,0,1,0,0
2.9235102897412286,1.9552442623269475,0.007011446406886239,-1.090664349954228,0.029041747618260418,0,0,0,0,0,1,0,0,0,0,1,0,0
-0.1364722148101901,0.33768959683143,0.007011446406886239,-0.0992071917884326,1.8588217533460167,0,0,0,0,0,1,0,0,0,0,1,0,0
-0.1364722148101901,-0.20149529166707583,-0.2596819670795369,1.8287435267773586,0.8285500544257093,0,0,0,1,0,0,0,0,0,0,1,0,0
-0.1364722148101901,0.33768959683143,-0.2601197378801482,-1.2461570324541975,-0.35428818365961484,0,1,0,0,0,0,0,0,0,0,1,0,0
-0.5189700278791175,-0.20149529166707583,0.007011446406886239,0.1488472594293462,0.8647441735549307,1,0,0,0,0,0,0,0,0,0,1,0,0
-0.5189700278791175,-0.20149529166707583,0.007011446406886239,0.21322615127685945,-0.5491011747421484,1,0,0,0,0,0,0,0,0,0,1,0,0
-0.1364722148101901,-0.20149529166707583,0.009984846097008412,-1.1481401438414758,-1.8691943128951019,0,0,0,1,0,0,0,0,0,0,1,0,0
-0.1364722148101901,-0.7406801801655817,0.007011446406886239,-0.7759227190711807,-0.3910975423799507,1,0,0,0,0,0,0,0,0,0,1,0,0
-0.1364722148101901,8.483335059174191e-05,0.007011446406886239,-0.8137500004764804,-0.032493109448991496,0,0,0,0,0,0,0,1,0,0,0,0,1
-0.9014678409480448,-0.7406801801655817,0.007011446406886239,0.1526653851349382,-0.6063412433599096,0,0,0,0,0,0,0,1,0,0,0,0,1
0.6285234113276646,-0.20149529166707583,0.007011446406886239,-0.8032739249956742,-0.123824980912348,0,0,0,0,0,1,0,0,0,0,1,0,0
1.3935190374655193,8.483335059174191e-05,0.5593872008641584,-0.06372485587345021,1.0729259940118272,0,0,0,1,0,0,0,0,0,0,1,0,0
-0.9014678409480448,-0.7406801801655817,0.007011446406886239,0.9752028426804498,-0.09027213191135769,1,0,0,0,0,0,0,0,0,0,1,0,0
-0.5189700278791175,-0.7406801801655817,0.007011446406886239,1.2801282361884034,-0.11028970990951856,1,0,0,0,0,0,0,0,0,0,1,0,0
-0.1364722148101901,0.33768959683143,-0.16993895295422556,1.1562333218663814,1.1426898044495288,0,0,0,1,0,0,0,0,0,0,1,0,0
0.24602559825873724,-0.20149529166707583,0.007011446406886239,0.49887075458068597,1.4252997638379952,0,0,0,1,0,0,0,0,0,0,1,0,0
1.3935190374655193,0.33768959683143,0.14525602348589234,2.132706656381185,0.8530665100130516,0,0,0,1,0,0,0,0,0,0,1,0,0
0.6285234113276646,0.33768959683143,-0.0386077127708431,-1.2978764262002358,-1.878285196127464,0,0,0,0,0,1,0,0,0,0,1,0,0
-0.1364722148101901,-0.20149529166707583,-0.12309747728881915,-0.12442423383973969,-0.48462485818093276,0,1,0,0,0,0,0,0,0,0,1,0,0
-0.5189700278791175,-0.20149529166707583,0.007011446406886239,0.2193766213978484,0.5886303912976655,0,0,0,1,0,0,0,0,0,0,1,0,0
-0.1364722148101901,0.33768959683143,0.007011446406886239,-0.9253187724066838,0.40022441218801497,0,0,0,0,0,0,0,1,0,0,0,0,1
-0.1364722148101901,0.33768959683143,-0.37350237523846835,0.7476663781151012,-0.06366425800407584,0,1,0,0,0,0,0,0,0,0,1,0,0
-0.9014678409480448,-0.7406801801655817,-0.4304125793179341,-0.8675439893778625,-1.3087457208017659,1,0,0,0,0,0,0,0,0,0,1,0,0
0.24602559825873724,0.8768744853299358,0.27658726366927483,-2.0060259076867224,-1.986651575687831,0,0,0,0,0,0,0,1,0,1,0,0,0
-0.9014678409480448,-0.7406801801655817,0.007011446406886239,0.11747516504801041,-0.6111660691383001,1,0,0,0,0,0,0,0,0,0,1,0,0
-0.1364722148101901,8.483335059174191e-05,0.007011446406886239,0.04236359401191825,1.700332666234008,0,0,0,0,1,0,0,0,0,0,1,0,0
1.011021224396592,0.8768744853299358,0.007011446406886239,0.12383068902472885,-0.056521138114620895,0,0,0,1,0,0,0,0,0,0,1,0,0
2.158514663603374,1.9552442623269475,0.5913444693087814,-1.4930613491959985,-0.317291578107219,0,0,0,0,0,1,0,0,0,0,1,0,0
1.011021224396592,0.8768744853299358,0.6662032762133094,0.47446820019113967,0.5909803885761507,0,0,0,0,0,0,0,1,0,0,0,0,1
-0.9014678409480448,-0.7406801801655817,0.007011446406886239,1.9140001086890797,0.3082604588260541,1,0,0,0,0,0,0,0,0,0,1,0,0
0.24602559825873724,0.8768744853299358,0.350132758171969,0.7617165766686471,-0.05351825373393781,0,0,0,1,0,0,0,0,0,0,1,0,0
-0.1364722148101901,-0.7406801801655817,-0.4895116374004562,-1.3169120682193116,0.08318679452511861,1,0,0,0,0,0,0,0,0,0,1,0,0
0.6285234113276646,0.33768959683143,0.12774519146144134,-1.3735939943855182,1.6547861127418364,0,0,0,0,0,1,0,0,0,0,1,0,0
-0.1364722148101901,8.483335059174191e-05,0.007011446406886239,0.08633676332908571,-0.5968342560562404,0,0,0,1,0,0,0,0,0,0,1,0,0
1.3935190374655193,0.8768744853299358,0.27658726366927483,0.327299100462468,0.7247122741739633,0,0,0,0,0,1,0,0,0,0,1,0,0
-0.1364722148101901,-0.20149529166707583,-0.3923265196647532,-1.1760767269743586,-1.3222146132978518,0,0,0,1,0,0,0,0,0,0,1,0,0
0.6285234113276646,0.8768744853299358,0.007011446406886239,0.21532709413432446,2.2996751002997553,0,0,0,1,0,0,0,0,0,0,1,0,0
-0.9014678409480448,-0.7406801801655817,-0.7083970377060936,-0.9158622384434494,-0.8731570810732202,1,0,0,0,0,0,0,0,0,0,1,0,0
-0.5189700278791175,-0.20149529166707583,-0.423846017308765,0.12216734713320558,0.9512928296470836,1,0,0,0,0,0,0,0,0,0,1,0,0
-0.5189700278791175,-0.20149529166707583,-0.4107128932904267,-1.1612635906110136,-0.11534933727095951,0,1,0,0,0,0,0,0,0,0,1,0,0
-0.5189700278791175,-0.7406801801655817,-0.5411685918725866,-0.36178839130274043,0.2381033309684796,0,1,0,0,0,0,0,0,0,0,1,0,0
0.6285234113276646,8.483335059174191e-05,0.007011446406886239,0.6237703182407988,-0.27611015446710335,1,0,0,0,0,0,0,0,0,0,1,0,0
-0.5189700278791175,-0.20149529166707583,-0.5310998634585273,0.48925269774780306,1.091380209570826,0,1,0,0,0,0,0,0,0,0,1,0,0
1.7760168505344465,0.8768744853299358,0.4149228366624377,-0.5195137551709431,0.6027383007603613,0,0,0,0,0,1,0,0,0,0,1,0,0
-0.5189700278791175,-0.7406801801655817,-0.5770657975227111,2.1889887848062113,0.35442522408124194,1,0,0,0,0,0,0,0,0,0,1,0,0
1.7760168505344465,0.33768959683143,0.7082292730719918,1.3006748616475965,0.38367734028879735,0,0,0,0,0,1,0,0,0,0,1,0,0
-0.1364722148101901,0.33768959683143,0.013924783302509887,-0.4080698484378258,0.14937409139835045,0,0,0,1,0,0,0,0,0,0,1,0,0
-0.5189700278791175,-0.20149529166707583,-0.33629185718651,0.5430547055149844,-0.3231675620274226,0,1,0,0,0,0,0,0,0,0,1,0,0
-0.1364722148101901,-0.20149529166707583,-0.4290992669161003,-1.041442260150076,-0.8721405982705889,0,0,0,1,0,0,0,0,0,0,1,0,0
1.7760168505344465,8.483335059174191e-05,0.4166739198648828,-1.313367729505534,-0.5553021161275,0,0,0,0,0,1,0,0,0,0,1,0,0
-0.1364722148101901,0.33768959683143,0.15401143949811785,-1.3106951560667988,-0.03965901599002135,0,0,0,0,0,1,0,0,0,0,1,0,0
3.306008102810156,0.8768744853299358,0.007011446406886239,-0.28741913813556497,0.23237892781709313,0,0,0,1,0,0,0,0,0,0,1,0,0
-0.5189700278791175,-0.7406801801655817,0.007011446406886239,0.3957847971868684,0.6171592790004576,1,0,0,0,0,0,0,0,0,0,1,0,0
-0.1364722148101901,-0.7406801801655817,0.007011446406886239,0.48450552915372386,1.1937913472927189,1,0,0,0,0,0,0,0,0,0,1,0,0
-0.9014678409480448,-0.7406801801655817,0.007011446406886239,0.21564670321678037,-0.5990772551449971,1,0,0,0,0,0,0,0,0,0,1,0,0
0.24602559825873724,0.33768959683143,-0.15067703772732946,-1.2805900424927277,-1.5019071750111619,0,0,0,1,0,0,0,0,0,0,1,0,0
-0.1364722148101901,0.8768744853299358,0.10147894342476486,1.5977440577091557,0.9005182257170231,0,0,0,1,0,0,0,0,0,0,1,0,0
0.24602559825873724,1.4160593738284417,0.9174837157641812,0.3853992203351467,-0.6479585855508645,0,1,0,0,0,0,0,0,0,0,1,0,0
0.6285234113276646,-0.20149529166707583,0.007011446406886239,-0.30433665401321586,0.8069938820879428,0,0,0,0,0,1,0,0,0,0,1,0,0
-0.5189700278791175,-0.20149529166707583,0.007011446406886239,0.3910330463837494,-0.3068751061907877,0,0,0,1,0,0,0,0,0,0,1,0,0
0.24602559825873724,0.8768744853299358,0.9660762746320327,0.6034928975643801,-0.1746322787336088,0,0,0,0,0,0,1,0,0,0,1,0,0
-0.1364722148101901,-0.20149529166707583,0.007011446406886239,0.6103753755839258,0.32775493456317956,0,0,0,0,0,0,0,1,0,0,0,0,1
0.6285234113276646,-0.20149529166707583,0.007011446406886239,0.37167664972993725,0.8151742899834818,0,0,0,0,0,0,1,0,0,0,1,0,0
1.011021224396592,0.8768744853299358,0.06207957136975012,2.108222767780715,0.8484972910213049,0,0,0,0,0,1,0,0,0,0,1,0,0
-0.1364722148101901,0.33768959683143,-0.08194702203135931,0.5641237028078024,-0.22893683220120975,0,1,0,0,0,0,0,0,0,0,1,0,0
-0.5189700278791175,-0.20149529166707583,-0.4895116374004562,0.5622163582834269,-0.39151166500313545,0,1,0,0,0,0,0,0,0,0,1,0,0
0.24602559825873724,-0.20149529166707583,-0.5394175086701415,-0.8404654248928215,0.4986350064822053,0,0,0,1,0,0,0,0,0,0,1,0,0
0.24602559825873724,0.33768959683143,0.3116089277181768,0.8691636515425638,1.3606470984084063,0,0,0,0,0,0,0,1,0,0,0,0,1
1.011021224396592,0.33768959683143,0.36414142379152975,-1.4157216790007945,-0.03607754880552767,0,0,0,0,0,1,0,0,0,0,1,0,0
-0.1364722148101901,-0.20149529166707583,0.007011446406886239,0.02383314054250697,0.5549913493105402,0,0,0,1,0,0,0,0,0,0,1,0,0
1.011021224396592,0.33768959683143,0.10147894342476486,-0.949918361786079,0.11401019896362073,0,0,0,0,0,1,0,0,0,0,1,0,0
-0.9014678409480448,-0.7406801801655817,-0.5363531130658626,-0.3072841599958827,-0.5808717113046368,0,1,0,0,0,0,0,0,0,0,1,0,0
1.011021224396592,0.8768744853299358,0.2853426796815003,1.5604448758988825,0.5568469753233684,0,0,0,0,0,1,0,0,0,0,1,0,0
0.24602559825873724,-0.20149529166707583,-0.169063411353003,-1.0452580947511074,-0.7512891151254263,0,1,0,0,0,0,0,0,0,0,1,0,0
-0.5189700278791175,-0.7406801801655817,-0.5223444474463018,1.936194038308035,0.30284318010826466,0,0,0,0,0,0,0,1,0,0,0,0,1
0.24602559825873724,0.8768744853299358,0.007011446406886239,0.7242845107954069,-0.21071642750120004,1,0,0,0,0,0,0,0,0,0,1,0,0
-0.9014678409480448,-0.20149529166707583,-0.4807562213882307,0.554718718696611,-0.3453191594766304,0,1,0,0,0,0,0,0,0,0,1,0,0
-0.5189700278791175,-0.7406801801655817,0.22186591359286545,-0.9258170876428297,-1.8651036135853019,0,0,0,0,0,1,0,0,0,0,1,0,0
-0.1364722148101901,8.483335059174191e-05,0.007011446406886239,-1.5295471888967913,-0.21594745011099056,0,0,0,0,1,0,0,0,0,0,1,0,0
0.24602559825873724,0.8768744853299358,0.09841454782048593,-1.9024427806090394,-2.163354132431985,0,0,0,0,0,0,0,1,0,0,0,0,1
0.24602559825873724,-0.20149529166707583,-0.16118353694200005,-2.3313432770978215,-2.978340519965287,0,0,0,1,0,0,0,0,0,0,1,0,0
-0.1364722148101901,-0.20149529166707583,0.007011446406886239,0.2270392205111534,-0.5810985870959023,0,0,0,0,0,0,1,0,0,0,1,0,0
-0.5189700278791175,-0.20149529166707583,-0.3748156876403022,-1.1302546362982961,-1.216329997305255,0,1,0,0,0,0,0,0,0,0,1,0,0
-0.5189700278791175,-0.7406801801655817,-0.51140017743102,0.5462840173554274,-0.15965055072139367,0,0,0,1,0,0,0,0,0,0,1,0,0
-0.1364722148101901,-0.20149529166707583,-0.3660602716280767,-1.1125134683408051,-2.1399542227691377,0,0,0,0,0,0,1,0,0,0,1,0,0
-0.5189700278791175,-0.7406801801655817,-0.5770657975227111,2.199366342792052,0.43276176911029424,0,1,0,0,0,0,0,0,0,0,1,0,0
-0.5189700278791175,-0.7406801801655817,0.007011446406886239,0.10844248542351699,0.8283449745619575,1,0,0,0,0,0,0,0,0,0,1,0,0
0.24602559825873724,0.8768744853299358,0.6465035901858021,0.9513398434086512,1.1776247134014244,0,0,0,1,0,0,0,0,0,0,1,0,0
-0.5189700278791175,-0.20149529166707583,0.007011446406886239,0.6793891719033526,-0.35998187436764156,1,0,0,0,0,0,0,0,0,0,1,0,0
-0.1364722148101901,-0.7406801801655817,-0.8178397378589124,-0.9287920868798978,-0.7964126294784265,1,0,0,0,0,0,0,0,0,0,1,0,0
1.011021224396592,1.9552442623269475,0.007011446406886239,-1.1968547539914023,0.3893026710422402,0,0,0,1,0,0,0,0,0,0,1,0,0
-0.1364722148101901,-0.20149529166707583,0.007011446406886239,0.27331380433255703,-0.39673971544102427,1,0,0,0,0,0,0,0,0,0,1,0,0
0.6285234113276646,0.33768959683143,-0.16118353694200005,2.1509919616653823,0.41535573952120663,0,0,0,0,0,1,0,0,0,0,1,0,0
0.6285234113276646,0.33768959683143,0.007011446406886239,0.5290972966950835,0.71982007916505,0,0,0,0,0,1,0,0,0,0,1,0,0
-0.9014678409480448,-0.7406801801655817,-0.5464218414799219,-1.1405634611481341,-0.8887669280882177,1,0,0,0,0,0,0,0,0,0,1,0,0
-0.1364722148101901,-0.20149529166707583,-0.41333951809409436,-1.160336838827087,0.18646976934868995,0,0,0,1,0,0,0,0,0,0,1,0,0
-0.1364722148101901,-0.20149529166707583,-0.33191414918039724,-1.4390336676322053,-1.5427081606433541,0,0,0,1,0,0,0,0,0,0,1,0,0
-0.1364722148101901,-0.7406801801655817,-0.7521741177672211,0.25553597870250366,-0.5534722489381485,1,0,0,0,0,0,0,0,0,0,1,0,0
1.3935190374655193,0.8768744853299358,0.007011446406886239,1.0929518690905227,0.0201698143852382,0,0,0,0,0,0,1,0,0,0,1,0,0
-0.9014678409480448,-0.7406801801655817,-0.6689976656510789,-1.584459236810629,-0.314321387617877,0,1,0,0,0,0,0,0,0,0,1,0,0
0.24602559825873724,-0.20149529166707583,-0.458867681357667,-1.6536288282383025,-1.8019251454366974,0,0,0,1,0,0,0,0,0,0,1,0,0
0.24602559825873724,0.8768744853299358,0.6880918162438732,0.8936796156064748,-0.24665493984391834,0,0,0,0,0,0,1,0,0,0,1,0,0
-0.9014678409480448,-0.20149529166707583,-0.5595549654982602,0.5270078093602586,-0.45155845465381467,0,1,0,0,0,0,0,0,0,0,1,0,0
-0.9014678409480448,-0.7406801801655817,0.007011446406886239,0.1488472594293462,0.8647441735549307,1,0,0,0,0,0,0,0,0,0,1,0,0
-0.1364722148101901,-0.7406801801655817,0.007011446406886239,0.6168683658327323,1.5537491091790643,0,0,0,1,0,0,0,0,0,0,1,0,0
-0.1364722148101901,-0.7406801801655817,0.007011446406886239,-0.03893281371324588,1.423250946649163,1,0,0,0,0,0,0,0,0,0,1,0,0
0.6285234113276646,0.33768959683143,0.36414142379152975,0.08549707351748417,0.9595584398048372,1,0,0,0,0,0,0,0,0,0,1,0,0
-0.5189700278791175,-0.7406801801655817,0.007011446406886239,0.11129720167262015,-0.35978967391569855,0,0,0,0,0,0,0,1,0,0,0,0,1
-0.1364722148101901,-0.7406801801655817,0.007011446406886239,0.11650488227792125,-0.4896755690265278,0,0,1,0,0,0,0,0,0,0,1,0,0
-0.5189700278791175,-0.20149529166707583,-0.42472155890998753,0.7617165766686471,-0.05351825373393781,0,0,0,1,0,0,0,0,0,0,1,0,0
1.7760168505344465,1.9552442623269475,1.7650079857476093,-1.0199940850569598,-0.1198442519641781,0,0,0,0,0,0,0,1,0,0,0,0,1
-0.1364722148101901,-0.20149529166707583,-0.05086529518795879,-2.0916891606532246,-2.1387049198314374,0,0,0,1,0,0,0,0,0,0,1,0,0
-0.5189700278791175,-0.20149529166707583,0.007011446406886239,0.5563694595132139,1.6918976422757455,0,1,0,0,0,0,0,0,0,0,1,0,0
0.24602559825873724,-0.20149529166707583,0.7143580642805497,0.08595987663326664,-0.6082523499156537,1,0,0,0,0,0,0,0,0,0,1,0,0
-0.9014678409480448,8.483335059174191e-05,-0.5372286546670851,-0.31930558548480775,0.06802970836859112,0,1,0,0,0,0,0,0,0,0,1,0,0
-0.9014678409480448,-0.7406801801655817,-0.6908862056816426,-0.00957574576941171,1.17724328466944,1,0,0,0,0,0,0,0,0,0,1,0,0
-0.9014678409480448,-0.7406801801655817,-0.6208428775838387,-0.00998470792867185,1.0627235184747121,1,0,0,0,0,0,0,0,0,0,1,0,0
-0.9014678409480448,-0.7406801801655817,-0.6510490628260166,-0.901928886221109,-0.8846851452942636,1,0,0,0,0,0,0,0,0,0,1,0,0
-0.5189700278791175,-0.7406801801655817,-0.4023952480788125,-1.4245504503217574,1.5081668896236498,0,1,0,0,0,0,0,0,0,0,1,0,0
-0.1364722148101901,-0.7406801801655817,-0.423846017308765,-1.4614979475861338,0.011410823685747829,1,0,0,0,0,0,0,0,0,0,1,0,0
-0.1364722148101901,8.483335059174191e-05,0.8456893044639321,1.077860363526405,-0.004853891879429019,0,0,0,0,0,1,0,0,0,0,1,0,0
0.6285234113276646,-0.20149529166707583,0.013924783302509887,-1.1336523443219881,0.33651689743457164,0,0,0,1,0,0,0,0,0,0,1,0,0
-0.1364722148101901,-0.7406801801655817,-0.7083970377060936,0.7262170574697046,-0.4459222259365445,1,0,0,0,0,0,0,0,0,0,1,0,0
0.6285234113276646,1.9552442623269475,0.007011446406886239,-0.46800514304203594,1.0357560117631004,0,0,0,0,0,1,0,0,0,0,1,0,0
-0.9014678409480448,-0.7406801801655817,-0.5989543375532749,-1.4276377136810727,-0.08050557492522267,1,0,0,0,0,0,0,0,0,0,1,0,0
-0.1364722148101901,-0.7406801801655817,-0.7766892826014525,0.4963322107571978,-0.2359145011862593,1,0,0,0,0,0,0,0,0,0,1,0,0
-0.1364722148101901,-0.20149529166707583,-0.4326014333209905,-1.080030188260614,-2.112564667642275,0,0,0,0,0,0,0,1,0,1,0,0,0
2.9235102897412286,1.9552442623269475,0.007011446406886239,0.8435216096002354,0.889480569865674,0,0,0,0,0,1,0,0,0,0,1,0,0
-0.1364722148101901,-0.7406801801655817,0.007011446406886239,-0.049025129184632706,1.4933585383077657,1,0,0,0,0,0,0,0,0,0,1,0,0
-0.1364722148101901,-0.20149529166707583,0.007011446406886239,0.743898656709272,-0.054086929297982186,0,1,0,0,0,0,0,0,0,0,1,0,0
-0.1364722148101901,-0.7406801801655817,-0.5420441334738092,0.1391455772809791,0.024424973875523302,0,1,0,0,0,0,0,0,0,0,1,0,0
-0.9014678409480448,-0.20149529166707583,-0.46762309736989244,0.28598246685219314,-0.4323542610425148,1,0,0,0,0,0,0,0,0,0,1,0,0
-0.1364722148101901,-0.20149529166707583,0.007011446406886239,-0.3938283426556696,1.2116600449801835,0,0,0,1,0,0,0,0,0,0,1,0,0
-0.5189700278791175,-0.20149529166707583,0.007011446406886239,0.2687315952649671,0.6294175067941288,0,1,0,0,0,0,0,0,0,0,1,0,0
-0.5189700278791175,0.33768959683143,0.007011446406886239,0.6315829847010307,-0.4523837277284232,0,0,0,0,0,0,0,1,0,0,0,0,1
-0.1364722148101901,-0.20149529166707583,-0.47287634697722775,-1.547352507781246,0.016529894485926806,0,0,0,1,0,0,0,0,0,0,1,0,0
-0.9014678409480448,-0.7406801801655817,-0.6646199576449662,1.0699972927664103,-0.0717574821895596,1,0,0,0,0,0,0,0,0,0,1,0,0
-0.9014678409480448,-0.7406801801655817,-0.5989543375532749,0.3346100150298761,0.6031633213473734,1,0,0,0,0,0,0,0,0,0,1,0,0
-0.5189700278791175,-0.7406801801655817,-0.5551772574921474,2.172696740466353,0.4127392374922503,1,0,0,0,0,0,0,0,0,0,1,0,0
0.24602559825873724,-0.20149529166707583,0.007011446406886239,0.16637993687418562,1.435010840281355,0,0,0,0,0,1,0,0,0,0,1,0,0
-0.1364722148101901,-0.7406801801655817,0.007011446406886239,0.8103028849646466,-0.2924868218420325,1,0,0,0,0,0,0,0,0,0,1,0,0
-0.5189700278791175,-0.7406801801655817,-0.5661215275074293,1.9003714733697956,0.21245844076889447,1,0,0,0,0,0,0,0,0,0,1,0,0
0.24602559825873724,0.8768744853299358,0.10147894342476486,0.9119259721136307,0.9382380597741822,0,1,0,0,0,0,0,0,0,0,1,0,0
0.24602559825873724,-0.20149529166707583,-0.30039465153638545,-0.7275792678557531,-0.021232540702339597,0,0,0,1,0,0,0,0,0,0,1,0,0
-0.5189700278791175,-0.20149529166707583,-0.35205160600851587,-1.7224570450905203,-1.9854339759174104,0,0,0,0,0,0,1,0,0,0,1,0,0
-0.9014678409480448,-0.7406801801655817,-0.6217184191850612,0.5343473627342669,1.5878904482236313,1,0,0,0,0,0,0,0,0,0,1,0,0
-0.1364722148101901,-0.7406801801655817,-0.41333951809409436,0.07909687300232289,0.8726689746639665,0,0,0,0,0,0,1,0,0,0,1,0,0
0.24602559825873724,8.483335059174191e-05,-0.16118353694200005,-2.206007258023966,-2.7856288544424594,0,0,0,1,0,0,0,0,0,0,1,0,0
-0.5189700278791175,-0.20149529166707583,-0.5100868650291861,-0.2382967113786585,-0.1908137734846932,0,1,0,0,0,0,0,0,0,0,1,0,0
-0.1364722148101901,-0.20149529166707583,0.007011446406886239,-0.7546085735932301,0.4774731422880912,0,1,0,0,0,0,0,0,0,0,1,0,0
0.24602559825873724,0.8768744853299358,0.007011446406886239,-0.3082681893931725,-0.27680068908052546,0,0,0,0,0,1,0,0,0,0,1,0,0
1.011021224396592,0.8768744853299358,0.2940980956937258,1.1614662046216047,1.1876458864501422,0,0,0,0,0,1,0,0,0,0,1,0,0
-0.1364722148101901,-0.20149529166707583,-0.13272843490226718,0.08644788189897123,-0.012166425569392918,0,1,0,0,0,0,0,0,0,0,1,0,0
-0.5189700278791175,-0.7406801801655817,-0.51140017743102,1.4018970055031197,0.7988154556402445,0,1,0,0,0,0,0,0,0,0,1,0,0
-0.1364722148101901,-0.20149529166707583,0.4516955839137847,0.3784640469113588,-0.4874464400735001,1,0,0,0,0,0,0,0,0,0,1,0,0
-0.1364722148101901,0.8768744853299358,0.36414142379152975,-2.055726838338418,-2.1441578646126103,0,0,0,1,0,0,0,0,0,0,1,0,0
0.6285234113276646,0.33768959683143,0.007011446406886239,-0.6976333860466887,1.0082782822021212,0,0,0,1,0,0,0,0,0,0,1,0,0
-0.1364722148101901,-0.7406801801655817,0.007011446406886239,0.33450920643035037,-0.5433470498714632,1,0,0,0,0,0,0,0,0,0,1,0,0
0.24602559825873724,-0.20149529166707583,0.007011446406886239,0.3310610941069771,1.075480080430003,0,0,0,0,0,1,0,0,0,0,1,0,0
-0.9014678409480448,-0.20149529166707583,-0.4181549969008184,0.48830990823211523,2.186163891115733,0,0,0,0,0,0,0,1,0,0,0,0,1
-0.5189700278791175,-0.20149529166707583,0.007011446406886239,0.46031146527682937,-0.23076868083868343,1,0,0,0,0,0,0,0,0,0,1,0,0
-0.1364722148101901,-0.20149529166707583,-0.20102067979762608,-0.2327224540478981,-0.5785603522614369,0,1,0,0,0,0,0,0,0,0,1,0,0
-0.5189700278791175,-0.20149529166707583,0.007011446406886239,0.7650466971085345,1.6031030149229342,1,0,0,0,0,0,0,0,0,0,1,0,0
-0.1364722148101901,-0.20149529166707583,-0.46762309736989244,1.4030116278588158,0.7567998424096744,1,0,0,0,0,0,0,0,0,0,1,0,0
-0.1364722148101901,8.483335059174191e-05,-0.3875110408580292,1.576789615643064,0.9178152756685417,0,0,0,0,0,0,1,0,0,0,1,0,0
-0.9014678409480448,-0.7406801801655817,0.007011446406886239,0.6707093223770364,-0.06297570483863511,1,0,0,0,0,0,0,0,0,0,1,0,0
0.24602559825873724,-0.20149529166707583,0.007011446406886239,-0.37415348247168184,1.4704926288696405,0,0,0,1,0,0,0,0,0,0,1,0,0
-0.5189700278791175,-0.7406801801655817,0.007011446406886239,0.46313410606241007,0.48026797463326154,0,0,0,0,0,0,0,1,0,0,0,0,1
-0.5189700278791175,-0.7406801801655817,-0.16118353694200005,-2.173997091029998,-2.270602975343936,0,0,0,1,0,0,0,0,0,0,1,0,0
-0.9014678409480448,-0.7406801801655817,-0.5770657975227111,2.01991672573444,0.26985306232737455,1,0,0,0,0,0,0,0,0,0,1,0,0
-0.1364722148101901,0.8768744853299358,0.007011446406886239,0.6200461278211322,0.4180861748076151,0,0,0,0,0,1,0,0,0,0,1,0,0
0.24602559825873724,-0.7406801801655817,-0.423846017308765,-0.8632745160791281,-1.309354025324875,0,0,0,0,0,0,0,1,0,1,0,0,0
-0.5189700278791175,-0.20149529166707583,-0.19664297179151333,0.48830990823211523,2.186163891115733,0,0,0,0,0,0,0,1,0,0,0,0,1
-0.5189700278791175,-0.20149529166707583,-0.4925760330047351,-0.1750186952596406,-0.4589730329134831,1,0,0,0,0,0,0,0,0,0,1,0,0
0.24602559825873724,0.33768959683143,0.007011446406886239,0.6253248326669971,1.4353159832668299,0,0,0,1,0,0,0,0,0,0,1,0,0
-0.9014678409480448,-0.7406801801655817,-0.6195295651820049,0.5034655647231963,2.238121419476891,1,0,0,0,0,0,0,0,0,0,1,0,0
1.011021224396592,-0.20149529166707583,0.007011446406886239,-1.0273370750877273,-0.6842032316031188,0,0,0,0,0,1,0,0,0,0,1,0,0
1.7760168505344465,7.347093147312006,13.497265442129775,-1.3614637414313497,-1.6303297708048339,0,0,0,1,0,0,0,0,0,0,1,0,0
-0.1364722148101901,-0.7406801801655817,0.007011446406886239,0.7474773619910514,1.5912420674449577,1,0,0,0,0,0,0,0,0,0,1,0,0
-0.1364722148101901,-0.20149529166707583,-0.1743166609603383,-1.489471188391579,1.1645986745239014,0,1,0,0,0,0,0,0,0,0,1,0,0
-0.5189700278791175,-0.7406801801655817,-0.51140017743102,0.7183127468280265,-0.45351414378850674,1,0,0,0,0,0,0,0,0,0,1,0,0
-0.9014678409480448,-0.7406801801655817,-0.6077097535655004,-1.0398659802307963,-0.9756950314643736,1,0,0,0,0,0,0,0,0,0,1,0,0
-0.5189700278791175,-0.7406801801655817,0.007011446406886239,0.1529758297992332,0.937957684887982,1,0,0,0,0,0,0,0,0,0,1,0,0
0.6285234113276646,0.8768744853299358,0.25688757764176745,-1.3919869815828416,-1.257526281805161,0,0,0,1,0,0,0,0,0,0,1,0,0
-0.1364722148101901,-0.7406801801655817,0.007011446406886239,-0.3443267380983835,-0.210830360758793,1,0,0,0,0,0,0,0,0,0,1,0,0
-0.9014678409480448,-0.7406801801655817,0.007011446406886239,0.7244872735466572,-0.14551688243522123,0,0,0,0,0,0,0,1,0,1,0,0,0
-0.1364722148101901,-0.7406801801655817,0.007011446406886239,-0.4052174232932018,0.9330456753995362,0,0,0,1,0,0,0,0,0,0,1,0,0
0.24602559825873724,1.9552442623269475,0.732306667105612,0.7873036321020915,-0.1582159823996148,1,0,0,0,0,0,0,0,0,0,1,0,0
0.6285234113276646,0.8768744853299358,0.864513448890217,-2.277867751726615,-2.905505465192178,0,0,0,0,0,1,0,0,0,0,1,0,0
-0.5189700278791175,-0.7406801801655817,0.007011446406886239,1.2116001540302022,-0.11274472392989156,1,0,0,0,0,0,0,0,0,0,1,0,0
-0.9014678409480448,-0.7406801801655817,0.007011446406886239,-0.22925601288828446,-0.5178646384045226,1,0,0,0,0,0,0,0,0,0,1,0,0
-0.9014678409480448,-0.20149529166707583,-0.51140017743102,0.47858760614294715,-0.19422582686867793,1,0,0,0,0,0,0,0,0,0,1,0,0
-0.1364722148101901,-0.20149529166707583,0.007011446406886239,0.7018419963345596,0.39100968845829365,0,0,0,0,0,1,0,0,0,0,1,0,0
-0.5189700278791175,-0.20149529166707583,-0.5897611507404381,-1.1371657531245236,-0.04409547796856301,0,1,0,0,0,0,0,0,0,0,1,0,0
-0.5189700278791175,-0.7406801801655817,-0.5223444474463018,-1.3163461653994428,-0.5162844336577299,1,0,0,0,0,0,0,0,0,0,1,0,0
0.24602559825873724,1.4160593738284417,0.007011446406886239,0.83744101816753,1.570091101214671,0,0,0,0,0,1,0,0,0,0,1,0,0
-0.1364722148101901,-0.20149529166707583,-0.056118544795294094,1.2702386834682668,0.6183025744723498,0,0,0,1,0,0,0,0,0,0,1,0,0
-0.5189700278791175,-0.20149529166707583,-0.43172589171976794,-0.40175212768586843,-0.2229994233944275,0,1,0,0,0,0,0,0,0,0,1,0,0
-0.1364722148101901,-0.20149529166707583,0.29628694969678215,-1.430353818105889,-2.092349935572288,0,0,0,1,0,0,0,0,0,0,1,0,0
-0.5189700278791175,-0.7406801801655817,0.007011446406886239,0.45685075187853574,0.5630687219123136,1,0,0,0,0,0,0,0,0,0,1,0,0
-0.5189700278791175,-0.20149529166707583,-0.5057091570230734,1.984178931663965,0.32834639677879884,0,1,0,0,0,0,0,0,0,0,1,0,0
-0.9014678409480448,-0.7406801801655817,-0.6637444160437436,-1.0064135629327966,-0.8960428049908777,1,0,0,0,0,0,0,0,0,0,1,0,0
0.6285234113276646,1.4160593738284417,0.8268651600376473,-0.3346949346382999,-0.23914822425402998,0,0,0,0,0,0,1,0,0,0,1,0,0
-0.9014678409480448,-0.7406801801655817,-0.7219679325250432,0.14791477988409954,1.113605120594501,0,1,0,0,0,0,0,0,0,0,1,0,0
0.24602559825873724,-0.20149529166707583,0.007011446406886239,1.9854928801140705,0.9034299634916881,0,0,0,0,0,1,0,0,0,0,1,0,0
0.24602559825873724,-0.20149529166707583,0.007011446406886239,1.507557018840626,1.2295287426675074,0,0,0,1,0,0,0,0,0,0,1,0,0
-0.1364722148101901,8.483335059174191e-05,0.007011446406886239,-1.06621597347404,-0.84737943386043,0,0,0,1,0,0,0,0,0,0,1,0,0
0.24602559825873724,0.8768744853299358,1.1534421772936583,-2.142037328335794,-2.455885201747305,0,0,0,0,0,0,0,1,0,1,0,0,0
1.011021224396592,0.33768959683143,0.007011446406886239,-0.38727807479358145,0.5828564519473072,0,0,0,0,0,1,0,0,0,0,1,0,0
0.6285234113276646,-0.20149529166707583,0.007011446406886239,-0.43743149859069974,0.7247122741739633,0,0,0,0,0,1,0,0,0,0,1,0,0
-0.1364722148101901,-0.20149529166707583,-0.38006893724763746,0.27577101394504017,0.9391297113553934,1,0,0,0,0,0,0,0,0,0,1,0,0
0.6285234113276646,0.8768744853299358,0.007011446406886239,-0.7281508984369419,0.07442582237778764,0,0,0,1,0,0,0,0,0,0,1,0,0
-0.9014678409480448,-0.7406801801655817,0.007011446406886239,0.7545591661050067,-0.1469128125217148,1,0,0,0,0,0,0,0,0,0,1,0,0
1.011021224396592,-0.20149529166707583,0.007011446406886239,1.7383067575146565,0.49731536214193967,0,0,0,0,0,1,0,0,0,0,1,0,0
0.24602559825873724,0.33768959683143,0.1794021459335718,0.5924990324589073,-0.3734725627913823,0,1,0,0,0,0,0,0,0,0,1,0,0
0.24602559825873724,-0.20149529166707583,0.007011446406886239,-0.20006848667989788,0.937153217016967,0,0,0,0,0,1,0,0,0,0,1,0,0
-0.5189700278791175,-0.7406801801655817,0.007011446406886239,0.4619988637659131,1.097498920865865,0,1,0,0,0,0,0,0,0,0,1,0,0
-0.1364722148101901,-0.20149529166707583,-0.5332887174615837,0.5798051677894306,1.1107102251274665,0,0,0,0,1,0,0,0,0,0,1,0,0
0.24602559825873724,0.8768744853299358,0.7336199795074457,0.27336993639363993,-0.6627391965954315,0,1,0,0,0,0,0,0,0,0,1,0,0
-0.9014678409480448,-0.7406801801655817,-0.5639326735043729,-0.9265926265274677,-0.2879374173298182,1,0,0,0,0,0,0,0,0,0,1,0,0
-0.9014678409480448,-0.20149529166707583,-0.5464218414799219,0.5802668253530141,-0.22773013039461673,0,1,0,0,0,0,0,0,0,0,1,0,0
-0.5189700278791175,-0.20149529166707583,-0.4251593297105988,-0.06472835965926071,-0.01929963821908166,0,1,0,0,0,0,0,0,0,0,1,0,0
-0.9014678409480448,-0.20149529166707583,-0.6015809623569426,-1.0631836966236086,-2.0663255980887,0,1,0,0,0,0,0,0,0,0,1,0,0
-0.1364722148101901,-0.20149529166707583,-0.3170299419596139,-1.6339585502633545,-1.6984014246862722,0,0,0,0,0,0,0,1,0,0,0,0,1
1.011021224396592,-0.20149529166707583,0.007795992093952039,-0.13458986465616954,1.7312868462377338,0,0,0,0,0,1,0,0,0,0,1,0,0
-0.9014678409480448,-0.7406801801655817,-0.6256583563905627,-1.545433707734149,-0.2115218860962762,0,1,0,0,0,0,0,0,0,0,1,0,0
1.3935190374655193,0.8768744853299358,0.6136707801399565,0.09531331089257764,0.40377219475724724,0,0,0,0,0,1,0,0,0,0,1,0,0
0.6285234113276646,8.483335059174191e-05,2.202778786358884,-0.20608721829020032,-0.5018941678609933,0,0,0,0,0,0,1,0,0,0,1,0,0
-0.9014678409480448,-0.7406801801655817,-0.6698732072523015,0.3257136561251089,-0.3591080558181223,0,1,0,0,0,0,0,0,0,0,1,0,0
-0.1364722148101901,8.483335059174191e-05,-0.3467983564011806,-1.1332468188194873,-0.36720227072752637,0,0,0,1,0,0,0,0,0,0,1,0,0
-0.1364722148101901,-0.7406801801655817,-0.6957016844883667,0.920570309519665,-0.2160613833685835,0,1,0,0,0,0,0,0,0,0,1,0,0
-0.9014678409480448,-0.7406801801655817,-0.6795041648657495,-0.35743414713624155,-0.01613130293385242,0,1,0,0,0,0,0,0,0,0,1,0,0
-0.9014678409480448,-0.7406801801655817,0.007011446406886239,0.2067297243712122,0.8113986408990637,1,0,0,0,0,0,0,0,0,0,1,0,0
-0.9014678409480448,-0.7406801801655817,0.007011446406886239,0.9386104666188111,-0.07864697674035206,1,0,0,0,0,0,0,0,0,0,1,0,0
-0.1364722148101901,-0.20149529166707583,0.23281018360814731,-1.086248245965326,0.3587001980510594,0,0,0,1,0,0,0,0,0,0,1,0,0
1.3935190374655193,3.0336140393239597,0.007011446406886239,0.24015923062393185,-0.5393593858555696,0,0,0,0,0,1,0,0,0,0,1,0,0
1.011021224396592,0.8768744853299358,0.5611382840666035,-1.39292633444177,-1.5391851461735373,0,0,0,0,0,1,0,0,0,0,1,0,0
0.6285234113276646,0.33768959683143,0.007011446406886239,-0.6437729551138639,-0.595767246330717,0,0,0,0,0,1,0,0,0,0,1,0,0
0.6285234113276646,0.33768959683143,0.007011446406886239,-0.5795933893607601,1.7758000746196434,0,0,0,0,0,1,0,0,0,0,1,0,0
1.3935190374655193,-0.20149529166707583,0.007011446406886239,-1.3693291032958237,-0.18179125020677414,0,0,0,1,0,0,0,0,0,0,1,0,0
-0.1364722148101901,-0.20149529166707583,-0.15067703772732946,-1.583757013271034,-2.197060543649633,0,0,0,1,0,0,0,0,0,0,1,0,0
-0.5189700278791175,-0.20149529166707583,0.007011446406886239,0.17046841291483233,0.8696799604188717,1,0,0,0,0,0,0,0,0,0,1,0,0
0.24602559825873724,-0.20149529166707583,-0.21371603301535305,-0.6560567120718002,0.8939219854640987,0,0,0,1,0,0,0,0,0,0,1,0,0
-0.9014678409480448,-0.7406801801655817,0.007011446406886239,0.4201277828584909,0.565835813986026,1,0,0,0,0,0,0,0,0,0,1,0,0
-0.1364722148101901,-0.7406801801655817,-0.423846017308765,-0.8937278775424179,-0.8646358641286819,1,0,0,0,0,0,0,0,0,0,1,0,0
-0.5189700278791175,-0.20149529166707583,-0.31571662955778007,-0.13683629265160308,-0.42164750700011716,0,1,0,0,0,0,0,0,0,0,1,0,0
-0.1364722148101901,-0.20149529166707583,-0.2531154050703678,0.4841068769648235,-0.2488751522811002,0,0,0,0,0,0,0,1,0,1,0,0,0
0.24602559825873724,0.33768959683143,0.007011446406886239,0.8131816578113917,1.1311954248438876,0,0,0,1,0,0,0,0,0,0,1,0,0
-0.5189700278791175,-0.7406801801655817,-0.6208428775838387,-1.129705916762469,0.23945765064792696,1,0,0,0,0,0,0,0,0,0,1,0,0
-0.9014678409480448,-0.7406801801655817,0.007011446406886239,0.8493822549977303,-0.0666146340140262,0,1,0,0,0,0,0,0,0,0,1,0,0
0.24602559825873724,0.8768744853299358,0.23981451641792773,0.5989301628853108,1.7745477995100414,0,0,0,1,0,0,0,0,0,0,1,0,0
-0.9014678409480448,-0.7406801801655817,-0.7302855777366574,0.5071599707839823,-0.24972519345512426,1,0,0,0,0,0,0,0,0,0,1,0,0
1.011021224396592,1.4160593738284417,0.033624469330017254,-0.03134352994498388,2.0377772164188346,0,0,0,0,0,1,0,0,0,0,1,0,0
-0.5189700278791175,-0.7406801801655817,0.007011446406886239,-0.08556824649870738,1.4058776109512756,1,0,0,0,0,0,0,0,0,0,1,0,0
-0.1364722148101901,-0.20149529166707583,-0.3861977284561953,-1.205967622274539,-2.1714156534501887,0,1,0,0,0,0,0,0,0,0,1,0,0
-0.1364722148101901,-0.20149529166707583,-0.18613647257684274,0.6069329910218727,1.4934823788051248,0,0,0,1,0,0,0,0,0,0,1,0,0
-0.5189700278791175,-0.20149529166707583,-0.525846613851192,0.6254290779232823,1.0945049530010278,0,1,0,0,0,0,0,0,0,0,1,0,0
-0.1364722148101901,-0.20149529166707583,-0.07362937681974509,-1.8443460973932018,-2.259585133972119,0,0,0,1,0,0,0,0,0,0,1,0,0
-0.1364722148101901,-0.7406801801655817,0.007011446406886239,0.22006166165340188,-0.5362247351856018,1,0,0,0,0,0,0,0,0,0,1,0,0
-0.5189700278791175,-0.20149529166707583,-0.17081449455544812,0.45717952537907114,-0.6078778562515338,0,1,0,0,0,0,0,0,0,0,1,0,0
-0.1364722148101901,0.8768744853299358,0.007011446406886239,0.27401030011083205,-0.4212185235171423,1,0,0,0,0,0,0,0,0,0,1,0,0
-0.5189700278791175,-0.20149529166707583,0.007011446406886239,0.2769589516458606,-0.6293101880919411,1,0,0,0,0,0,0,0,0,0,1,0,0
-0.1364722148101901,-0.20149529166707583,0.007011446406886239,-0.9791310901443063,0.24135389634402177,0,1,0,0,0,0,0,0,0,0,1,0,0
0.24602559825873724,0.33768959683143,-0.05086529518795879,-1.3965371151869905,-1.6532858361250569,0,0,0,1,0,0,0,0,0,0,1,0,0
3.306008102810156,3.0336140393239597,2.5744461960778566,-0.45292738410503763,-0.10320504273488133,0,0,0,0,0,0,1,0,0,0,1,0,0
-0.1364722148101901,-0.20149529166707583,0.007011446406886239,-0.7579638961829582,-0.0997632676314572,0,0,0,0,0,1,0,0,0,0,1,0,0
-0.5189700278791175,-0.20149529166707583,-0.5989543375532749,0.3313050967398294,0.6847137749648048,0,1,0,0,0,0,0,0,0,0,1,0,0
-0.5189700278791175,-0.7406801801655817,0.007011446406886239,0.9743471151370056,-0.1844444090228936,0,0,0,0,0,0,0,1,0,0,1,0,0
0.24602559825873724,-0.20149529166707583,0.007011446406886239,0.6593408616803051,2.069969801396433,0,0,0,0,0,0,0,1,0,0,0,0,1
1.011021224396592,0.33768959683143,0.007011446406886239,-0.04452654543252695,1.7930862266073346,0,0,0,0,0,1,0,0,0,0,1,0,0
-0.1364722148101901,-0.7406801801655817,0.007011446406886239,0.05639890038598324,1.2948372673713369,0,1,0,0,0,0,0,0,0,0,1,0,0
0.6285234113276646,0.8768744853299358,0.6443147361827457,1.2027461805593174,-0.037839056040295256,0,0,0,0,0,1,0,0,0,0,1,0,0
-0.5189700278791175,-0.20149529166707583,-0.5849456719337142,-0.3296098281255244,0.3084041138030864,0,1,0,0,0,0,0,0,0,0,1,0,0
-0.1364722148101901,-0.20149529166707583,-0.458867681357667,-0.5050740688466577,0.7195922126498641,0,0,0,1,0,0,0,0,0,0,1,0,0
-0.5189700278791175,-0.7406801801655817,0.007011446406886239,0.3362653380555187,-0.5908463203264253,1,0,0,0,0,0,0,0,0,0,1,0,0
-0.1364722148101901,-0.20149529166707583,-0.34723612720179187,0.2560262750727688,-0.1189615168988129,0,1,0,0,0,0,0,0,0,0,1,0,0
-0.1364722148101901,0.33768959683143,-0.007963756728053857,0.7631966301974407,-0.448593217784215,0,1,0,0,0,0,0,0,0,0,1,0,0
-0.9014678409480448,-0.7406801801655817,-0.7193413077213755,1.9127869688384185,0.243269956519649,0,1,0,0,0,0,0,0,0,0,1,0,0
-0.1364722148101901,-0.20149529166707583,0.007011446406886239,-0.08871851523270599,1.1439985508259671,0,0,0,1,0,0,0,0,0,0,1,0,0
0.6285234113276646,-0.20149529166707583,-0.22247144902757854,-1.5414849890701507,-0.18308018210353927,0,0,0,0,0,1,0,0,0,0,1,0,0
-0.1364722148101901,8.483335059174191e-05,0.007011446406886239,1.4752364071823636,0.7456859008119565,0,0,0,0,1,0,0,0,0,0,1,0,0
-0.5189700278791175,-0.20149529166707583,-0.4619320769619459,-0.5161824891787754,0.9151304136851423,0,1,0,0,0,0,0,0,0,0,1,0,0
-0.1364722148101901,-0.20149529166707583,-0.23998228105202954,-1.2275567002965841,-1.293343925822281,0,0,0,0,0,0,0,1,0,0,0,0,1
-0.1364722148101901,1.4160593738284417,0.15926468910545313,-0.8913794953952597,-1.8012128148956206,0,0,0,0,0,0,0,1,0,1,0,0,0
0.6285234113276646,0.33768959683143,0.007011446406886239,-0.9717285313956149,0.08705160876771419,0,0,0,0,0,1,0,0,0,0,1,0,0
0.6285234113276646,8.483335059174191e-05,1.6774538256253544,0.6650835151943142,-0.1810234391229222,0,0,0,0,0,0,1,0,0,0,1,0,0
-0.1364722148101901,-0.7406801801655817,-0.38182002045008256,0.4600468427031761,1.218033372337805,0,0,0,1,0,0,0,0,0,0,1,0,0
-0.9014678409480448,-0.7406801801655817,0.007011446406886239,0.7352680659304384,-0.4162639128975892,1,0,0,0,0,0,0,0,0,0,1,0,0
-0.5189700278791175,-0.7406801801655817,-0.5442329874768655,-1.2790149081257285,-0.28814943226143447,1,0,0,0,0,0,0,0,0,0,1,0,0
-0.5189700278791175,-0.7406801801655817,-0.6536756876296843,0.3500325851990896,2.160748848879315,1,0,0,0,0,0,0,0,0,0,1,0,0
7.895981859637284,11.660572255300053,7.340456902332806,-0.8439158283207554,-0.010654580777184225,0,0,0,0,0,1,0,0,0,0,1,0,0
-0.1364722148101901,-0.7406801801655817,-0.6646199576449662,-1.5822024988448355,-0.25827613211896117,1,0,0,0,0,0,0,0,0,0,1,0,0
-0.9014678409480448,-0.7406801801655817,0.007011446406886239,0.28017566241130193,1.6265475071650106,1,0,0,0,0,0,0,0,0,0,1,0,0
-0.5189700278791175,-0.20149529166707583,-0.4041463312812576,-0.13275125326779724,-0.43141703615829463,0,1,0,0,0,0,0,0,0,0,1,0,0
-0.5189700278791175,-0.7406801801655817,-0.7346632857427702,-1.612046426502094,-1.4595140959444293,0,0,0,1,0,0,0,0,0,0,1,0,0
-0.1364722148101901,-0.20149529166707583,0.007011446406886239,1.8666143391687395,0.2393655133179886,1,0,0,0,0,0,0,0,0,0,1,0,0
0.24602559825873724,0.33768959683143,0.007011446406886239,-0.2788973748221377,0.7273297669266993,0,0,0,0,0,1,0,0,0,0,1,0,0
-0.9014678409480448,-0.7406801801655817,0.007011446406886239,0.15774705499087283,0.9412280647430566,1,0,0,0,0,0,0,0,0,0,1,0,0
-0.1364722148101901,-0.7406801801655817,-0.4895116374004562,0.40857832490359064,0.5908129562236231,1,0,0,0,0,0,0,0,0,0,1,0,0
-0.9014678409480448,-0.7406801801655817,0.007011446406886239,0.2687293041604065,-0.6221997620936864,0,1,0,0,0,0,0,0,0,0,1,0,0
0.24602559825873724,0.8768744853299358,1.5058476717857345,0.6369178216079786,-0.2139808630124712,0,0,0,0,0,0,1,0,0,0,1,0,0
-0.5189700278791175,-0.7406801801655817,0.007011446406886239,1.6623784077122428,0.10102180759732186,1,0,0,0,0,0,0,0,0,0,1,0,0
-0.5189700278791175,-0.20149529166707583,-0.5989543375532749,0.25970120674495284,0.711181956791017,1,0,0,0,0,0,0,0,0,0,1,0,0
0.24602559825873724,-0.20149529166707583,-0.21371603301535305,-0.9434780669415961,-1.9119192844947062,0,0,0,0,0,1,0,0,0,0,1,0,0
-0.1364722148101901,-0.20149529166707583,-0.5201555934432455,-1.9523418918029456,-2.3082078854194408,0,0,0,1,0,0,0,0,0,0,1,0,0
-0.1364722148101901,0.8768744853299358,0.27177178486255077,-0.23980425816193482,-0.5846998687600692,0,1,0,0,0,0,0,0,0,0,1,0,0
0.6285234113276646,1.9552442623269475,1.296155458292934,0.5761084706241653,-0.25289055656845183,0,0,0,0,0,0,1,0,0,0,1,0,0
1.011021224396592,8.483335059174191e-05,0.6600744850047516,-0.8617348938324108,-0.17170667082335553,0,0,0,1,0,0,0,0,0,0,1,0,0
-0.1364722148101901,-0.20149529166707583,-0.423846017308765,2.211755490558554,0.3528252048549169,1,0,0,0,0,0,0,0,0,0,1,0,0
-0.1364722148101901,-0.20149529166707583,0.27790057607110863,0.26337957507397775,-0.544164397154287,0,1,0,0,0,0,0,0,0,0,1,0,0
0.24602559825873724,0.8768744853299358,0.2678318476570493,-2.307009455844278,-3.041820168203545,0,0,0,0,0,0,0,1,0,0,0,0,1
0.24602559825873724,0.33768959683143,0.5874045321032799,-1.2309887748881962,0.39476354161505717,0,0,0,1,0,0,0,0,0,0,1,0,0
-0.9014678409480448,-0.20149529166707583,0.007011446406886239,0.13024005395805105,-0.5063821474864881,1,0,0,0,0,0,0,0,0,0,1,0,0
1.011021224396592,1.9552442623269475,1.804407357802624,2.097597770505181,0.3829323158563795,0,0,0,1,0,0,0,0,0,0,1,0,0
-0.1364722148101901,-0.7406801801655817,-0.7302855777366574,-0.01832432843164976,1.51931550656069,1,0,0,0,0,0,0,0,0,0,1,0,0
-0.1364722148101901,-0.20149529166707583,-0.41333951809409436,1.3551825296112139,1.1420071956280322,0,0,0,1,0,0,0,0,0,0,1,0,0
0.24602559825873724,-0.20149529166707583,-0.29076369392293744,-0.7403716500201951,0.08477690651167744,0,0,0,1,0,0,0,0,0,0,1,0,0
0.6285234113276646,0.33768959683143,0.007011446406886239,-0.34017640223541523,1.4263915416629342,0,0,0,1,0,0,0,0,0,0,1,0,0
0.24602559825873724,-0.20149529166707583,0.0021049716860054653,-1.3091028384158392,-1.8282873197971015,0,0,0,1,0,0,0,0,0,0,1,0,0
-0.5189700278791175,-0.7406801801655817,0.007011446406886239,0.5750362337023515,0.06987641786571414,1,0,0,0,0,0,0,0,0,0,1,0,0
-0.9014678409480448,-0.7406801801655817,-0.6427314176144024,0.2458411698677369,0.6005052089113708,0,1,0,0,0,0,0,0,0,0,1,0,0
-0.9014678409480448,-0.20149529166707583,-0.41727945529959587,0.48830990823211523,2.186163891115733,1,0,0,0,0,0,0,0,0,0,1,0,0
-0.9014678409480448,-0.7406801801655817,0.007011446406886239,0.8595020637235185,-0.3727741023860346,1,0,0,0,0,0,0,0,0,0,1,0,0
-0.1364722148101901,-0.20149529166707583,-0.4457345573393287,-0.9833730701886394,0.2603906576027941,0,1,0,0,0,0,0,0,0,0,1,0,0
1.3935190374655193,3.572798927822465,4.435409869476386,0.6424783323115383,-0.2540526757959561,0,0,0,0,0,0,1,0,0,0,1,0,0
-0.5189700278791175,-0.20149529166707583,-0.51140017743102,-1.4534332596271688,-0.09522277963508881,0,1,0,0,0,0,0,0,0,0,1,0,0
-0.1364722148101901,-0.20149529166707583,-0.02547458875250485,-1.4573075173937624,-0.017360791391879526,0,0,0,1,0,0,0,0,0,0,1,0,0
-0.5189700278791175,-0.7406801801655817,0.007011446406886239,0.5992222787133654,-0.4305679857081909,1,0,0,0,0,0,0,0,0,0,1,0,0
0.24602559825873724,0.8768744853299358,0.007011446406886239,0.6891492772172817,-0.16372837061938503,0,0,0,0,0,0,1,0,0,0,1,0,0
-0.9014678409480448,-0.7406801801655817,-0.6208428775838387,0.4765313398238436,2.079565953858139,1,0,0,0,0,0,0,0,0,0,1,0,0
-0.1364722148101901,-0.7406801801655817,-0.423846017308765,0.8229692563798036,-0.3386585221649441,0,0,0,0,0,0,0,1,0,0,0,0,1
4.835999355085865,7.347093147312006,3.7437320045105715,-1.0577297222808946,-0.5378891514705479,0,0,0,0,0,1,0,0,0,0,1,0,0
-0.1364722148101901,-0.20149529166707583,-0.1830720769725638,1.4095561679595838,-0.04596200194521842,1,0,0,0,0,0,0,0,0,0,1,0,0
-0.9014678409480448,-0.7406801801655817,-0.5989543375532749,0.2111297906284342,0.8921872277765873,1,0,0,0,0,0,0,0,0,0,1,0,0
-0.9014678409480448,-0.7406801801655817,0.007011446406886239,0.5580728957340589,-0.24607239414414497,1,0,0,0,0,0,0,0,0,0,1,0,0
-0.9014678409480448,-0.7406801801655817,0.007011446406886239,0.8575477515561395,-0.27883959902959154,1,0,0,0,0,0,0,0,0,0,1,0,0
0.24602559825873724,0.33768959683143,-0.07362937681974509,1.651625108582863,1.0299077681143547,0,0,0,1,0,0,0,0,0,0,1,0,0
-0.1364722148101901,-0.20149529166707583,-0.528911009455471,-1.4381916867160431,-1.4961104490092287,0,0,0,1,0,0,0,0,0,0,1,0,0
0.6285234113276646,1.9552442623269475,0.9581964002210298,0.7349232546981418,-0.20491078498356174,0,0,0,1,0,0,0,0,0,0,1,0,0
-0.1364722148101901,8.483335059174191e-05,0.007011446406886239,-0.8276959537737412,0.30978221085802893,0,0,0,0,1,0,0,0,0,0,1,0,0
-0.5189700278791175,-0.7406801801655817,-0.5770657975227111,1.8927787529447742,0.2411864639914942,1,0,0,0,0,0,0,0,0,0,1,0,0
-0.1364722148101901,-0.7406801801655817,0.007011446406886239,0.9130383033648476,-0.2665912784756866,1,0,0,0,0,0,0,0,0,0,1,0,0
0.6285234113276646,-0.20149529166707583,0.043693197744076574,-0.34738536265101727,0.2749879847112639,0,0,0,0,0,1,0,0,0,0,1,0,0
1.011021224396592,0.33768959683143,-0.2811327363094894,1.5656915052813063,0.8462869858238892,0,0,0,0,0,1,0,0,0,0,1,0,0
-0.5189700278791175,-0.20149529166707583,0.007011446406886239,0.5071244586637005,-0.20006020038183533,1,0,0,0,0,0,0,0,0,0,1,0,0
0.6285234113276646,0.8768744853299358,0.5510695556525441,-1.9965991580823685,-2.7843686535409318,0,0,0,1,0,0,0,0,0,0,1,0,0
-0.1364722148101901,0.33768959683143,-0.23210240664102658,0.5122805894169584,-0.24873843237193236,0,1,0,0,0,0,0,0,0,0,1,0,0
-0.5189700278791175,-0.20149529166707583,0.007011446406886239,0.23332028359054857,-0.5226171413323665,1,0,0,0,0,0,0,0,0,0,1,0,0
-0.5189700278791175,-0.7406801801655817,-0.51140017743102,-1.3882490445359743,0.029624293317893013,1,0,0,0,0,0,0,0,0,0,1,0,0
-0.9014678409480448,-0.7406801801655817,0.007011446406886239,0.8098102974899023,-0.3901959835589734,1,0,0,0,0,0,0,0,0,0,1,0,0
-0.1364722148101901,0.33768959683143,0.36414142379152975,0.38689760270026213,-0.6326984641005714,0,1,0,0,0,0,0,0,0,0,1,0,0
0.24602559825873724,0.8768744853299358,-0.039483254372065645,-0.7620741377166048,-0.06545053333854052,0,0,0,0,0,0,1,0,0,0,1,0,0
1.7760168505344465,1.4160593738284417,0.8544447204761576,0.5850850181875757,-0.4847318563706612,0,0,0,0,0,1,0,0,0,0,1,0,0
-0.1364722148101901,8.483335059174191e-05,0.7196113138878849,1.0582129965968186,0.025287894461356084,0,0,0,0,0,1,0,0,0,0,1,0,0
0.6285234113276646,0.8768744853299358,0.23281018360814731,-2.4017191350625557,-3.080744722619315,0,0,0,0,0,1,0,0,0,0,1,0,0
-0.1364722148101901,-0.20149529166707583,-0.423846017308765,0.23809609099122794,0.8086850479202858,1,0,0,0,0,0,0,0,0,0,1,0,0
-0.1364722148101901,0.33768959683143,-0.29251477712538254,0.3835881022011757,-0.4259878687526169,0,1,0,0,0,0,0,0,0,0,1,0,0
-0.1364722148101901,0.33768959683143,0.18202877073723944,0.004388536364170837,-0.6505265421047693,0,1,0,0,0,0,0,0,0,0,1,0,0
-0.1364722148101901,-0.20149529166707583,-0.5332887174615837,0.6887872827009436,1.335151807529657,0,0,0,1,0,0,0,0,0,0,1,0,0
0.24602559825873724,0.8768744853299358,0.07258607058442072,-0.47957980314677695,-0.4663895926212738,0,0,0,0,0,1,0,0,0,0,1,0,0
-0.5189700278791175,-0.20149529166707583,0.007011446406886239,0.22186934313061343,0.9609395090316815,0,1,0,0,0,0,0,0,0,0,1,0,0
-0.9014678409480448,-0.7406801801655817,0.007011446406886239,-0.33549223901610065,0.2712806955812889,1,0,0,0,0,0,0,0,0,0,1,0,0
0.6285234113276646,-0.20149529166707583,-0.19795628419334715,-1.6229807228897244,-1.5397300443620865,0,0,0,1,0,0,0,0,0,0,1,0,0
-0.1364722148101901,-0.20149529166707583,0.007011446406886239,-0.7381928096085659,0.0849889214431529,0,0,0,1,0,0,0,0,0,0,1,0,0
1.3935190374655193,0.33768959683143,0.007011446406886239,-0.2858692059184878,0.3562144715874675,0,0,0,0,0,1,0,0,0,0,1,0,0
12.103457803395486,7.347093147312006,5.617391031126828,-1.3074704264354768,-0.5333060623430722,0,0,0,0,0,1,0,0,0,0,1,0,0
0.24602559825873724,-0.20149529166707583,0.17589997952868158,-0.1696426184710908,-0.5056698169454115,0,0,0,1,0,0,0,0,0,0,1,0,0
1.011021224396592,0.8768744853299358,0.23281018360814731,0.7948069994503087,1.4466984110630003,0,0,0,0,0,1,0,0,0,0,1,0,0
-0.5189700278791175,-0.20149529166707583,0.007011446406886239,0.554718718696611,-0.3453191594766304,0,1,0,0,0,0,0,0,0,0,1,0,0
-0.9014678409480448,-0.7406801801655817,0.007011446406886239,0.3459590013380052,-0.5565375489294714,1,0,0,0,0,0,0,0,0,0,1,0,0
-0.1364722148101901,8.483335059174191e-05,-0.21021386661046285,2.0245596490721525,1.1038811647394733,0,0,0,0,0,1,0,0,0,0,1,0,0
-0.5189700278791175,0.33768959683143,0.06689505017647414,0.39897286914562813,-0.3969269622730842,0,1,0,0,0,0,0,0,0,0,1,0,0
-0.1364722148101901,-0.20149529166707583,0.007011446406886239,-0.2734216349863425,1.2219031402002838,0,0,0,0,0,1,0,0,0,0,1,0,0
-0.9014678409480448,-0.7406801801655817,-0.6821307896694171,0.2973268709512825,-0.556521697345761,1,0,0,0,0,0,0,0,0,0,1,0,0
-0.9014678409480448,-0.7406801801655817,0.007011446406886239,0.08015994550597576,0.8216575877028743,1,0,0,0,0,0,0,0,0,0,1,0,0
-0.5189700278791175,-0.7406801801655817,-0.5827568179306577,-0.9429602773169296,-1.424367172061199,0,1,0,0,0,0,0,0,0,0,1,0,0
-0.1364722148101901,8.483335059174191e-05,0.007011446406886239,-2.3706941430180772,-2.802162056205948,0,0,0,0,1,0,0,0,0,0,1,0,0
-0.1364722148101901,-0.7406801801655817,0.007011446406886239,1.3579261272904315,-0.01429450067649562,1,0,0,0,0,0,0,0,0,0,1,0,0
-0.9014678409480448,-0.7406801801655817,-0.7215301617244319,-0.9147900015216356,-0.9360611186795688,1,0,0,0,0,0,0,0,0,0,1,0,0
0.24602559825873724,0.8768744853299358,0.429807043883221,-2.0960159115653223,-2.4713335607537195,0,0,0,1,0,0,0,0,0,0,1,0,0
-0.9014678409480448,-0.7406801801655817,-0.6545512292309068,-0.06378327903909368,-0.7547061221292941,0,1,0,0,0,0,0,0,0,0,1,0,0
0.6285234113276646,-0.20149529166707583,-0.27062623709481876,0.16482885910482814,2.2395490527308053,0,0,0,0,0,1,0,0,0,0,1,0,0
-0.9014678409480448,-0.7406801801655817,-0.5332887174615837,0.3222712715630557,-0.3829339767919016,1,0,0,0,0,0,0,0,0,0,1,0,0
-0.1364722148101901,-0.20149529166707583,0.007011446406886239,2.2312264424390924,0.39066788868537405,0,0,0,1,0,0,0,0,0,0,1,0,0
-0.1364722148101901,0.8768744853299358,-0.23122686503980402,-0.6997297466951139,-0.6955985388109571,0,0,0,0,0,1,0,0,0,0,1,0,0
-0.1364722148101901,-0.20149529166707583,-0.33629185718651,0.4566044581411229,0.8680442751293038,0,0,0,1,0,0,0,0,0,0,1,0,0
-0.5189700278791175,-0.20149529166707583,-0.4457345573393287,-1.5399808789437153,-0.28774323543003455,1,0,0,0,0,0,0,0,0,0,1,0,0
-0.9014678409480448,-0.7406801801655817,-0.5989543375532749,-1.271065920945689,-0.6689490544966291,1,0,0,0,0,0,0,0,0,0,1,0,0
-0.9014678409480448,-0.7406801801655817,0.007011446406886239,0.20575027718304353,0.9660694777956877,1,0,0,0,0,0,0,0,0,0,1,0,0
3.306008102810156,1.9552442623269475,0.007011446406886239,0.005101069874125644,-0.029233627557744224,0,0,0,0,0,1,0,0,0,0,1,0,0
-0.1364722148101901,8.483335059174191e-05,0.007011446406886239,-0.18682704802679273,-0.5151470825297819,0,0,0,0,0,0,1,0,0,0,1,0,0
-0.1364722148101901,1.9552442623269475,1.0917164944074687,-0.2916187327460972,0.1440489500106402,0,0,0,0,0,1,0,0,0,0,1,0,0
0.24602559825873724,-0.20149529166707583,0.007011446406886239,0.39789146780565343,1.3947943817967767,0,0,0,1,0,0,0,0,0,0,1,0,0
-0.1364722148101901,0.33768959683143,0.007011446406886239,0.7474899630659718,-0.19052547280670823,1,0,0,0,0,0,0,0,0,0,1,0,0
-0.1364722148101901,-0.20149529166707583,-0.16775009895116919,1.0861942562681444,0.8379748116390655,0,0,0,1,0,0,0,0,0,0,1,0,0
-0.9014678409480448,-0.7406801801655817,0.007011446406886239,0.6507996239782757,-0.1606036271893242,1,0,0,0,0,0,0,0,0,0,1,0,0
-0.5189700278791175,-0.7406801801655817,0.007011446406886239,0.34929255843473345,-0.5920639200968455,0,0,0,0,0,0,0,1,0,0,0,0,1
-0.5189700278791175,-0.7406801801655817,0.007011446406886239,-0.02922425825127847,-0.0440885429006985,1,0,0,0,0,0,0,0,0,0,1,0,0
-0.5189700278791175,-0.7406801801655817,-0.51140017743102,-1.0617139530651747,-0.1396339634471531,1,0,0,0,0,0,0,0,0,0,1,0,0
0.6285234113276646,-0.20149529166707583,-0.283759361113157,0.5146644836843985,1.4957590625091428,0,0,0,0,0,1,0,0,0,0,1,0,0
0.24602559825873724,-0.20149529166707583,-0.14936372532549563,-1.3873933169926116,-0.1171138166777696,0,0,0,0,0,1,0,0,0,0,1,0,0
-0.9014678409480448,-0.7406801801655817,0.007011446406886239,0.19978882318610428,0.8335363682125424,1,0,0,0,0,0,0,0,0,0,1,0,0
2.158514663603374,3.0336140393239597,0.3470683625676901,-1.5514753503898129,-0.6399981183787266,0,0,0,0,0,1,0,0,0,0,1,0,0
-0.1364722148101901,0.33768959683143,0.19341081155313258,0.5833850186234902,-0.25876356831661296,1,0,0,0,0,0,0,0,0,0,1,0,0
1.011021224396592,0.8768744853299358,0.5532584096556005,-1.436844517250135,0.00572406804558556,0,0,0,1,0,0,0,0,0,0,1,0,0
-0.9014678409480448,-0.20149529166707583,-0.51140017743102,0.549264744353897,-0.34440967486386825,1,0,0,0,0,0,0,0,0,0,1,0,0
-0.1364722148101901,-0.20149529166707583,-0.7206546201232094,-1.0743539767781292,0.21288346135604733,0,0,0,1,0,0,0,0,0,0,1,0,0
-0.9014678409480448,-0.7406801801655817,-0.6427314176144024,0.7169380841077982,-0.34957530969097655,1,0,0,0,0,0,0,0,0,0,1,0,0
0.24602559825873724,-0.20149529166707583,0.007011446406886239,-1.3334080208627006,1.4213398400934187,0,0,0,0,0,1,0,0,0,0,1,0,0
-0.9014678409480448,-0.7406801801655817,-0.6427314176144024,1.7275706416692367,0.333374320972819,1,0,0,0,0,0,0,0,0,0,1,0,0
-0.1364722148101901,-0.20149529166707583,0.007011446406886239,0.275990959980332,-0.4840908579562109,1,0,0,0,0,0,0,0,0,0,1,0,0
0.6285234113276646,1.4160593738284417,2.202778786358884,-2.2171889937012077,-2.3400160694931538,0,0,0,1,0,0,0,0,0,0,1,0,0
-0.1364722148101901,-0.7406801801655817,-0.5026447614187944,0.43462703790061863,0.5666353282371579,1,0,0,0,0,0,0,0,0,0,1,0,0
-0.1364722148101901,-0.20149529166707583,-0.46762309736989244,-2.0468591182403326,-2.396361514357661,0,0,0,1,0,0,0,0,0,0,1,0,0
-0.5189700278791175,-0.7406801801655817,0.007011446406886239,0.3826682237308494,0.43640267973366675,1,0,0,0,0,0,0,0,0,0,1,0,0
-0.9014678409480448,-0.20149529166707583,-0.46762309736989244,0.7196106575464521,-0.02043698934702964,1,0,0,0,0,0,0,0,0,0,1,0,0
-0.1364722148101901,-0.20149529166707583,-0.2881370691192698,-1.708869649652757,-2.397270008246503,0,0,0,0,0,0,0,1,0,1,0,0,0
-0.9014678409480448,-0.7406801801655817,-0.7302855777366574,0.18997945912461114,-0.5229044512862903,0,0,0,0,0,0,0,1,0,0,0,0,1
-0.9014678409480448,-0.20149529166707583,-0.3244720455700056,0.5438657565199857,-0.3520768877382789,0,1,0,0,0,0,0,0,0,0,1,0,0
0.24602559825873724,-0.20149529166707583,0.04413096854468785,-1.476974358711951,-2.1605186804038294,0,0,0,1,0,0,0,0,0,0,1,0,0
-0.9014678409480448,-0.7406801801655817,0.007011446406886239,0.2595557216070657,0.678818967288989,1,0,0,0,0,0,0,0,0,0,1,0,0
0.24602559825873724,-0.20149529166707583,0.15401143949811785,-1.0638916479245235,-0.15195658829944536,0,0,0,0,0,1,0,0,0,0,1,0,0
0.24602559825873724,-0.20149529166707583,-0.16118353694200005,0.6244576496009129,1.6556965880786596,0,0,0,0,0,0,0,1,0,0,0,0,1
-0.1364722148101901,8.483335059174191e-05,-0.24829992626364375,-0.02634777650909403,1.9362161198711068,0,0,0,1,0,0,0,0,0,0,1,0,0
-0.5189700278791175,-0.7406801801655817,0.007011446406886239,0.43015938405975507,0.529780396213813,1,0,0,0,0,0,0,0,0,0,1,0,0
1.7760168505344465,1.4160593738284417,0.23281018360814731,0.4784386843482191,1.630603531135488,0,0,0,0,0,1,0,0,0,0,1,0,0
2.158514663603374,1.9552442623269475,3.23154016779538,0.05895691859791067,-0.4319629250707641,0,0,0,1,0,0,0,0,0,0,1,0,0
-0.5189700278791175,-0.7406801801655817,0.007011446406886239,0.935544968752577,-0.3241582860065773,1,0,0,0,0,0,0,0,0,0,1,0,0
-0.5189700278791175,-0.7406801801655817,-0.46762309736989244,-0.6171480293265259,-0.20244091010353943,1,0,0,0,0,0,0,0,0,0,1,0,0
-0.5189700278791175,-0.7406801801655817,-0.48688501259678857,0.24363827285854728,0.8743452796365195,0,0,0,0,0,0,1,0,0,0,1,0,0
-0.1364722148101901,-0.7406801801655817,0.007011446406886239,0.32253933079354985,0.5119216057661146,1,0,0,0,0,0,0,0,0,0,1,0,0
-0.1364722148101901,8.483335059174191e-05,0.856633574479214,-0.10883097638263552,0.10669469310175514,0,0,0,0,0,0,1,0,0,0,1,0,0
-0.5189700278791175,-0.7406801801655817,-0.46762309736989244,1.342722357604148,0.4163781666676414,1,0,0,0,0,0,0,0,0,0,1,0,0
-0.9014678409480448,-0.7406801801655817,-0.5726880895165984,0.545636780324635,-0.1901915988257142,0,1,0,0,0,0,0,0,0,0,1,0,0
-0.1364722148101901,0.8768744853299358,-0.29251477712538254,-1.4286881851098052,-2.030501019003715,0,0,0,1,0,0,0,0,0,0,1,0,0
-0.5189700278791175,-0.20149529166707583,0.007011446406886239,0.42652454671681134,0.6739654105153609,0,1,0,0,0,0,0,0,0,0,1,0,0
-0.5189700278791175,-0.20149529166707583,-0.3875110408580292,0.6208651976919327,-0.4126646126814037,0,1,0,0,0,0,0,0,0,0,1,0,0
-0.1364722148101901,-0.7406801801655817,-0.7263456405311559,0.3894785319575511,-0.3539483653348174,0,1,0,0,0,0,0,0,0,0,1,0,0
0.6285234113276646,1.9552442623269475,1.5772043122853725,0.7127339072882263,-0.1679656970781191,0,0,0,0,0,0,1,0,0,0,1,0,0
0.24602559825873724,0.33768959683143,-0.2697506954935962,0.1446648481028555,1.3128347591760436,0,0,0,1,0,0,0,0,0,0,1,0,0
-0.9014678409480448,-0.7406801801655817,-0.6208428775838387,-0.6643230172297351,0.040431110482154566,0,1,0,0,0,0,0,0,0,0,1,0,0
-0.5189700278791175,-0.7406801801655817,-0.6138385447740583,1.5894227660424183,0.06511896131798717,0,1,0,0,0,0,0,0,0,0,1,0,0
-0.1364722148101901,-0.20149529166707583,-0.301270193137608,1.5991485047884273,0.9253259541542521,0,0,0,1,0,0,0,0,0,0,1,0,0
-0.9014678409480448,-0.7406801801655817,0.007011446406886239,0.07356041889640501,0.8398175582402257,1,0,0,0,0,0,0,0,0,0,1,0,0
0.24602559825873724,0.8768744853299358,0.9516298382118606,-0.9586005024169558,-0.9567523889835211,0,0,0,0,0,0,0,1,0,0,0,0,1
-0.9014678409480448,-0.7406801801655817,-0.5332887174615837,-1.2154275928946146,-1.3121597556337319,0,1,0,0,0,0,0,0,0,0,1,0,0
-0.1364722148101901,-0.7406801801655817,-0.8178397378589124,-0.9287920868798978,-0.7964126294784265,1,0,0,0,0,0,0,0,0,0,1,0,0
2.541012476672301,4.111983816320971,0.7725815807618492,-0.8342324750086286,-0.6877133666611268,0,0,0,0,0,1,0,0,0,0,1,0,0
-0.1364722148101901,-0.20149529166707583,-0.40195747727820125,1.0693294357948169,0.0004266669291925221,1,0,0,0,0,0,0,0,0,0,1,0,0
-0.5189700278791175,-0.7406801801655817,0.007011446406886239,0.31358798537998006,-0.39140664826138843,1,0,0,0,0,0,0,0,0,0,1,0,0
-0.1364722148101901,-0.7406801801655817,0.007011446406886239,-0.06784769848201717,1.9995204099650519,0,0,0,1,0,0,0,0,0,0,1,0,0
-0.1364722148101901,-0.20149529166707583,-0.301270193137608,-1.3736512719988814,-2.402022511174347,0,0,0,1,0,0,0,0,0,0,1,0,0
-0.9014678409480448,-0.7406801801655817,-0.6427314176144024,0.46828680015898994,0.5537499721647655,1,0,0,0,0,0,0,0,0,0,1,0,0
-0.5189700278791175,-0.20149529166707583,-0.1743166609603383,0.8712371011456276,-0.3527594965597754,1,0,0,0,0,0,0,0,0,0,1,0,0
-0.9014678409480448,-0.7406801801655817,0.007011446406886239,0.4017966554835705,0.5559067782672465,1,0,0,0,0,0,0,0,0,0,1,0,0
0.6285234113276646,8.483335059174191e-05,2.0342370281235436,0.7736383391102453,-0.35497277392923354,0,0,0,0,0,0,1,0,0,0,1,0,0
-0.1364722148101901,-0.20149529166707583,-0.09464237524908628,-0.4404190989027697,-0.3204103771936172,0,0,0,0,0,0,0,1,0,0,1,0,0
-0.1364722148101901,0.8768744853299358,0.01436255410312116,0.3193283477894286,-0.3645867594226311,0,0,0,0,0,0,1,0,0,0,1,0,0
-0.5189700278791175,-0.20149529166707583,-0.5332887174615837,0.05750550387579864,1.2952959725736102,0,1,0,0,0,0,0,0,0,0,1,0,0
-0.1364722148101901,-0.20149529166707583,0.007011446406886239,0.16454705324721475,-0.5663407627029103,1,0,0,0,0,0,0,0,0,0,1,0,0
-0.1364722148101901,-0.20149529166707583,-0.3748156876403022,-1.8615076159036235,-1.920313688769702,0,0,0,0,0,0,0,1,0,1,0,0,0
-0.9014678409480448,-0.7406801801655817,-0.6865084976755299,-1.0515345756214627,-0.7746196741097691,1,0,0,0,0,0,0,0,0,0,1,0,0
-0.1364722148101901,-0.7406801801655817,0.007011446406886239,0.26663638016882213,-0.38437349873356363,1,0,0,0,0,0,0,0,0,0,1,0,0
-0.1364722148101901,-0.7406801801655817,-0.5188422810414116,0.218606810274449,-0.43593176533104566,1,0,0,0,0,0,0,0,0,0,1,0,0
0.24602559825873724,-0.20149529166707583,0.007011446406886239,-0.46031848733108904,1.8964811532405175,0,0,0,1,0,0,0,0,0,0,1,0,0
-0.5189700278791175,-0.7406801801655817,-0.46762309736989244,0.01965645697741769,1.0972215181517073,1,0,0,0,0,0,0,0,0,0,1,0,0
-0.9014678409480448,-0.7406801801655817,-0.6900106640804201,-0.02116644360583256,-0.03486490265499048,0,1,0,0,0,0,0,0,0,0,1,0,0
1.011021224396592,1.4160593738284417,0.07521269538808836,-1.4963628308292043,1.2230583243599236,0,0,0,0,0,1,0,0,0,0,1,0,0
-0.5189700278791175,-0.20149529166707583,-0.4925760330047351,1.5562956855881944,0.01708073701827939,0,1,0,0,0,0,0,0,0,0,1,0,0
-0.9014678409480448,-0.7406801801655817,0.007011446406886239,-0.546981807426642,0.9379765086435942,1,0,0,0,0,0,0,0,0,0,1,0,0
-0.1364722148101901,-0.7406801801655817,0.007011446406886239,0.2285032363081858,0.7904032183335568,1,0,0,0,0,0,0,0,0,0,1,0,0
-0.1364722148101901,-0.7406801801655817,0.007011446406886239,0.4435623455824272,0.6402461198859041,1,0,0,0,0,0,0,0,0,0,1,0,0
3.6885059158790834,2.4944291508254537,1.3491257251668982,1.2591165165089486,0.7164635063236997,0,0,0,0,0,1,0,0,0,0,1,0,0
-0.1364722148101901,-0.20149529166707583,-0.40195747727820125,-1.450942828998883,-0.418406848864482,1,0,0,0,0,0,0,0,0,0,1,0,0
-0.5189700278791175,-0.7406801801655817,-0.5332887174615837,0.6813767050863715,1.1333641196341162,1,0,0,0,0,0,0,0,0,0,1,0,0
-0.1364722148101901,-0.20149529166707583,-0.3608070220207414,0.19578511801330348,0.7280123757483365,0,0,0,1,0,0,0,0,0,0,1,0,0
0.24602559825873724,8.483335059174191e-05,0.40791850385265727,0.6916603277863685,-0.16818068418163706,0,0,0,1,0,0,0,0,0,0,1,0,0
-0.5189700278791175,-0.7406801801655817,0.007011446406886239,-0.11111406205063128,1.071508267997679,1,0,0,0,0,0,0,0,0,0,1,0,0
-0.9014678409480448,-0.7406801801655817,-0.5184045102408004,-0.22025999093635323,-0.5461904276915444,1,0,0,0,0,0,0,0,0,0,1,0,0
1.7760168505344465,0.33768959683143,0.3028535117059513,-0.6201573951316771,0.22059624753346696,0,0,0,0,0,1,0,0,0,0,1,0,0
-0.1364722148101901,-0.20149529166707583,0.007011446406886239,-0.861747494907331,0.2965045280898248,0,0,0,0,0,1,0,0,0,0,1,0,0
-0.9014678409480448,-0.7406801801655817,0.007011446406886239,0.17691328996835504,-0.6101168924443277,1,0,0,0,0,0,0,0,0,0,1,0,0
-0.1364722148101901,-0.7406801801655817,0.007011446406886239,-1.0268364687471023,-1.9206683679542897,0,0,0,1,0,0,0,0,0,0,1,0,0
0.6285234113276646,-0.20149529166707583,0.03581332333307363,-0.3081822729731277,0.1553015929655073,0,0,0,0,0,0,0,1,1,0,0,0,0
-0.9014678409480448,-0.7406801801655817,-0.6322249183997318,-1.1888599447206396,-0.1177350006126875,0,1,0,0,0,0,0,0,0,0,1,0,0
1.011021224396592,0.8768744853299358,0.2415655996203728,-2.3129170688846954,-3.02376422368402,0,0,0,1,0,0,0,0,0,0,1,0,0
-0.5189700278791175,-0.20149529166707583,0.007011446406886239,0.6425505021043824,-0.26491200133109116,1,0,0,0,0,0,0,0,0,0,1,0,0
-0.1364722148101901,-0.20149529166707583,0.007011446406886239,0.6793204387673493,-0.04380816801463911,1,0,0,0,0,0,0,0,0,0,1,0,0
3.6885059158790834,3.0336140393239597,0.007011446406886239,0.5499119813846894,0.22942062601549876,0,0,0,1,0,0,0,0,0,0,1,0,0
1.3935190374655193,-0.20149529166707583,0.10147894342476486,1.519517730059347,0.9018566938127601,0,0,0,0,0,1,0,0,0,0,1,0,0
-0.5189700278791175,-0.20149529166707583,-0.411150664091038,-0.041286923621724085,-0.2613255805267144,0,1,0,0,0,0,0,0,0,0,1,0,0
1.3935190374655193,1.9552442623269475,0.007011446406886239,0.9322377593580511,0.9267357543764747,0,0,0,1,0,0,0,0,0,0,1,0,0
-0.1364722148101901,0.8768744853299358,0.14131608628039088,0.43504172782128026,-0.6034493200649177,0,1,0,0,0,0,0,0,0,0,1,0,0
2.541012476672301,4.111983816320971,1.7037200736620308,0.8862472724988214,-0.2509834129086705,0,0,0,0,0,0,1,0,0,0,1,0,0
-0.1364722148101901,-0.7406801801655817,0.007011446406886239,0.5643264655590527,-0.24790523350553897,1,0,0,0,0,0,0,0,0,0,1,0,0
-0.9014678409480448,-0.7406801801655817,0.007011446406886239,0.7046027772978187,0.3300682750545016,1,0,0,0,0,0,0,0,0,0,1,0,0
-0.1364722148101901,-0.20149529166707583,-0.1830720769725638,0.5750740369271126,-0.22263483697007377,1,0,0,0,0,0,0,0,0,0,1,0,0
-0.9014678409480448,-0.7406801801655817,0.007011446406886239,0.14816794693503132,0.8231347571557606,1,0,0,0,0,0,0,0,0,0,1,0,0
-0.1364722148101901,-0.7406801801655817,0.007011446406886239,0.02776467592254506,-0.4272233015545882,0,1,0,0,0,0,0,0,0,0,1,0,0
1.011021224396592,1.9552442623269475,0.460013229125399,-1.8869022185562587,-1.987342110301253,0,0,0,0,0,0,0,1,0,1,0,0,0
-0.5189700278791175,-0.7406801801655817,0.007011446406886239,0.19483087297497553,-0.45568878292267956,1,0,0,0,0,0,0,0,0,0,1,0,0
-0.1364722148101901,-0.20149529166707583,0.007011446406886239,0.8962571082070043,-0.3510990431707921,1,0,0,0,0,0,0,0,0,0,1,0,0
0.6285234113276646,-0.20149529166707583,-0.051740836789181344,-1.7822262346160422,-1.7260158741562783,0,0,0,0,0,0,0,1,0,1,0,0,0
-0.1364722148101901,-0.20149529166707583,-0.3691246672323556,-1.105479777422052,0.2845276659061334,0,0,0,1,0,0,0,0,0,0,1,0,0
1.011021224396592,0.33768959683143,0.007011446406886239,-1.0328987313435674,0.2036469416986714,0,0,0,0,0,1,0,0,0,0,1,0,0
-0.5189700278791175,-0.7406801801655817,-0.4895116374004562,1.8164357132217803,0.561155633908588,1,0,0,0,0,0,0,0,0,0,1,0,0
-0.1364722148101901,-0.7406801801655817,0.007011446406886239,0.004556932547338145,0.5827137876943359,0,0,0,1,0,0,0,0,0,0,1,0,0
1.011021224396592,0.8768744853299358,0.013924783302509887,-1.3247453546203445,1.492903796001314,0,0,0,0,0,1,0,0,0,0,1,0,0
-0.9014678409480448,-0.7406801801655817,-0.5551772574921474,-1.5206439566784238,-0.24654100658618464,1,0,0,0,0,0,0,0,0,0,1,0,0
2.541012476672301,4.111983816320971,0.007011446406886239,0.8183366430124508,-0.14042951480246305,0,0,0,0,0,0,1,0,0,0,1,0,0
-0.5189700278791175,-0.20149529166707583,-0.5109624066304087,1.263967930359313,0.021420108046858816,0,1,0,0,0,0,0,0,0,0,1,0,0
-0.1364722148101901,-0.20149529166707583,0.007011446406886239,0.6289573789052989,-0.21069760374558794,1,0,0,0,0,0,0,0,0,0,1,0,0
-0.5189700278791175,-0.7406801801655817,-0.6098986075685567,0.15561174556532478,-0.46920721161787826,0,0,0,0,0,0,0,1,0,0,0,0,1
1.011021224396592,8.483335059174191e-05,0.007011446406886239,2.1123158260303203,0.3672323129592842,0,0,0,1,0,0,0,0,0,0,1,0,0
-0.1364722148101901,-0.20149529166707583,0.07959040339420112,1.1822087195183664,1.382387545406331,0,0,0,1,0,0,0,0,0,0,1,0,0
-0.1364722148101901,-0.20149529166707583,-0.35818039721707373,0.20039023812625498,0.9209449727186264,1,0,0,0,0,0,0,0,0,0,1,0,0
-0.1364722148101901,-0.20149529166707583,-0.20496061700312754,-1.046318876150281,-0.955572436724325,0,0,0,1,0,0,0,0,0,0,1,0,0
-0.1364722148101901,-0.7406801801655817,0.007011446406886239,0.5749354251028258,-0.5120451257511552,1,0,0,0,0,0,0,0,0,0,1,0,0
-0.9014678409480448,-0.7406801801655817,-0.6751264568596368,0.8959214613927873,0.02506002794617021,0,1,0,0,0,0,0,0,0,0,1,0,0
1.011021224396592,1.9552442623269475,0.007011446406886239,0.6160997002616132,-0.24782696631118883,1,0,0,0,0,0,0,0,0,0,1,0,0
-0.9014678409480448,-0.7406801801655817,0.007011446406886239,0.4009386368356472,-0.294760533374149,1,0,0,0,0,0,0,0,0,0,1,0,0
1.3935190374655193,0.33768959683143,0.10147894342476486,-0.7324490105422765,-0.6551155755760485,0,0,0,0,0,1,0,0,0,0,1,0,0
0.24602559825873724,-0.20149529166707583,-0.353802689210961,-0.6533154054971432,-0.37356767229336313,0,0,0,0,0,0,1,0,0,0,1,0,0
-0.9014678409480448,-0.7406801801655817,0.007011446406886239,0.7998336827974408,-0.2879374173298182,1,0,0,0,0,0,0,0,0,0,1,0,0
-0.5189700278791175,-0.20149529166707583,0.007011446406886239,0.731153242187752,-0.40705414278761015,1,0,0,0,0,0,0,0,0,0,1,0,0
-0.9014678409480448,-0.7406801801655817,0.007011446406886239,0.5948611612332662,2.1443503855770127,1,0,0,0,0,0,0,0,0,0,1,0,0
-0.1364722148101901,-0.20149529166707583,-0.528911009455471,-1.8476830911466895,-2.269127787339031,0,0,0,1,0,0,0,0,0,0,1,0,0
-0.1364722148101901,-0.7406801801655817,-0.423846017308765,-1.4086868425297612,-0.4431660318266594,0,0,0,1,0,0,0,0,0,0,1,0,0
-0.9014678409480448,-0.7406801801655817,-0.5770657975227111,0.13244180541504177,0.9563286796328886,1,0,0,0,0,0,0,0,0,0,1,0,0
-0.5189700278791175,-0.20149529166707583,-0.3082745259473884,-1.1074776205755121,-0.7438834533814629,0,0,0,0,0,0,0,1,0,0,0,0,1
-0.1364722148101901,-0.20149529166707583,0.007011446406886239,0.22754211795625756,1.6379378607529658,0,0,0,1,0,0,0,0,0,0,1,0,0
1.011021224396592,0.33768959683143,0.29278478329189195,1.3808955957940248,1.1864312588517645,0,0,0,0,0,1,0,0,0,0,1,0,0
-0.1364722148101901,0.8768744853299358,0.007011446406886239,0.6007011866899601,-0.2906034555577464,1,0,0,0,0,0,0,0,0,0,1,0,0
-0.1364722148101901,-0.20149529166707583,-0.16118353694200005,0.7471692084312357,-0.15168909282519466,1,0,0,0,0,0,0,0,0,0,1,0,0
1.011021224396592,1.4160593738284417,0.007011446406886239,0.5329555167299972,1.4865443387792807,0,0,0,0,0,1,0,0,0,0,1,0,0
1.011021224396592,0.8768744853299358,0.007011446406886239,0.85039377764934,1.2263415836268068,0,0,0,1,0,0,0,0,0,0,1,0,0
0.24602559825873724,0.33768959683143,0.007011446406886239,2.023519487613861,0.804933176211363,0,0,0,1,0,0,0,0,0,0,1,0,0
-0.1364722148101901,-0.20149529166707583,-0.18569870177623146,0.6841340493927898,-0.042502393810102485,0,1,0,0,0,0,0,0,0,0,1,0,0
-0.1364722148101901,8.483335059174191e-05,0.20654393557147083,-0.8204468990288174,-1.3987084117258848,0,0,0,0,0,0,0,1,0,0,0,1,0
-0.1364722148101901,-0.20149529166707583,-0.46762309736989244,0.4727097774614921,0.6598287700572868,1,0,0,0,0,0,0,0,0,0,1,0,0
-0.1364722148101901,-0.7406801801655817,-0.3730646044378571,-1.0302513600547543,0.12623276069404904,0,0,0,1,0,0,0,0,0,0,1,0,0
-0.1364722148101901,-0.20149529166707583,-0.47637851338211795,-0.9990029853182244,-2.0723531627777207,0,0,0,1,0,0,0,0,0,0,1,0,0
0.24602559825873724,0.33768959683143,-0.01453031873722298,1.0200283028842205,-0.1514810407895412,0,1,0,0,0,0,0,0,0,0,1,0,0
0.6285234113276646,-0.20149529166707583,-0.12047085248515149,-1.341835848890284,1.7062413440455528,0,0,0,0,0,1,0,0,0,0,1,0,0
-0.1364722148101901,-0.7406801801655817,-0.3467983564011806,-1.061159505767946,0.09342196395343408,0,0,0,1,0,0,0,0,0,0,1,0,0
-0.1364722148101901,-0.7406801801655817,0.007011446406886239,0.3626313690305235,-0.5918211927220104,1,0,0,0,0,0,0,0,0,0,1,0,0
1.011021224396592,0.8768744853299358,1.2396830250140796,-0.38313003003509233,-0.15373890073794724,0,0,0,0,0,0,0,1,0,0,1,0,0
-0.1364722148101901,-0.20149529166707583,-0.12616187289309808,-0.9309411429326465,-0.7687684582889809,0,0,0,0,0,0,0,1,0,1,0,0,0
-0.1364722148101901,-0.20149529166707583,0.007011446406886239,-0.6048963478320305,0.39498942668240244,0,0,0,1,0,0,0,0,0,0,1,0,0
-0.1364722148101901,-0.20149529166707583,0.007011446406886239,0.768130523811009,-0.4238340348220376,1,0,0,0,0,0,0,0,0,0,1,0,0
-0.5189700278791175,-0.7406801801655817,0.007011446406886239,1.7200798753959399,0.18499061844782236,0,1,0,0,0,0,0,0,0,0,1,0,0
-0.5189700278791175,-0.7406801801655817,-0.51140017743102,0.6274337943903427,-0.1250940983295807,1,0,0,0,0,0,0,0,0,0,1,0,0
1.011021224396592,0.33768959683143,0.5234899952140338,-0.6332384564674142,-0.08799742965532094,0,1,0,0,0,0,0,0,0,0,1,0,0
0.6285234113276646,0.33768959683143,0.007011446406886239,-0.411579820583602,0.13964220975139716,0,0,0,1,0,0,0,0,0,0,1,0,0
-0.1364722148101901,-0.20149529166707583,0.007011446406886239,0.18930358328713714,0.9128081566779743,0,0,0,0,0,0,0,1,0,0,0,0,1
-0.9014678409480448,-0.7406801801655817,-0.7092725793073161,-1.5490513617930513,-0.20554583905420865,0,1,0,0,0,0,0,0,0,0,1,0,0
-0.1364722148101901,8.483335059174191e-05,0.007011446406886239,-1.5433579670265247,-0.19270704700874552,0,0,0,1,0,0,0,0,0,0,1,0,0
-0.1364722148101901,-0.20149529166707583,-0.5078980110261297,-0.9530354095043563,-2.2164143365819093,0,0,0,1,0,0,0,0,0,0,1,0,0
0.24602559825873724,-0.20149529166707583,0.007011446406886239,0.005404641224901707,0.8958529064993753,0,0,0,1,0,0,0,0,0,0,1,0,0
-0.5189700278791175,-0.20149529166707583,0.007011446406886239,0.6785827031073909,-0.10904139769587934,1,0,0,0,0,0,0,0,0,0,1,0,0
-0.9014678409480448,-0.7406801801655817,-0.6865084976755299,-0.060647902484576015,1.1281311155763443,1,0,0,0,0,0,0,0,0,0,1,0,0
0.6285234113276646,0.33768959683143,0.14000277387855706,-1.549108639406333,-0.09618675406670582,0,0,0,1,0,0,0,0,0,0,1,0,0
-0.1364722148101901,-0.7406801801655817,0.007011446406886239,0.023411577308245064,0.5922594132331496,0,0,0,1,0,0,0,0,0,0,1,0,0
-0.5189700278791175,-0.20149529166707583,-0.38532218685497277,0.11040710756125574,-0.34675273707448895,0,1,0,0,0,0,0,0,0,0,1,0,0
-0.9014678409480448,-0.7406801801655817,0.007011446406886239,0.4378746785773021,-0.26884517552827064,0,0,1,0,0,0,0,0,0,0,1,0,0
-0.9014678409480448,-0.7406801801655817,-0.5770657975227111,0.20026995513820856,1.1234568798428506,1,0,0,0,0,0,0,0,0,0,1,0,0
-0.9014678409480448,-0.7406801801655817,-0.6208428775838387,-1.5741905062901127,-0.22288549013669376,1,0,0,0,0,0,0,0,0,0,1,0,0
-0.5189700278791175,-0.20149529166707583,-0.578379109924545,0.2618857749179835,0.6900904339994682,0,1,0,0,0,0,0,0,0,0,1,0,0
-0.1364722148101901,-0.20149529166707583,-0.19270303458601185,1.1569561653467773,1.247397440354972,0,0,0,1,0,0,0,0,0,0,1,0,0
0.24602559825873724,-0.20149529166707583,-0.44485901573810616,1.9575276581745062,0.8471182032423012,0,0,0,0,0,1,0,0,0,0,1,0,0
-0.9014678409480448,-0.7406801801655817,-0.5770657975227111,1.8916251818120366,0.25620187661911153,1,0,0,0,0,0,0,0,0,0,1,0,0
-0.1364722148101901,-0.20149529166707583,-0.23998228105202954,1.1768738826114185,1.3985502164016625,0,0,0,1,0,0,0,0,0,0,1,0,0
-0.1364722148101901,-0.20149529166707583,-0.3896998948610855,0.9053619576243419,0.9604362212503194,0,1,0,0,0,0,0,0,0,0,1,0,0
-0.5189700278791175,-0.7406801801655817,-0.5989543375532749,-1.2660724586142782,-0.7352800063467525,1,0,0,0,0,0,0,0,0,0,1,0,0
1.011021224396592,0.8768744853299358,1.6135392887361082,-0.41366930791842693,-0.5160228825272827,0,0,0,0,0,0,1,0,0,0,1,0,0
0.24602559825873724,-0.20149529166707583,0.007011446406886239,-0.5079127473639996,1.4623904881683107,0,0,0,1,0,0,0,0,0,0,1,0,0
-0.1364722148101901,-0.7406801801655817,0.007011446406886239,-0.34814486380397547,-0.08526798509283273,0,1,0,0,0,0,0,0,0,0,1,0,0
-0.1364722148101901,-0.20149529166707583,0.10147894342476486,-0.4297299507003533,-0.5779144002269627,0,1,0,0,0,0,0,0,0,0,1,0,0
1.7760168505344465,0.8768744853299358,0.007011446406886239,-0.29537614418148517,1.4854604867461265,0,0,0,0,0,1,0,0,0,0,1,0,0
0.6285234113276646,0.33768959683143,0.205230623169637,0.17496814221913695,0.37247126136085956,0,0,0,1,0,0,0,0,0,0,1,0,0
-0.1364722148101901,-0.7406801801655817,-0.6689976656510789,0.5038458880757748,-0.20400625399068273,1,0,0,0,0,0,0,0,0,0,1,0,0
-0.1364722148101901,0.33768959683143,-0.13710614290837994,0.4978718330039152,1.0667874682371152,0,1,0,0,0,0,0,0,0,0,1,0,0
-0.5189700278791175,-0.7406801801655817,0.007011446406886239,-0.0626572011607576,1.118070313568421,1,0,0,0,0,0,0,0,0,0,1,0,0
-0.5189700278791175,-0.7406801801655817,0.007011446406886239,-0.07090517748237067,1.0967717294652797,1,0,0,0,0,0,0,0,0,0,1,0,0
1.011021224396592,-0.20149529166707583,0.007011446406886239,-1.326320488987344,1.7694247658140405,0,0,0,0,0,1,0,0,0,0,1,0,0
-0.1364722148101901,-0.20149529166707583,0.007011446406886239,0.5750740369271126,-0.22263483697007377,1,0,0,0,0,0,0,0,0,0,1,0,0
-0.5189700278791175,-0.20149529166707583,-0.5551772574921474,1.6008129922322307,0.0584920086215623,1,0,0,0,0,0,0,0,0,0,1,0,0
1.3935190374655193,1.9552442623269475,0.2503210156325983,0.31317558656387906,1.3114764766006335,0,0,0,0,0,1,0,0,0,0,1,0,0
-0.1364722148101901,-0.20149529166707583,-0.12178416488698532,-1.1544899400568742,-0.9175969958806628,0,0,0,1,0,0,0,0,0,0,1,0,0
0.24602559825873724,0.33768959683143,0.007011446406886239,0.4049996196218112,2.3515424727786747,0,0,0,1,0,0,0,0,0,0,1,0,0
-0.5189700278791175,-0.20149529166707583,-0.5078980110261297,-1.5529233284551656,-2.144293593797717,0,1,0,0,0,0,0,0,0,0,1,0,0
-0.5189700278791175,-0.20149529166707583,0.007011446406886239,1.003377700684865,-0.015886594111035837,1,0,0,0,0,0,0,0,0,0,1,0,0
-0.1364722148101901,-0.20149529166707583,-0.4028330188794238,-1.3251543167796862,-1.3018691056626412,0,0,0,1,0,0,0,0,0,0,1,0,0
-0.1364722148101901,8.483335059174191e-05,0.007011446406886239,-1.219170112150603,0.33651689743457164,0,0,0,0,1,0,0,0,0,0,1,0,0
1.7760168505344465,0.8768744853299358,0.6924695242499859,-0.28983625341872643,0.22418663123380653,0,0,0,0,0,1,0,0,0,0,1,0,0
-0.1364722148101901,0.33768959683143,0.007011446406886239,0.8596876431907272,-0.12604420262560953,1,0,0,0,0,0,0,0,0,0,1,0,0
-0.5189700278791175,-0.7406801801655817,-0.6077097535655004,0.42828182389426,0.8007642097072127,0,1,0,0,0,0,0,0,0,0,1,0,0
-0.9014678409480448,-0.7406801801655817,-0.7035815588993696,-1.4879888437581432,-0.0021858722036602425,0,1,0,0,0,0,0,0,0,0,1,0,0
-0.1364722148101901,0.33768959683143,-0.12441078969065297,-0.07905005410006026,-0.7434663585862357,0,1,0,0,0,0,0,0,0,0,1,0,0
-0.1364722148101901,-0.7406801801655817,0.007011446406886239,0.4009386368356472,-0.294760533374149,1,0,0,0,0,0,0,0,0,0,1,0,0
-0.1364722148101901,-0.7406801801655817,0.007011446406886239,0.3758670799222272,-0.3362461092758192,1,0,0,0,0,0,0,0,0,0,1,0,0
0.6285234113276646,1.9552442623269475,2.3288567769349315,0.01720039291713347,-0.703216215486396,0,1,0,0,0,0,0,0,0,0,1,0,0
-0.9014678409480448,-0.7406801801655817,0.007011446406886239,0.665263366900203,-0.13169628292644928,1,0,0,0,0,0,0,0,0,0,1,0,0
-0.5189700278791175,-0.20149529166707583,0.007011446406886239,0.7526838970441536,-0.42626130857095257,1,0,0,0,0,0,0,0,0,0,1,0,0
-0.1364722148101901,-0.20149529166707583,-0.33629185718651,1.5210012202449814,0.8894023026713239,0,0,0,1,0,0,0,0,0,0,1,0,0
3.306008102810156,1.9552442623269475,1.1849616749376701,-0.11009108387621867,0.3019961111060015,0,0,0,0,0,1,0,0,0,0,1,0,0
-0.5189700278791175,-0.7406801801655817,-0.46762309736989244,2.18838049655246,0.3641184674929099,1,0,0,0,0,0,0,0,0,0,1,0,0
0.6285234113276646,0.8768744853299358,0.9025995085433979,0.21738221490114776,-0.6243664754360745,0,0,0,0,0,1,0,0,0,0,1,0,0
-0.1364722148101901,-0.20149529166707583,-0.3467983564011806,-1.4125164237579932,-0.4871997498027021,0,1,0,0,0,0,0,0,0,0,1,0,0
-0.1364722148101901,-0.7406801801655817,0.007011446406886239,0.37906775295598866,0.42852939627158404,1,0,0,0,0,0,0,0,0,0,1,0,0
-0.9014678409480448,-0.7406801801655817,-0.6619933328412985,0.8070609720493647,1.641311275901806,1,0,0,0,0,0,0,0,0,0,1,0,0
-0.1364722148101901,8.483335059174191e-05,0.007011446406886239,1.5110165866867207,0.3556289537157924,0,0,0,0,1,0,0,0,0,0,1,0,0
-0.1364722148101901,8.483335059174191e-05,0.007011446406886239,-1.1394557121060385,-0.10539949634858656,0,0,0,1,0,0,0,0,0,0,1,0,0
1.011021224396592,1.9552442623269475,0.007011446406886239,-0.9800887718394751,-0.9521395781367468,0,0,0,1,0,0,0,0,0,0,1,0,0
-0.1364722148101901,-0.20149529166707583,0.007011446406886239,0.44132737310971515,1.5036501790027765,0,0,0,1,0,0,0,0,0,0,1,0,0
-0.5189700278791175,-0.7406801801655817,-0.5551772574921474,-1.0720651633488947,-1.664877306680801,0,1,0,0,0,0,0,0,0,0,1,0,0
-0.5189700278791175,-0.7406801801655817,-0.5770657975227111,-1.1023249264790136,-0.9587526606973018,1,0,0,0,0,0,0,0,0,0,1,0,0
0.6285234113276646,0.33768959683143,0.007011446406886239,-0.11348993745219074,1.9411112870519218,0,0,0,1,0,0,0,0,0,0,1,0,0
1.7760168505344465,2.4944291508254537,2.215036368776,0.6027162131274617,-0.25855155338513747,0,0,0,0,0,0,1,0,0,0,1,0,0
0.24602559825873724,0.33768959683143,0.007011446406886239,0.18459421791790045,2.2023473673147986,0,0,0,1,0,0,0,0,0,0,1,0,0
-0.1364722148101901,8.483335059174191e-05,0.007011446406886239,1.9511091288231044,1.0206970072804553,0,0,0,0,1,0,0,0,0,0,1,0,0
-0.1364722148101901,3.0336140393239597,2.545991094038124,-0.4809200992990035,-0.059066308017091625,0,0,0,0,0,1,0,0,0,0,1,0,0
-0.5189700278791175,-0.20149529166707583,-0.5328509466609724,0.9394112076533713,-0.045914447194228006,0,1,0,0,0,0,0,0,0,0,1,0,0
1.011021224396592,1.9552442623269475,0.007011446406886239,0.698010124001767,-0.21890476118866464,0,0,0,0,0,1,0,0,0,0,1,0,0
0.24602559825873724,0.8768744853299358,0.21967705958980907,0.12775993330020638,-0.5151470825297819,0,1,0,0,0,0,0,0,0,0,1,0,0
-0.5189700278791175,-0.20149529166707583,0.007011446406886239,0.8152276141600541,-0.062413964342455226,0,0,1,0,0,0,0,0,0,0,1,0,0
-0.9014678409480448,-0.7406801801655817,-0.6033320455593877,-1.4643366261034758,-0.2474068993440599,1,0,0,0,0,0,0,0,0,0,1,0,0
-0.1364722148101901,8.483335059174191e-05,0.007011446406886239,0.5477056477185777,-0.2324974941822507,0,1,0,0,0,0,0,0,0,0,1,0,0
-0.9014678409480448,-0.7406801801655817,-0.5989543375532749,0.01546946344188722,1.0477308924986697,1,0,0,0,0,0,0,0,0,0,1,0,0
0.24602559825873724,0.8768744853299358,0.23281018360814731,0.5757842793325882,-0.4400115666771592,1,0,0,0,0,0,0,0,0,0,1,0,0
-0.1364722148101901,8.483335059174191e-05,-0.6584911664364083,-0.9254046888267287,-2.220050293585258,0,0,0,1,0,0,0,0,0,0,1,0,0
-0.1364722148101901,8.483335059174191e-05,0.007011446406886239,-1.5489070222073629,-0.23366159485773638,0,0,0,0,1,0,0,0,0,0,1,0,0
-0.9014678409480448,-0.7406801801655817,-0.5858212135349367,0.4754522295884295,1.089171885821392,0,1,0,0,0,0,0,0,0,0,1,0,0
0.24602559825873724,8.483335059174191e-05,0.36414142379152975,-2.166088198179362,-2.241408321127137,0,0,0,1,0,0,0,0,0,0,1,0,0
0.6285234113276646,-0.20149529166707583,0.10673219303210016,-1.1238636002012958,0.07260586242820233,0,0,0,0,0,1,0,0,0,0,1,0,0
-0.1364722148101901,-0.7406801801655817,-0.5630571319031504,-0.33870780422926167,2.120214367997594,0,0,0,1,0,0,0,0,0,0,1,0,0
1.3935190374655193,1.9552442623269475,2.990766227459179,0.825149242343713,-0.3896055120674152,0,0,0,0,0,0,1,0,0,0,1,0,0
-0.1364722148101901,-0.20149529166707583,0.007011446406886239,-0.24145270787397713,-0.5126455044824797,1,0,0,0,0,0,0,0,0,0,1,0,0
-0.1364722148101901,-0.7406801801655817,0.007011446406886239,0.7980134002453902,-0.3548122766445705,0,1,0,0,0,0,0,0,0,0,1,0,0
-0.1364722148101901,-0.7406801801655817,-0.6768775400620819,-0.8186816029854881,-0.5961080553795755,0,1,0,0,0,0,0,0,0,0,1,0,0
-0.1364722148101901,8.483335059174191e-05,-0.22072036582513344,1.8124755390350606,0.8051600520026285,0,0,0,0,0,0,1,0,0,0,1,0,0
1.7760168505344465,1.9552442623269475,1.6446210155795087,1.0575336841025038,-0.029392143394425873,0,0,0,0,0,0,1,0,0,0,1,0,0
0.6285234113276646,0.8768744853299358,0.4166739198648828,-1.2009237556433656,0.2977241093080857,0,0,0,0,0,1,0,0,0,0,1,0,0
-0.9014678409480448,-0.7406801801655817,-0.5853834427343254,1.619891019685189,0.7181130617489965,1,0,0,0,0,0,0,0,0,0,1,0,0
1.3935190374655193,2.4944291508254537,1.0645747047695695,0.30793010273373544,0.8897302323083737,0,0,0,0,0,1,0,0,0,0,1,0,0
1.7760168505344465,-0.20149529166707583,0.3742101522055891,-0.9022840074238467,0.010273472557659058,0,0,0,0,0,1,0,0,0,0,1,0,0
-0.1364722148101901,1.9552442623269475,0.007011446406886239,-0.6029328712465721,0.006297697229513048,0,0,0,0,0,1,0,0,0,0,1,0,0
-0.9014678409480448,-0.7406801801655817,0.007011446406886239,0.09427429498648521,0.9725755621665144,1,0,0,0,0,0,0,0,0,0,1,0,0
-0.5189700278791175,-0.20149529166707583,-0.1760677441627834,-1.5661853870490716,0.9664330734959804,0,1,0,0,0,0,0,0,0,0,1,0,0
0.6285234113276646,8.483335059174191e-05,0.007011446406886239,-0.4994654449478957,1.946235311471984,0,0,0,1,0,0,0,0,0,0,1,0,0
1.3935190374655193,3.0336140393239597,2.6138455681328714,0.3853992203351467,-0.6479585855508645,0,1,0,0,0,0,0,0,0,0,1,0,0
-0.1364722148101901,0.8768744853299358,-0.18263430617195253,0.04699506182699078,0.9816713990189005,0,0,0,0,0,0,1,0,0,0,1,0,0
-0.9014678409480448,-0.7406801801655817,0.007011446406886239,1.9053236958196043,0.29854541948673147,1,0,0,0,0,0,0,0,0,0,1,0,0
1.011021224396592,8.483335059174191e-05,2.495209681167216,0.20902082890508858,-0.41462327398813825,0,0,0,0,0,0,1,0,0,0,1,0,0
0.24602559825873724,0.8768744853299358,0.227556934000812,-0.9646283984453378,-1.5719156942718209,0,0,0,1,0,0,0,0,0,0,1,0,0
-0.5189700278791175,-0.7406801801655817,-0.5989543375532749,1.5852919045679708,0.7565521614149561,1,0,0,0,0,0,0,0,0,0,1,0,0
-0.5189700278791175,-0.7406801801655817,0.007011446406886239,0.17802905787633133,-0.5891739782496943,0,0,0,0,0,0,0,1,0,0,0,0,1
-0.9014678409480448,-0.20149529166707583,-0.5135890314340763,0.8059371852755077,-0.393699183549117,0,1,0,0,0,0,0,0,0,0,1,0,0
-0.1364722148101901,-0.20149529166707583,-0.1305395808992108,1.3597704664401238,1.2399997044029343,0,0,0,1,0,0,0,0,0,0,1,0,0
-0.5189700278791175,-0.7406801801655817,0.007011446406886239,-1.5331705707170136,-2.1757748389583003,0,1,0,0,0,0,0,0,0,0,1,0,0
-0.9014678409480448,-0.7406801801655817,-0.7609295337794466,0.7284611943604962,-0.3709868363277904,0,1,0,0,0,0,0,0,0,0,1,0,0
0.24602559825873724,0.8768744853299358,0.007011446406886239,0.6651430839121566,-0.25181165815518075,1,0,0,0,0,0,0,0,0,0,1,0,0
-0.1364722148101901,-0.20149529166707583,-0.11215320727353727,1.7854932009405058,0.8455865439707009,0,0,0,0,0,0,1,0,0,0,1,0,0
0.24602559825873724,0.8768744853299358,0.007011446406886239,0.5483643402720915,-0.16692939979595536,1,0,0,0,0,0,0,0,0,0,1,0,0
-0.9014678409480448,-0.7406801801655817,0.007011446406886239,0.3682033352567233,-0.5331445743344889,1,0,0,0,0,0,0,0,0,0,1,0,0
0.24602559825873724,-0.20149529166707583,0.04588205174713295,2.1055582132078605,0.39553531559487193,0,0,0,1,0,0,0,0,0,0,1,0,0
-0.1364722148101901,0.33768959683143,0.007011446406886239,-0.3954137869931101,1.2761878791883523,0,0,0,0,0,1,0,0,0,0,1,0,0
-0.1364722148101901,-0.7406801801655817,-0.7083970377060936,1.8073652303724446,0.5871254815733212,1,0,0,0,0,0,0,0,0,0,1,0,0
-0.9014678409480448,-0.7406801801655817,-0.6208428775838387,0.9716012263533087,-0.25792046221045334,1,0,0,0,0,0,0,0,0,0,1,0,0
4.453501542016938,4.111983816320971,2.7543699951290903,-0.008747511480368841,0.3624669306197725,0,0,0,0,0,1,0,0,0,0,1,0,0
-0.9014678409480448,-0.20149529166707583,0.007011446406886239,0.5474765372652063,-0.28097460920455875,1,0,0,0,0,0,0,0,0,0,1,0,0
-0.9014678409480448,-0.7406801801655817,-0.6361648556052333,1.0369504009708297,-0.2233481582350708,1,0,0,0,0,0,0,0,0,0,1,0,0
0.6285234113276646,8.483335059174191e-05,1.462070591724607,0.7598756741757142,-0.11677300762891109,0,1,0,0,0,0,0,0,0,0,1,0,0
-0.1364722148101901,-0.20149529166707583,-0.33629185718651,-1.4244599516926728,-0.1591224948404752,0,1,0,0,0,0,0,0,0,0,1,0,0
-0.9014678409480448,-0.7406801801655817,0.007011446406886239,0.3957847971868684,0.6171592790004576,1,0,0,0,0,0,0,0,0,0,1,0,0
-0.5189700278791175,-0.7406801801655817,0.007011446406886239,0.13552334101303712,0.8381927709144852,1,0,0,0,0,0,0,0,0,0,1,0,0
-0.1364722148101901,-0.20149529166707583,-0.47112526377478264,-1.050915977397352,-2.062034772535172,0,1,0,0,0,0,0,0,0,0,1,0,0
0.6285234113276646,1.9552442623269475,1.4581306545191057,0.005566164094550084,-0.6625985137904417,0,1,0,0,0,0,0,0,0,0,1,0,0
0.24602559825873724,0.8768744853299358,0.007011446406886239,0.6304935644952568,-0.20004633024610635,0,0,0,0,0,0,1,0,0,0,1,0,0
-0.9014678409480448,-0.7406801801655817,-0.661117791240076,1.4348133043402127,0.8440469589070342,0,1,0,0,0,0,0,0,0,0,1,0,0
0.24602559825873724,8.483335059174191e-05,0.10147894342476486,-1.3669967588804268,-1.4723568508858553,0,0,0,1,0,0,0,0,0,0,1,0,0
-0.5189700278791175,-0.20149529166707583,0.007011446406886239,0.6863461108202217,-0.22383757588070397,1,0,0,0,0,0,0,0,0,0,1,0,0
-0.1364722148101901,-0.20149529166707583,0.007011446406886239,0.9576369442198076,-0.19968471599365434,0,1,0,0,0,0,0,0,0,0,1,0,0
-0.1364722148101901,-0.20149529166707583,-0.4326014333209905,1.9883567607813348,0.3808953873554356,0,1,0,0,0,0,0,0,0,0,1,0,0
1.011021224396592,0.33768959683143,0.007011446406886239,0.20792568093791325,2.3409110137587255,0,0,0,0,0,1,0,0,0,0,1,0,0
-0.1364722148101901,0.33768959683143,-0.37525345844091346,0.5463550415959099,0.7897988767062696,0,0,0,1,0,0,0,0,0,0,1,0,0
-0.5189700278791175,-0.7406801801655817,0.007011446406886239,-0.30021953916596894,-0.30021942249898453,1,0,0,0,0,0,0,0,0,0,1,0,0
-0.1364722148101901,-0.7406801801655817,0.007011446406886239,-0.8294623953692694,0.09262542187420382,0,0,0,1,0,0,0,0,0,0,1,0,0
-0.1364722148101901,8.483335059174191e-05,0.007011446406886239,1.5508818055748022,0.49991700331110595,0,0,0,0,1,0,0,0,0,0,1,0,0
0.6285234113276646,0.33768959683143,0.007011446406886239,0.30467444319125275,0.4058487522175375,0,0,0,0,0,1,0,0,0,0,1,0,0
-0.9014678409480448,-0.7406801801655817,-0.6514868336266278,-0.4482924796332057,-0.02936440312296787,1,0,0,0,0,0,0,0,0,0,1,0,0
-0.9014678409480448,-0.7406801801655817,0.007011446406886239,0.34752382573464474,0.37747144528356247,0,1,0,0,0,0,0,0,0,0,1,0,0
0.24602559825873724,-0.20149529166707583,-0.13666837210776867,-1.5619983935135413,-1.7460156191228882,0,0,0,1,0,0,0,0,0,0,1,0,0
-0.9014678409480448,-0.7406801801655817,-0.6965772260895892,-0.8762444588449796,-0.8456654813765121,0,1,0,0,0,0,0,0,0,0,1,0,0
-0.9014678409480448,-0.7406801801655817,-0.6427314176144024,0.5699224883828944,-0.16335288623134478,0,1,0,0,0,0,0,0,0,0,1,0,0
-0.1364722148101901,-0.20149529166707583,0.27658726366927483,0.8762076524316766,0.9890889494504707,0,0,0,1,0,0,0,0,0,0,1,0,0
-0.1364722148101901,-0.20149529166707583,0.007011446406886239,0.10090589705957842,0.6365110904846119,0,0,0,0,0,0,1,0,0,0,1,0,0
-0.5189700278791175,-0.20149529166707583,-0.4177172261002071,0.489124395893876,2.059638531742076,0,0,0,1,0,0,0,0,0,0,1,0,0
0.24602559825873724,0.8768744853299358,-0.21721819942024323,-1.8510326859750974,-2.292302802658594,0,0,0,0,0,0,0,1,0,0,0,0,1
-0.5189700278791175,-0.20149529166707583,0.007011446406886239,0.7820077439722665,-0.12439365647639239,1,0,0,0,0,0,0,0,0,0,1,0,0
-0.5189700278791175,-0.20149529166707583,-0.5547394866915362,0.6644866824632033,-0.3776653066710277,0,1,0,0,0,0,0,0,0,0,1,0,0
1.7760168505344465,0.33768959683143,-0.11915754008331766,1.364184279324465,0.8753696882309356,0,0,0,0,0,1,0,0,0,0,1,0,0
-0.9014678409480448,-0.7406801801655817,0.007011446406886239,0.7222442822080646,-0.06866246047879739,1,0,0,0,0,0,0,0,0,0,1,0,0
-0.5189700278791175,-0.20149529166707583,-0.35818039721707373,2.1077393447240502,0.7777477102241908,0,0,0,1,0,0,0,0,0,0,1,0,0
0.6285234113276646,0.33768959683143,0.13956500307794578,1.5977360388432753,0.24459851737561975,0,0,0,0,0,1,0,0,0,0,1,0,0
0.24602559825873724,-0.20149529166707583,-0.23472903144469423,-0.16988432999938252,-0.16694921427548778,0,1,0,0,0,0,0,0,0,0,1,0,0
-0.9014678409480448,-0.7406801801655817,0.007011446406886239,0.17546531190300246,0.7913919608647301,1,0,0,0,0,0,0,0,0,0,1,0,0
-0.5189700278791175,-0.20149529166707583,-0.29251477712538254,0.5878962034505164,-0.24608626427987396,1,0,0,0,0,0,0,0,0,0,1,0,0
-0.1364722148101901,0.33768959683143,-0.38225779125069387,-1.0052840483976195,-0.39275601432095264,0,1,0,0,0,0,0,0,0,0,1,0,0
-0.1364722148101901,0.8768744853299358,-0.057431857197127914,-1.0552198172640879,0.0001690786947080315,0,0,0,1,0,0,0,0,0,0,1,0,0
-0.9014678409480448,-0.7406801801655817,0.007011446406886239,0.09326506343935467,1.0153500699650906,1,0,0,0,0,0,0,0,0,0,1,0,0
0.6285234113276646,-0.20149529166707583,1.195905944952952,1.1908885690446827,-0.022143016039162796,0,0,0,0,0,0,1,0,0,0,1,0,0
1.011021224396592,1.9552442623269475,0.007011446406886239,0.5971923600964643,-0.2686826967956262,0,0,0,0,0,0,1,0,0,0,1,0,0
-0.5189700278791175,-0.20149529166707583,1.6047838727238828,0.32280166226264256,-0.573267904764927,0,0,0,1,0,0,0,0,0,0,1,0,0
0.6285234113276646,-0.20149529166707583,0.007011446406886239,0.10192429302478846,0.47314962284322215,0,0,0,0,0,0,0,1,0,0,0,0,1
0.6285234113276646,-0.7406801801655817,-0.51140017743102,0.6436857444008794,-0.2181884677517659,0,1,0,0,0,0,0,0,0,0,1,0,0
-0.1364722148101901,-0.7406801801655817,-0.7272211821323784,2.123451739616839,0.7871675138178047,1,0,0,0,0,0,0,0,0,0,1,0,0
-0.5189700278791175,-0.20149529166707583,0.007011446406886239,0.8030057170245206,1.6536477708898272,1,0,0,0,0,0,0,0,0,0,1,0,0
-0.9014678409480448,-0.7406801801655817,-0.6335382308015657,0.4588096462548731,1.146393130683541,0,1,0,0,0,0,0,0,0,0,1,0,0
-0.1364722148101901,-0.20149529166707583,0.007011446406886239,-0.315070478754075,1.1158946837103279,0,0,0,0,0,0,1,0,0,0,1,0,0
-0.9014678409480448,-0.7406801801655817,0.007011446406886239,0.46828680015898994,0.5537499721647655,1,0,0,0,0,0,0,0,0,0,1,0,0
0.6285234113276646,-0.20149529166707583,0.021804657713512834,1.6765317059697937,0.7583929265681348,0,0,0,1,0,0,0,0,0,0,1,0,0
-0.1364722148101901,-0.20149529166707583,-0.17869436896645105,-0.0597578083732116,0.7573992304170785,0,0,0,1,0,0,0,0,0,0,1,0,0
0.24602559825873724,-0.20149529166707583,-0.0386077127708431,-0.9065786828725033,-0.9153995700949151,0,0,0,0,0,0,0,1,0,0,0,0,1
-0.1364722148101901,-0.20149529166707583,-0.38532218685497277,-1.1130507323539922,-2.137988626394539,0,0,0,0,0,0,0,1,0,1,0,0,0
-0.9014678409480448,-0.7406801801655817,-0.5792546515257676,-1.1728222129840749,-0.12125405218654145,0,1,0,0,0,0,0,0,0,0,1,0,0
-0.1364722148101901,8.483335059174191e-05,-0.048238670384291145,-2.2805586540015903,-2.5795701554727826,0,0,0,0,0,0,1,0,0,0,1,0,0
0.24602559825873724,-0.20149529166707583,2.476385536740931,0.7352451548850768,-0.15441952811160314,0,0,0,1,0,0,0,0,0,0,1,0,0
-0.9014678409480448,-0.7406801801655817,-0.5551772574921474,0.5355776858689696,1.184888701616337,1,0,0,0,0,0,0,0,0,0,1,0,0
-0.1364722148101901,0.8768744853299358,0.007011446406886239,-0.9697478715261149,-2.0805335706734005,0,0,0,0,0,0,0,1,0,0,0,0,1
0.24602559825873724,-0.20149529166707583,-0.20496061700312754,-0.45044955455175356,0.17395692549229524,0,0,0,0,0,0,1,0,0,0,1,0,0
-0.5189700278791175,-0.20149529166707583,-0.16118353694200005,0.6749707768098901,-0.36558739064155205,1,0,0,0,0,0,0,0,0,0,1,0,0
-0.5189700278791175,-0.7406801801655817,-0.5551772574921474,-0.4592989458135987,-0.38141717837995065,1,0,0,0,0,0,0,0,0,0,1,0,0
-0.1364722148101901,-0.20149529166707583,0.007011446406886239,0.26523536974639156,0.36579576318952395,0,0,0,1,0,0,0,0,0,0,1,0,0
-0.5189700278791175,-0.20149529166707583,-0.5888856091392156,-0.09041966034907176,1.0885269245109788,0,0,0,0,0,0,0,1,0,0,0,0,1
-0.1364722148101901,-0.20149529166707583,0.31423555252184443,-1.541594962087756,-1.7760157319346224,0,0,0,1,0,0,0,0,0,0,1,0,0
-0.5189700278791175,-0.20149529166707583,0.007011446406886239,0.6367379699020898,-0.2622350651394765,1,0,0,0,0,0,0,0,0,0,1,0,0
-0.5189700278791175,-0.7406801801655817,0.007011446406886239,0.4654973803890492,0.6713617878982132,1,0,0,0,0,0,0,0,0,0,1,0,0
0.6285234113276646,0.8768744853299358,0.4516955839137847,-1.4371309053168695,1.4698833336224701,0,0,0,1,0,0,0,0,0,0,1,0,0
-0.9014678409480448,-0.7406801801655817,-0.6335382308015657,0.011375259640001863,-0.5109662273378842,0,1,0,0,0,0,0,0,0,0,1,0,0
-0.1364722148101901,-0.7406801801655817,0.007011446406886239,0.19856422781280303,0.8346063501099675,1,0,0,0,0,0,0,0,0,0,1,0,0
1.011021224396592,3.0336140393239597,2.728103747092414,0.6153138514065339,-0.25552687307694055,0,0,0,1,0,0,0,0,0,0,1,0,0
-0.9014678409480448,-0.7406801801655817,0.007011446406886239,0.4360944903545733,-0.27709988772219696,0,0,1,0,0,0,0,0,0,0,1,0,0
0.24602559825873724,-0.20149529166707583,-0.41684168449898457,-0.939330022183107,0.03620765415914948,0,0,0,1,0,0,0,0,0,0,1,0,0
-0.1364722148101901,-0.20149529166707583,-0.46762309736989244,-0.9639353393239036,0.16118054905761264,1,0,0,0,0,0,0,0,0,0,1,0,0
-0.5189700278791175,-0.7406801801655817,-0.5989543375532749,-0.10651352414671951,1.0526666793627515,0,1,0,0,0,0,0,0,0,0,1,0,0
-0.5189700278791175,-0.7406801801655817,0.007011446406886239,0.3923343937589346,-0.4023828792261589,1,0,0,0,0,0,0,0,0,0,1,0,0
1.7760168505344465,0.8768744853299358,0.4516955839137847,-1.1387191219984418,-0.3736845777228578,0,0,0,0,0,1,0,0,0,0,1,0,0
-0.5189700278791175,-0.20149529166707583,-0.5989543375532749,-1.0871417767335314,-1.6376026755354514,0,0,0,0,0,0,0,1,0,0,0,1,0
-0.5189700278791175,-0.7406801801655817,0.007011446406886239,1.1033248448673239,0.03038417860996016,1,0,0,0,0,0,0,0,0,0,1,0,0
0.24602559825873724,0.8768744853299358,0.6697054426181996,0.5820298302917828,-0.32277622605567197,0,1,0,0,0,0,0,0,0,0,1,0,0
-0.9014678409480448,-0.7406801801655817,-0.5770657975227111,1.4068847400732103,0.17739374697583626,1,0,0,0,0,0,0,0,0,0,1,0,0
-0.1364722148101901,-0.7406801801655817,0.007011446406886239,0.7404219055792172,-0.10528556309099361,0,1,0,0,0,0,0,0,0,0,1,0,0
0.24602559825873724,0.8768744853299358,0.3869055054233161,0.11843628339993865,-0.38235341254025046,0,1,0,0,0,0,0,0,0,0,1,0,0
-0.1364722148101901,-0.20149529166707583,-0.47112526377478264,-1.259822325446044,-1.3082335165045578,0,0,0,1,0,0,0,0,0,0,1,0,0
-0.1364722148101901,-0.20149529166707583,-0.40983735168920415,-1.278227913718369,-0.1913824490485968,0,0,0,1,0,0,0,0,0,0,1,0,0
0.6285234113276646,0.33768959683143,-0.2715017786960413,-1.3656885381916413,-0.3573089010719897,0,0,0,0,0,1,0,0,0,0,1,0,0
2.541012476672301,4.111983816320971,0.007011446406886239,-0.2167087789088937,-0.5051714827839324,0,0,0,0,0,1,0,0,0,0,1,0,0
-0.1364722148101901,-0.20149529166707583,0.007011446406886239,0.10063211006776424,1.2413619498741664,0,0,0,1,0,0,0,0,0,0,1,0,0
-0.9014678409480448,-0.7406801801655817,0.007011446406886239,0.17195190310046682,1.13263593750947,1,0,0,0,0,0,0,0,0,0,1,0,0
0.24602559825873724,0.8768744853299358,1.0864632448001332,-0.5183842406357662,-0.32969247015400216,0,0,0,0,0,0,1,0,0,0,1,0,0
-0.5189700278791175,-0.20149529166707583,-0.2977680267327178,0.019960028328112354,-0.48967755047450917,0,1,0,0,0,0,0,0,0,0,1,0,0
0.24602559825873724,0.33768959683143,0.007011446406886239,-0.05201043839214208,0.8622435862315486,0,0,0,0,0,1,0,0,0,0,1,0,0
-0.1364722148101901,-0.7406801801655817,-0.6865084976755299,-1.5834030376205763,-0.24688082491112284,0,1,0,0,0,0,0,0,0,0,1,0,0
1.011021224396592,1.9552442623269475,1.4585684253197169,0.5789219469916664,-0.2373510509558788,0,0,0,1,0,0,0,0,0,0,1,0,0
-0.5189700278791175,-0.20149529166707583,-0.4457345573393287,1.137457720211919,1.3222902288327596,1,0,0,0,0,0,0,0,0,0,1,0,0
-0.1364722148101901,-0.20149529166707583,0.007011446406886239,1.2324136931675278,0.9354541253928391,0,0,0,1,0,0,0,0,0,0,1,0,0
-0.1364722148101901,0.8768744853299358,0.04544428094652168,-1.5338487376589667,0.034842436516015624,0,0,0,1,0,0,0,0,0,0,1,0,0
-0.5189700278791175,0.33768959683143,0.007011446406886239,0.27078213382266925,-0.4109843448128879,1,0,0,0,0,0,0,0,0,0,1,0,0
1.3935190374655193,0.33768959683143,-0.08238479283197059,-0.9889782574305606,-1.7982881977092877,0,0,0,0,0,1,0,0,0,0,1,0,0
1.011021224396592,-0.20149529166707583,0.48540393556085293,-1.229047063795819,0.3550365007762528,0,0,0,0,0,0,1,0,0,0,1,0,0
-0.9014678409480448,-0.7406801801655817,0.007011446406886239,0.3886090577869877,-0.37266314130034334,0,0,0,0,0,0,0,1,0,1,0,0,0
-0.5189700278791175,-0.20149529166707583,0.007011446406886239,0.5879214056004385,-0.2576658461478706,1,0,0,0,0,0,0,0,0,0,1,0,0
-0.1364722148101901,-0.7406801801655817,0.007011446406886239,-0.37966817108451845,-0.2611145563191592,0,1,0,0,0,0,0,0,0,0,1,0,0
-0.1364722148101901,0.8768744853299358,-0.12265970648820787,-0.9472205861975844,-1.9848038754667876,0,0,0,1,0,0,0,0,0,0,1,0,0
-0.5189700278791175,-0.7406801801655817,0.007011446406886239,-0.5696786344907014,0.8733634721732108,0,0,0,0,0,0,0,1,0,0,0,0,1
-0.1364722148101901,-0.20149529166707583,0.007011446406886239,0.5806941163485146,0.728467118054788,0,0,0,1,0,0,0,0,0,0,1,0,0
-0.1364722148101901,-0.20149529166707583,-0.19270303458601185,1.7792316122496312,0.8900492454295776,0,0,0,1,0,0,0,0,0,0,1,0,0
1.3935190374655193,-0.20149529166707583,0.4350602934905563,-0.8476251265610224,-0.6846807605610044,0,0,0,0,0,0,0,1,0,0,0,0,1
-0.1364722148101901,8.483335059174191e-05,0.007011446406886239,-1.0057823636337653,-0.8319162139942258,0,0,0,0,0,0,1,0,0,0,1,0,0
-0.1364722148101901,0.8768744853299358,0.38602996382209354,-0.2924710236326191,-0.2650318789326283,0,0,0,0,0,0,0,1,0,0,0,0,1
-0.9014678409480448,-0.7406801801655817,-0.6208428775838387,0.17988828920550462,1.1359300947400397,1,0,0,0,0,0,0,0,0,0,1,0,0
-0.9014678409480448,-0.7406801801655817,0.007011446406886239,0.7151624780941093,0.33260155626908394,1,0,0,0,0,0,0,0,0,0,1,0,0
-0.9014678409480448,-0.7406801801655817,-0.7224057033256545,0.42693350887615283,2.237595345043954,1,0,0,0,0,0,0,0,0,0,1,0,0
0.24602559825873724,1.9552442623269475,1.0343685195273915,0.7343012198171901,-0.17420824887051706,0,0,0,0,0,0,0,1,0,0,0,1,0
-0.9014678409480448,-0.7406801801655817,-0.6865084976755299,0.8516974161290858,-0.05469721526907279,0,1,0,0,0,0,0,0,0,0,1,0,0
-0.5189700278791175,-0.7406801801655817,0.007011446406886239,0.20445351201689815,1.9901650034301999,1,0,0,0,0,0,0,0,0,0,1,0,0
-0.5189700278791175,-0.20149529166707583,0.007011446406886239,0.4029971942592299,-0.298521321598777,1,0,0,0,0,0,0,0,0,0,1,0,0
-0.9014678409480448,-0.7406801801655817,-0.6208428775838387,-1.0798938675408878,-0.2850514383786298,1,0,0,0,0,0,0,0,0,0,1,0,0
-0.1364722148101901,-0.20149529166707583,0.007011446406886239,-0.3904535456774208,1.314663635641475,0,0,0,1,0,0,0,0,0,0,1,0,0
-0.1364722148101901,8.483335059174191e-05,0.007011446406886239,0.06936998870403367,1.6215453417943262,0,0,0,0,0,0,0,1,0,0,0,0,1
-0.1364722148101901,0.33768959683143,0.007011446406886239,0.7244288503810138,0.25357943024635177,0,0,0,0,0,1,0,0,0,0,1,0,0
-0.1364722148101901,-0.7406801801655817,-0.7674960957886158,0.5314410966332019,-0.530718291309635,0,1,0,0,0,0,0,0,0,0,1,0,0
-0.1364722148101901,-0.20149529166707583,-0.40545964368309145,-1.497026105591758,-1.4555363391683018,0,0,0,0,0,0,0,1,0,1,0,0,0
-0.1364722148101901,-0.20149529166707583,-0.4807562213882307,0.2147050592533728,2.3192617133669597,0,0,0,1,0,0,0,0,0,0,1,0,0
-0.5189700278791175,-0.20149529166707583,-0.4579921397564444,-1.1065279577463054,-0.5652935674569193,0,0,0,1,0,0,0,0,0,0,1,0,0
-0.9014678409480448,-0.7406801801655817,0.007011446406886239,0.8371821233551967,-0.3861934586832897,1,0,0,0,0,0,0,0,0,0,1,0,0
0.24602559825873724,0.8768744853299358,0.007011446406886239,-0.4874921326542543,-0.3492345006421181,0,0,0,1,0,0,0,0,0,0,1,0,0
12.485955616464413,7.347093147312006,4.50545319757419,-0.8156023584920533,-0.671813237520163,0,0,0,0,0,1,0,0,0,0,1,0,0
-0.1364722148101901,-0.20149529166707583,-0.41333951809409436,-1.7570481413417767,-1.585440067310823,0,0,0,1,0,0,0,0,0,0,1,0,0
-0.1364722148101901,-0.20149529166707583,-0.15417920413221967,-1.810899407856522,-1.8910110456392546,0,0,0,1,0,0,0,0,0,0,1,0,0
0.24602559825873724,-0.20149529166707583,0.007011446406886239,-1.1351415622689425,-0.4272460882061631,0,0,0,1,0,0,0,0,0,0,1,0,0
-0.9014678409480448,-0.7406801801655817,-0.6646199576449662,-1.1062656262771313,-0.841017004466495,1,0,0,0,0,0,0,0,0,0,1,0,0
-0.5189700278791175,-0.7406801801655817,0.007011446406886239,0.16918997658492735,0.7945781291815104,1,0,0,0,0,0,0,0,0,0,1,0,0
-0.9014678409480448,-0.7406801801655817,0.007011446406886239,0.401062356480453,0.4870811834376853,1,0,0,0,0,0,0,0,0,0,1,0,0
-0.1364722148101901,0.8768744853299358,0.342252883760966,0.12267139013067141,-0.6173095485327544,0,1,0,0,0,0,0,0,0,0,1,0,0
-0.1364722148101901,0.8768744853299358,0.10147894342476486,-1.103733955767325,-1.60627994621155,0,0,0,1,0,0,0,0,0,0,1,0,0
0.24602559825873724,-0.20149529166707583,0.15401143949811785,-1.0545679980242557,-0.9166211327611574,0,0,0,1,0,0,0,0,0,0,1,0,0
-0.5189700278791175,-0.7406801801655817,-0.6418558760131798,0.3313050967398294,0.6847137749648048,0,1,0,0,0,0,0,0,0,0,1,0,0
-0.1364722148101901,8.483335059174191e-05,0.007011446406886239,1.9941670018790667,0.3189969345877503,0,0,0,0,0,1,0,0,0,0,1,0,0
-0.1364722148101901,-0.20149529166707583,0.007011446406886239,-0.6463619032370335,0.6049000604827254,0,0,0,1,0,0,0,0,0,0,1,0,0
-0.5189700278791175,-0.20149529166707583,-0.20496061700312754,0.6707929476925205,-0.37500521278704374,1,0,0,0,0,0,0,0,0,0,1,0,0
-0.1364722148101901,8.483335059174191e-05,0.007011446406886239,-0.14337166833421033,1.6812592481879318,0,0,0,1,0,0,0,0,0,0,1,0,0
-0.5189700278791175,-0.20149529166707583,0.007011446406886239,0.7642138806104518,-0.18825968706651736,1,0,0,0,0,0,0,0,0,0,1,0,0
-0.1364722148101901,-0.20149529166707583,-0.4965159702102366,1.778027636817131,1.0516442522163167,0,1,0,0,0,0,0,0,0,0,1,0,0
-0.1364722148101901,-0.20149529166707583,-0.09551791685030883,-1.315184575400825,-1.2440009180420977,0,0,0,0,0,0,0,1,0,1,0,0,0
0.24602559825873724,-0.7406801801655817,0.007011446406886239,1.1909137711945232,0.02665311210448994,1,0,0,0,0,0,0,0,0,0,1,0,0
0.6285234113276646,1.9552442623269475,2.431732915078581,0.9002413389912844,1.1495158926657612,0,0,0,1,0,0,0,0,0,0,1,0,0
-0.5189700278791175,-0.20149529166707583,-0.46105653536072333,-0.2558660464961415,0.06360513507779708,0,1,0,0,0,0,0,0,0,0,1,0,0
1.011021224396592,0.33768959683143,0.10147894342476486,-1.4133595502264358,-0.02219255223813461,0,0,0,0,0,1,0,0,0,0,1,0,0
-0.5189700278791175,-0.20149529166707583,0.007011446406886239,0.6092687720941105,-0.28437675534891804,1,0,0,0,0,0,0,0,0,0,1,0,0
1.011021224396592,0.33768959683143,0.007011446406886239,-0.4609244844802795,1.3447122939282605,0,0,0,0,0,1,0,0,0,0,1,0,0
0.6285234113276646,0.33768959683143,-0.18744978497867654,-0.41270589846193806,1.0584485445048946,0,0,0,0,0,1,0,0,0,0,1,0,0
0.6285234113276646,-0.20149529166707583,-0.07362937681974509,-1.0821116567295583,-0.9260528250425188,0,0,0,1,0,0,0,0,0,0,1,0,0
2.158514663603374,1.9552442623269475,0.007011446406886239,-1.4930613491959985,-0.317291578107219,0,0,0,0,0,0,1,0,0,0,1,0,0
-0.9014678409480448,-0.7406801801655817,-0.7565518257733339,-0.31041037213232087,-0.5411426890179918,1,0,0,0,0,0,0,0,0,0,1,0,0
-0.9014678409480448,-0.7406801801655817,-0.5389797378695302,0.21975350809366748,-0.46879507044253416,0,1,0,0,0,0,0,0,0,0,1,0,0
-0.1364722148101901,0.33768959683143,-0.16118353694200005,-0.856059827902206,0.3034376144956449,0,0,0,0,0,1,0,0,0,0,1,0,0
-0.1364722148101901,-0.20149529166707583,0.007011446406886239,0.43524563612472944,0.5903255200259713,1,0,0,0,0,0,0,0,0,0,1,0,0
-0.1364722148101901,-0.20149529166707583,-0.27587948670215406,-1.2359203773972038,-2.205508447019704,0,0,0,1,0,0,0,0,0,0,1,0,0
-0.1364722148101901,8.483335059174191e-05,0.007011446406886239,-0.5079505505888421,0.6327948848389318,0,0,0,1,0,0,0,0,0,0,1,0,0
-0.1364722148101901,8.483335059174191e-05,0.007011446406886239,0.3603780677214896,-0.026926231410366364,0,1,0,0,0,0,0,0,0,0,1,0,0
-0.1364722148101901,8.483335059174191e-05,0.007011446406886239,-0.8594288971191348,0.5672406605883654,0,0,0,0,0,0,0,1,0,0,0,0,1
-0.1364722148101901,-0.20149529166707583,-0.09551791685030883,-0.0037322836558769004,-0.004853891879429019,0,0,0,0,0,0,1,0,0,0,1,0,0
-0.5189700278791175,-0.20149529166707583,-0.3240342747693943,0.31932147447582826,-0.41274089842777245,0,1,0,0,0,0,0,0,0,0,1,0,0
-0.1364722148101901,-0.20149529166707583,-0.5096490942285749,1.7752233248677094,1.052632004023429,0,1,0,0,0,0,0,0,0,0,1,0,0
-0.5189700278791175,-0.20149529166707583,0.007011446406886239,0.018703357491288652,0.5512374961536359,0,0,0,1,0,0,0,0,0,0,1,0,0
-0.1364722148101901,8.483335059174191e-05,-0.5989543375532749,0.046700654894375616,-0.5818535187679456,0,1,0,0,0,0,0,0,0,0,1,0,0
-0.9014678409480448,-0.7406801801655817,-0.6536756876296843,-1.1473313839410348,0.2116192975586977,1,0,0,0,0,0,0,0,0,0,1,0,0
-0.1364722148101901,8.483335059174191e-05,0.007011446406886239,-1.5890128070715372,-1.4728789624228296,0,0,0,0,1,0,0,0,0,0,1,0,0
0.24602559825873724,0.8768744853299358,0.03581332333307363,-2.042414375444749,-2.6326283781747257,0,0,0,0,0,1,0,0,0,0,1,0,0
0.6285234113276646,0.8768744853299358,1.7037200736620308,0.26147681275864193,-0.43782107595927594,0,0,0,0,0,0,1,0,0,0,1,0,0
0.24602559825873724,-0.20149529166707583,0.007011446406886239,-1.2093687669549904,1.9057028120381034,0,0,0,0,0,1,0,0,0,0,1,0,0
-0.5189700278791175,-0.20149529166707583,0.007011446406886239,0.43423984123443976,1.0643284913209201,0,1,0,0,0,0,0,0,0,0,1,0,0
0.6285234113276646,0.33768959683143,0.37464792300620037,1.8692296349941115,0.8253014704981485,0,0,0,0,0,1,0,0,0,0,1,0,0
-0.5189700278791175,-0.20149529166707583,-0.4776918257839518,0.8143489755713298,-0.061682810045907185,1,0,0,0,0,0,0,0,0,0,1,0,0
-0.9014678409480448,-0.7406801801655817,0.007011446406886239,0.38382866817718714,-0.39153445165471035,1,0,0,0,0,0,0,0,0,0,1,0,0
-0.1364722148101901,-0.20149529166707583,0.007011446406886239,-1.1361622493387131,-0.09637201945092518,0,0,0,1,0,0,0,0,0,0,1,0,0
-0.1364722148101901,-0.20149529166707583,-0.25048878026670013,0.6261324470151576,1.1616968439890025,0,0,0,1,0,0,0,0,0,0,1,0,0
-0.1364722148101901,-0.7406801801655817,0.007011446406886239,-1.5705350490064494,1.0107897674891897,1,0,0,0,0,0,0,0,0,0,1,0,0
-0.1364722148101901,-0.20149529166707583,0.007011446406886239,-0.49271470543903634,-0.3897471855963254,1,0,0,0,0,0,0,0,0,0,1,0,0
-0.1364722148101901,8.483335059174191e-05,-0.20846278340801774,-1.1990587965528723,-0.5077552909215476,0,0,0,1,0,0,0,0,0,0,1,0,0
-0.1364722148101901,8.483335059174191e-05,0.007011446406886239,-1.5592628147002041,-0.2118537786292888,0,0,0,1,0,0,0,0,0,0,1,0,0
1.011021224396592,-0.20149529166707583,0.013924783302509887,-1.1415612371726245,-0.17091012874412526,0,0,0,1,0,0,0,0,0,0,1,0,0
-0.1364722148101901,-0.7406801801655817,0.007011446406886239,0.4080261687109225,-0.29605540961485827,1,0,0,0,0,0,0,0,0,0,1,0,0
-0.9014678409480448,-0.7406801801655817,0.007011446406886239,0.4301284541485129,0.5883589329273112,1,0,0,0,0,0,0,0,0,0,1,0,0
-0.5189700278791175,-0.20149529166707583,-0.283759361113157,-1.0370765604609369,-1.8241966204873015,0,0,0,0,0,1,0,0,0,0,1,0,0
-0.9014678409480448,-0.7406801801655817,0.007011446406886239,0.6141133126307932,0.1090050614210347,0,1,0,0,0,0,0,0,0,0,1,0,0
-0.5189700278791175,-0.20149529166707583,-0.44485901573810616,0.13827724866261457,0.5987387480565793,0,0,0,0,0,0,1,0,0,0,1,0,0
0.6285234113276646,0.8768744853299358,0.44294016790155927,-0.04531239428760618,-0.7529594757541758,0,1,0,0,0,0,0,0,0,0,1,0,0
-0.1364722148101901,0.33768959683143,-0.0298522967586176,-1.5491452970788953,-0.0015557717530372288,0,0,0,1,0,0,0,0,0,0,1,0,0
-0.9014678409480448,-0.7406801801655817,0.007011446406886239,0.06997827695778469,1.051563012849924,1,0,0,0,0,0,0,0,0,0,1,0,0
-0.1364722148101901,8.483335059174191e-05,-0.415966142897762,-0.9525966629861343,-1.3627916953108212,0,0,0,1,0,0,0,0,0,0,1,0,0
0.24602559825873724,0.33768959683143,-0.14717487132243925,1.7569941516445948,0.8365669928646835,0,0,0,1,0,0,0,0,0,0,1,0,0
-0.1364722148101901,-0.20149529166707583,-0.4938893454065689,-1.0810680586144263,-1.3468786867581892,0,0,0,1,0,0,0,0,0,0,1,0,0
-0.5189700278791175,-0.20149529166707583,-0.004461590323163658,-0.7532980617998841,-0.37910978223257275,0,1,0,0,0,0,0,0,0,0,1,0,0
-0.9014678409480448,-0.7406801801655817,-0.6865084976755299,0.28746022927650755,-0.5885399149031085,0,1,0,0,0,0,0,0,0,0,1,0,0
-0.5189700278791175,-0.7406801801655817,-0.581443505528824,-0.5517049194230794,0.6394743459062302,0,0,0,1,0,0,0,0,0,0,1,0,0
-0.5189700278791175,-0.7406801801655817,-0.5464218414799219,0.2140853154769817,0.809544996334217,1,0,0,0,0,0,0,0,0,0,1,0,0
0.6285234113276646,1.9552442623269475,0.8605735116847155,0.6941679416986145,-0.4025968756056158,0,1,0,0,0,0,0,0,0,0,1,0,0
0.6285234113276646,0.8768744853299358,0.4516955839137847,0.7363265562250515,-0.15965055072139367,1,0,0,0,0,0,0,0,0,0,1,0,0
-0.1364722148101901,0.33768959683143,0.5987865729191731,-1.4468658084809578,-0.08162806519352134,0,0,0,0,0,1,0,0,0,0,1,0,0
-0.1364722148101901,-0.7406801801655817,-0.6865084976755299,1.5092260884935507,1.143714213043945,1,0,0,0,0,0,0,0,0,0,1,0,0
2.9235102897412286,1.9552442623269475,0.9551320046167509,0.40744193705481335,0.7739819683795389,0,0,0,0,0,1,0,0,0,0,1,0,0
-0.9014678409480448,-0.7406801801655817,-0.4741896593790616,-1.1080859088292632,-0.9575964858137417,1,0,0,0,0,0,0,0,0,0,1,0,0
-0.1364722148101901,-0.7406801801655817,-0.7302855777366574,1.809360782421344,0.25560744223159054,1,0,0,0,0,0,0,0,0,0,1,0,0
-0.9014678409480448,-0.7406801801655817,0.007011446406886239,1.5856722279205493,0.026581779978004316,1,0,0,0,0,0,0,0,0,0,1,0,0
-0.5189700278791175,-0.20149529166707583,-0.07362937681974509,0.35738932185713934,-0.5002446124358373,0,0,0,0,0,0,0,1,0,0,0,0,1
0.24602559825873724,-0.20149529166707583,-0.05874516959896174,1.7483635608657613,0.9499068068002154,0,0,0,0,0,1,0,0,0,0,1,0,0
-0.1364722148101901,-0.20149529166707583,-0.3660602716280767,-0.9217022639000619,-1.5367984921078892,0,0,0,1,0,0,0,0,0,0,1,0,0
-0.1364722148101901,-0.7406801801655817,0.007011446406886239,-0.03893281371324588,1.423250946649163,1,0,0,0,0,0,0,0,0,0,1,0,0
-0.9014678409480448,-0.7406801801655817,-0.6856329560743073,-0.9881523142461597,-0.5920143838978738,0,1,0,0,0,0,0,0,0,0,1,0,0
-0.1364722148101901,-0.20149529166707583,-0.4255971005112101,-1.1027167053543137,-1.3446059659499932,0,0,0,1,0,0,0,0,0,0,1,0,0
-0.1364722148101901,-0.7406801801655817,-0.7587406797763903,-1.8085292602162824,-1.9507754789557523,0,0,0,0,0,0,0,1,0,1,0,0,0
1.011021224396592,0.8768744853299358,-0.014968089537834255,-1.0389037163266692,0.34165281054238134,0,0,0,0,0,1,0,0,0,0,1,0,0
-0.5189700278791175,-0.7406801801655817,-0.6865084976755299,1.4165990232964978,0.011410823685747829,0,0,0,0,0,0,0,1,0,0,0,0,1
0.24602559825873724,0.33768959683143,-0.16118353694200005,-0.5657493902153053,-0.09789278075883898,0,0,0,1,0,0,0,0,0,0,1,0,0
-0.1364722148101901,-0.7406801801655817,-0.7083970377060936,0.14682650523052454,0.9270329715703055,1,0,0,0,0,0,0,0,0,0,1,0,0
-0.1364722148101901,-0.20149529166707583,-0.28901261072049234,-1.0651803942247884,-0.9411772173077052,0,0,0,1,0,0,0,0,0,0,1,0,0
-0.1364722148101901,-0.7406801801655817,-0.5324131758603612,-1.1175756638083003,0.11839217112330748,0,0,0,1,0,0,0,0,0,0,1,0,0
0.24602559825873724,1.9552442623269475,0.007011446406886239,0.6070555651144797,-0.28613727185976534,1,0,0,0,0,0,0,0,0,0,1,0,0
1.3935190374655193,0.33768959683143,-0.16118353694200005,-1.4461395283438023,-0.27770224790164355,0,0,0,0,0,1,0,0,0,0,1,0,0
0.24602559825873724,-0.20149529166707583,0.13474952427122175,-1.297216588094523,-2.2323194193426157,0,0,0,1,0,0,0,0,0,0,1,0,0
-0.5189700278791175,-0.7406801801655817,-0.5381041962683077,-1.762967209904915,-1.7631065984867347,0,1,0,0,0,0,0,0,0,0,1,0,0
-0.9014678409480448,-0.7406801801655817,0.007011446406886239,-0.08729573931719416,1.0817573075617235,1,0,0,0,0,0,0,0,0,0,1,0,0
-0.5189700278791175,-0.20149529166707583,-0.4903871790016788,-0.04968038508130572,-0.25664936334523925,0,1,0,0,0,0,0,0,0,0,1,0,0
-0.9014678409480448,-0.20149529166707583,-0.5551772574921474,1.2292771710607298,-0.026585422361507856,0,1,0,0,0,0,0,0,0,0,1,0,0
-0.5189700278791175,-0.7406801801655817,-0.5770657975227111,-1.140959822232474,0.21961047717419532,1,0,0,0,0,0,0,0,0,0,1,0,0
-0.5189700278791175,-0.20149529166707583,0.05770186336363737,0.09127638470397406,-0.5619062821723501,1,0,0,0,0,0,0,0,0,0,1,0,0
-0.5189700278791175,-0.20149529166707583,-0.24873769706425503,0.6880896413704697,-0.3770956403829222,1,0,0,0,0,0,0,0,0,0,1,0,0
-0.1364722148101901,-0.7406801801655817,-0.7565518257733339,0.622724429021106,-0.4234218936466934,1,0,0,0,0,0,0,0,0,0,1,0,0
1.011021224396592,0.8768744853299358,0.1737111255256252,-0.41214572340338934,-0.1952878829743183,0,0,0,0,0,1,0,0,0,0,1,0,0
1.3935190374655193,0.8768744853299358,0.27658726366927483,-1.2470184877589618,0.30921353529398454,0,0,0,1,0,0,0,0,0,0,1,0,0
-0.5189700278791175,-0.20149529166707583,-0.423846017308765,0.6823653166927011,-0.3757115989841763,1,0,0,0,0,0,0,0,0,0,1,0,0
-0.5189700278791175,-0.7406801801655817,0.007011446406886239,0.7974818639935232,1.4147911545914849,1,0,0,0,0,0,0,0,0,0,1,0,0
-0.1364722148101901,-0.7406801801655817,-0.7302855777366574,1.4163790772612874,-0.037051430476910896,0,1,0,0,0,0,0,0,0,0,1,0,0
0.24602559825873724,0.33768959683143,-0.1638101617456677,0.8788893902884913,-0.33164617784071276,0,1,0,0,0,0,0,0,0,0,1,0,0
0.24602559825873724,0.33768959683143,0.007358221293340764,-0.9508760434812478,-1.7688567604614571,0,0,0,0,0,1,0,0,0,0,1,0,0
-0.5189700278791175,-0.20149529166707583,0.007011446406886239,0.6534653241034106,-0.16606251631415977,1,0,0,0,0,0,0,0,0,0,1,0,0
-0.5189700278791175,0.33768959683143,-0.423846017308765,-2.174717643405915,-2.6899477047107574,0,0,0,0,0,0,0,1,0,1,0,0,0
0.6285234113276646,0.33768959683143,-0.301270193137608,0.13148412371987298,0.5129400700167273,0,0,0,0,0,1,0,0,0,0,1,0,0
0.24602559825873724,-0.20149529166707583,0.13956500307794578,-0.8997729568548414,-0.2772475055951921,0,0,0,0,0,0,1,0,0,0,1,0,0
0.24602559825873724,-0.20149529166707583,0.43418475188933375,-1.468466342025643,-1.6255564626733965,0,0,0,1,0,0,0,0,0,0,1,0,0
1.011021224396592,8.483335059174191e-05,-0.043860962378178395,-0.6444774697580195,0.15265041559736922,0,0,0,1,0,0,0,0,0,0,1,0,0
5.983492794292648,3.0336140393239597,1.6292990375581142,-0.6335065156979083,-0.43691159134651386,0,0,0,0,0,1,0,0,0,0,1,0,0
-0.9014678409480448,-0.7406801801655817,0.007011446406886239,0.49742621317209285,-0.1999115917849199,1,0,0,0,0,0,0,0,0,0,1,0,0
-0.5189700278791175,-0.7406801801655817,0.007011446406886239,0.2089360580373241,1.9681709310937534,1,0,0,0,0,0,0,0,0,0,1,0,0
-0.1364722148101901,8.483335059174191e-05,0.007011446406886239,-0.45259288284310084,0.3590419978238382,0,0,0,0,1,0,0,0,0,0,1,0,0
0.24602559825873724,-0.20149529166707583,0.007011446406886239,0.26496616496361713,1.2664044798944458,0,0,0,0,0,1,0,0,0,0,1,0,0
-0.1364722148101901,-0.7406801801655817,0.007011446406886239,0.357329753139297,-0.41718429547417857,1,0,0,0,0,0,0,0,0,0,1,0,0
2.541012476672301,0.8768744853299358,1.3942161176298595,-0.4764134966810985,-0.3938131168067099,0,0,0,0,0,0,1,0,0,0,1,0,0
-0.1364722148101901,-0.20149529166707583,-0.2767550283033766,-1.255883916752487,-0.04887175827190208,0,0,0,1,0,0,0,0,0,0,1,0,0
-0.9014678409480448,-0.7406801801655817,0.007011446406886239,0.2140853154769817,0.809544996334217,1,0,0,0,0,0,0,0,0,0,1,0,0
-0.9014678409480448,-0.7406801801655817,0.007011446406886239,0.896007377812832,-0.24267421089574845,1,0,0,0,0,0,0,0,0,0,1,0,0
0.24602559825873724,-0.20149529166707583,0.007011446406886239,0.9208784630794808,-0.3050283966936647,1,0,0,0,0,0,0,0,0,0,1,0,0
0.24602559825873724,-0.20149529166707583,0.007011446406886239,-0.32161501885484317,-0.07434921611895964,0,0,0,1,0,0,0,0,0,0,1,0,0
-0.9014678409480448,-0.7406801801655817,-0.6208428775838387,-1.3193750055931148,0.0923024458570371,1,0,0,0,0,0,0,0,0,0,1,0,0
-0.9014678409480448,-0.7406801801655817,0.007011446406886239,-0.8774358332025596,0.4121081463175662,0,1,0,0,0,0,0,0,0,0,1,0,0
-0.1364722148101901,-0.7406801801655817,-0.7302855777366574,0.2737136020737377,-0.6284007034790382,0,1,0,0,0,0,0,0,0,0,1,0,0
-0.1364722148101901,0.8768744853299358,0.007011446406886239,0.7363265562250515,-0.15965055072139367,1,0,0,0,0,0,0,0,0,0,1,0,0
-0.9014678409480448,-0.7406801801655817,-0.7066459545036485,0.13891417572304718,0.8112421065103634,0,1,0,0,0,0,0,0,0,0,1,0,0
-0.5189700278791175,-0.20149529166707583,0.007011446406886239,-1.4326277393557239,-0.0334035847858147,0,0,0,0,0,0,0,1,0,0,0,0,1
-0.5189700278791175,-0.20149529166707583,-0.46762309736989244,-1.1666305029814839,-0.9185639424843223,1,0,0,0,0,0,0,0,0,0,1,0,0
-0.5189700278791175,-0.7406801801655817,-0.6208428775838387,-0.7970558672909622,-0.5624521710848195,0,1,0,0,0,0,0,0,0,0,1,0,0
-0.1364722148101901,-0.7406801801655817,-0.7048948713012034,0.4173223253568703,-0.3731010412991641,0,1,0,0,0,0,0,0,0,0,1,0,0
-0.5189700278791175,-0.7406801801655817,-0.51140017743102,0.08599767985810913,0.9953126774873973,1,0,0,0,0,0,0,0,0,0,1,0,0
0.24602559825873724,-0.20149529166707583,0.007011446406886239,-0.6523634515632943,1.8771759057832926,0,0,0,0,0,1,0,0,0,0,1,0,0
-0.5189700278791175,-0.7406801801655817,0.007011446406886239,-0.07926770903079154,1.1673112767787588,1,0,0,0,0,0,0,0,0,0,1,0,0
-0.9014678409480448,-0.7406801801655817,0.007011446406886239,-0.03283618454877927,1.4350415527247147,1,0,0,0,0,0,0,0,0,0,1,0,0
-0.9014678409480448,-0.7406801801655817,0.007011446406886239,0.4560190809327334,-0.5517999068612768,1,0,0,0,0,0,0,0,0,0,1,0,0
0.6285234113276646,0.8768744853299358,0.007011446406886239,-0.3328528865931682,-0.23823873964126788,0,0,0,0,0,0,1,0,0,0,1,0,0
-0.9014678409480448,-0.20149529166707583,-0.46762309736989244,0.7134510230073022,-0.18580962666602746,0,1,0,0,0,0,0,0,0,0,1,0,0
-0.5189700278791175,-0.7406801801655817,-0.5332887174615837,0.7086271024114206,1.1369168558232317,1,0,0,0,0,0,0,0,0,0,1,0,0
-0.9014678409480448,-0.7406801801655817,-0.6208428775838387,-0.7852578244941699,-0.3015846401422592,1,0,0,0,0,0,0,0,0,0,1,0,0
-0.1364722148101901,0.8768744853299358,-0.3257853579718394,-1.8499581579487232,-1.970509709895952,0,0,0,0,0,0,0,1,0,1,0,0,0
-0.1364722148101901,-0.20149529166707583,0.007011446406886239,-0.04934702937164917,1.1214823669525464,0,1,0,0,0,0,0,0,0,0,1,0,0
-0.5189700278791175,-0.20149529166707583,-0.16424793254627898,0.7605950809993507,-0.40552545568791154,0,1,0,0,0,0,0,0,0,0,1,0,0
-0.9014678409480448,-0.7406801801655817,-0.5713747771147646,1.8553547059374145,0.64665709475475,1,0,0,0,0,0,0,0,0,0,1,0,0
-0.9014678409480448,-0.7406801801655817,-0.5332887174615837,-0.9337637837183086,-0.8742151742828977,1,0,0,0,0,0,0,0,0,0,1,0,0
2.158514663603374,0.33768959683143,0.4665797911345681,1.5290235227700641,0.7779646787756902,0,0,0,0,0,1,0,0,0,0,1,0,0
0.24602559825873724,0.33768959683143,0.03143561532696088,0.6857859357616729,0.4146731306995693,0,0,0,0,0,1,0,0,0,0,1,0,0
-0.9014678409480448,-0.7406801801655817,0.007011446406886239,0.35762416007191217,-0.07825663149266253,0,1,0,0,0,0,0,0,0,0,1,0,0
-0.5189700278791175,-0.7406801801655817,-0.578379109924545,-0.8496138052963216,-2.2133837119297683,0,0,0,1,0,0,0,0,0,0,1,0,0
-0.1364722148101901,-0.20149529166707583,-0.17738105656461722,-1.1028083495356784,-1.4263268240918539,0,0,0,1,0,0,0,0,0,0,1,0,0
-0.5189700278791175,-0.7406801801655817,0.007011446406886239,0.3346100150298761,0.6031633213473734,1,0,0,0,0,0,0,0,0,0,1,0,0
-0.1364722148101901,-0.20149529166707583,0.007011446406886239,0.36793527602622916,2.0682073034376045,0,1,0,0,0,0,0,0,0,0,1,0,0
-0.1364722148101901,0.8768744853299358,0.007011446406886239,-0.2002918693719492,-0.5180508945125214,0,0,0,0,0,0,1,0,0,0,1,0,0
-0.5189700278791175,-0.20149529166707583,-0.29251477712538254,-0.912146066889582,0.14893123777964662,0,0,0,1,0,0,0,0,0,0,1,0,0
-0.9014678409480448,-0.7406801801655817,-0.6427314176144024,2.2168772547438915,0.3497876451349113,1,0,0,0,0,0,0,0,0,0,1,0,0
-0.1364722148101901,-0.7406801801655817,0.007011446406886239,0.726525211029439,-0.05842630032656161,1,0,0,0,0,0,0,0,0,0,1,0,0
0.24602559825873724,0.8768744853299358,0.5392497440360398,-0.261334913018255,-0.5013879079077295,0,0,0,0,0,0,1,0,0,0,1,0,0
1.7760168505344465,1.9552442623269475,2.990766227459179,2.1153641406125128,0.3874827110925141,0,0,0,1,0,0,0,0,0,0,1,0,0
1.3935190374655193,3.0336140393239597,2.202778786358884,0.5705376499501643,-0.26061424070969874,0,0,0,0,0,0,1,0,0,0,1,0,0
-0.1364722148101901,-0.20149529166707583,-0.13754391370899122,-1.5910301246135994,-0.5589251937191807,0,0,0,1,0,0,0,0,0,0,1,0,0
-0.1364722148101901,-0.20149529166707583,0.007011446406886239,-0.7177447016444193,1.0037338313099309,0,0,0,1,0,0,0,0,0,0,1,0,0
0.24602559825873724,-0.7406801801655817,-0.5008936782163493,1.076125997394318,0.03602337949913201,1,0,0,0,0,0,0,0,0,0,1,0,0
-0.5189700278791175,-0.20149529166707583,-0.4290992669161003,0.8975916765979108,-0.23480290888164715,0,1,0,0,0,0,0,0,0,0,1,0,0
0.6285234113276646,-0.7406801801655817,-0.14936372532549563,-0.2529574892904346,0.8699583538570905,0,0,0,1,0,0,0,0,0,0,1,0,0
0.24602559825873724,-0.20149529166707583,0.007011446406886239,0.8962571082070043,-0.3510990431707921,1,0,0,0,0,0,0,0,0,0,1,0,0
-0.1364722148101901,0.33768959683143,-0.1830720769725638,0.9540708400129485,-0.30062066571064217,1,0,0,0,0,0,0,0,0,0,1,0,0
0.6285234113276646,0.8768744853299358,0.9025995085433979,1.0737432486791583,-0.08583666065687712,0,0,0,0,0,0,0,1,0,0,0,0,1
0.24602559825873724,1.9552442623269475,1.5023455053808443,-1.9174014021102717,-2.439073606545598,0,0,0,0,0,0,0,1,0,1,0,0,0
-0.5189700278791175,-0.20149529166707583,-0.45011226534544146,0.9244308206591393,-0.2287991215681216,0,1,0,0,0,0,0,0,0,0,1,0,0
0.24602559825873724,-0.20149529166707583,-0.21721819942024323,-0.026977830255844916,1.254682233773478,0,0,0,1,0,0,0,0,0,0,1,0,0
0.24602559825873724,0.8768744853299358,0.6136707801399565,-1.4202924325457444,-2.077807098282814,0,0,0,1,0,0,0,0,0,0,1,0,0
1.011021224396592,8.483335059174191e-05,0.5007259135822475,0.36745872628324605,0.7224365811938656,0,0,0,0,0,1,0,0,0,0,1,0,0
0.6285234113276646,-0.20149529166707583,0.007011446406886239,-0.6334962057274671,-0.5578403509621063,0,0,0,0,0,1,0,0,0,0,1,0,0
-0.5189700278791175,-0.7406801801655817,-0.5551772574921474,1.912954219469387,0.22550429412609077,0,0,0,0,0,0,0,1,0,0,0,0,1
1.011021224396592,-0.20149529166707583,0.40791850385265727,-0.996848201504237,-2.033722853383879,0,0,0,0,0,0,0,1,0,0,0,1,0
-0.5189700278791175,-0.20149529166707583,-0.4969537410108479,0.9394112076533713,-0.045914447194228006,0,1,0,0,0,0,0,0,0,0,1,0,0
-0.5189700278791175,-0.7406801801655817,0.007011446406886239,0.2102110577103882,-0.4659952844776214,1,0,0,0,0,0,0,0,0,0,1,0,0
-0.9014678409480448,-0.7406801801655817,0.007011446406886239,0.5484949332304977,1.487116977239288,1,0,0,0,0,0,0,0,0,0,1,0,0
0.24602559825873724,-0.20149529166707583,0.007011446406886239,-0.01074764573838952,-0.3594092359077752,1,0,0,0,0,0,0,0,0,0,1,0,0
-0.5189700278791175,-0.20149529166707583,-0.423846017308765,-1.4571929621671176,-0.07517547991748852,1,0,0,0,0,0,0,0,0,0,1,0,0
1.3935190374655193,2.4944291508254537,1.0645747047695695,0.3083001161159542,0.888840562175144,0,0,0,0,0,1,0,0,0,0,1,0,0
-0.1364722148101901,-0.20149529166707583,-0.31440331715594627,0.34171473018919296,0.4313995236390621,0,1,0,0,0,0,0,0,0,0,1,0,0
-0.1364722148101901,-0.7406801801655817,-0.7289722653348235,1.8916251818120366,0.25620187661911153,1,0,0,0,0,0,0,0,0,0,1,0,0
-0.9014678409480448,-0.7406801801655817,0.007011446406886239,0.34958123760594717,-0.6016392673550985,1,0,0,0,0,0,0,0,0,0,1,0,0
0.6285234113276646,0.33768959683143,-0.29251477712538254,-0.5100045258033852,1.4803919428689805,0,0,0,1,0,0,0,0,0,0,1,0,0
-0.1364722148101901,-0.20149529166707583,-0.46762309736989244,-1.5513436118791264,-1.6205562787506937,0,0,0,1,0,0,0,0,0,0,1,0,0
-0.5189700278791175,-0.20149529166707583,0.007011446406886239,0.42685217466514785,0.3259498354732436,0,0,0,1,0,0,0,0,0,0,1,0,0
-0.1364722148101901,-0.7406801801655817,0.007011446406886239,-0.042296155168854634,1.4168766285674803,1,0,0,0,0,0,0,0,0,0,1,0,0
-0.5189700278791175,-0.7406801801655817,-0.38182002045008256,-1.8451869327570836,-2.1009850857744192,0,1,0,0,0,0,0,0,0,0,1,0,0
1.7760168505344465,1.4160593738284417,0.007011446406886239,-0.7691960361599632,-0.2647762721459844,0,0,0,0,0,0,0,1,0,0,0,0,1
-0.1364722148101901,0.33768959683143,-0.3678113548305218,1.3936536113905464,0.2959041493585004,0,0,0,1,0,0,0,0,0,0,1,0,0
-0.1364722148101901,8.483335059174191e-05,0.007011446406886239,1.9295887839370627,0.2787259862844578,0,0,0,1,0,0,0,0,0,0,1,0,0
-0.9014678409480448,-0.7406801801655817,0.007011446406886239,0.8894559643983821,-0.33456385995932203,1,0,0,0,0,0,0,0,0,0,1,0,0
-0.1364722148101901,-0.20149529166707583,-0.4369791413271032,-1.0492045223106263,-1.9132825206899995,0,0,0,0,0,0,0,1,0,0,0,0,1
-0.1364722148101901,8.483335059174191e-05,0.36414142379152975,-0.2489331641768328,-0.0793702052451153,0,0,0,0,0,1,0,0,0,0,1,0,0
1.011021224396592,8.483335059174191e-05,1.9532494300104575,0.737236124725018,-0.3682256885978814,0,0,0,0,0,0,1,0,0,0,1,0,0
-0.5189700278791175,-0.20149529166707583,0.007011446406886239,0.8198980307522494,-0.1250752745739686,1,0,0,0,0,0,0,0,0,0,1,0,0
6.365990607361574,3.0336140393239597,2.202778786358884,-0.925929351764914,-0.8476112632715787,0,0,0,0,0,1,0,0,0,0,1,0,0
0.6285234113276646,0.33768959683143,-0.2601197378801482,0.05998218787680244,0.3544083817736112,0,0,0,0,0,1,0,0,0,0,1,0,0
-0.9014678409480448,-0.7406801801655817,-0.6208428775838387,2.143930777492228,0.7842448780793123,1,0,0,0,0,0,0,0,0,0,1,0,0
-0.5189700278791175,-0.7406801801655817,0.007011446406886239,0.44985371863226353,0.5943191283858091,1,0,0,0,0,0,0,0,0,0,1,0,0
2.158514663603374,0.33768959683143,0.04719536414896677,1.3593202643992617,0.46712007670636074,0,0,0,0,0,1,0,0,0,0,1,0,0
-0.5189700278791175,-0.20149529166707583,-0.20627392940496136,0.12372873487300425,-0.5372412179880923,1,0,0,0,0,0,0,0,0,0,1,0,0
0.24602559825873724,-0.20149529166707583,0.0016672008853941902,-1.1410342831298785,0.3994278701087847,0,0,0,1,0,0,0,0,0,0,1,0,0
-0.9014678409480448,-0.7406801801655817,0.007011446406886239,-1.448259945589788,-0.0687030801619233,1,0,0,0,0,0,0,0,0,0,1,0,0
-0.1364722148101901,0.8768744853299358,0.007011446406886239,-0.7730874772105982,0.09251148861661088,0,0,0,0,0,1,0,0,0,0,1,0,0
-0.9014678409480448,-0.7406801801655817,-0.6427314176144024,0.6008249063347659,-0.45905526300379607,0,1,0,0,0,0,0,0,0,0,1,0,0
-0.1364722148101901,0.8768744853299358,-0.43654137052649195,1.9145705937179882,0.341001904888024,0,0,0,0,0,1,0,0,0,0,1,0,0
1.011021224396592,-0.20149529166707583,0.42718041907955334,1.5036197556993491,0.8094845621714178,0,0,0,0,0,1,0,0,0,0,1,0,0
-0.9014678409480448,-0.7406801801655817,-0.5551772574921474,1.6447472127723568,0.7032086102070704,1,0,0,0,0,0,0,0,0,0,1,0,0
0.6285234113276646,-0.20149529166707583,-0.33629185718651,-0.43969854652693424,0.6319795190040894,0,0,0,0,0,1,0,0,0,0,1,0,0
-0.9014678409480448,-0.7406801801655817,0.007011446406886239,0.723019821092784,-0.34735410652973364,1,0,0,0,0,0,0,0,0,0,1,0,0
-0.5189700278791175,-0.20149529166707583,-0.4776918257839518,-0.4280803554360307,-0.02782977167932506,0,0,0,1,0,0,0,0,0,0,1,0,0
-0.9014678409480448,-0.7406801801655817,-0.5989543375532749,0.6575961855777769,-0.0891050590639703,0,1,0,0,0,0,0,0,0,0,1,0,0
-0.5189700278791175,-0.20149529166707583,-0.423846017308765,1.9910087142791875,0.3191623854922964,1,0,0,0,0,0,0,0,0,0,1,0,0
-0.5189700278791175,-0.20149529166707583,-0.33629185718651,-0.6911988189635258,-0.15133144146870545,1,0,0,0,0,0,0,0,0,0,1,0,0
1.011021224396592,0.33768959683143,0.007011446406886239,-0.30607903901110217,0.20161199464556812,0,0,0,0,0,1,0,0,0,0,1,0,0
-0.9014678409480448,-0.7406801801655817,-0.5770657975227111,-1.2397430853118356,-0.013611891854858298,0,1,0,0,0,0,0,0,0,0,1,0,0
-0.9014678409480448,-0.7406801801655817,0.007011446406886239,0.566328890921634,-0.27973323205878403,0,1,0,0,0,0,0,0,0,0,1,0,0
0.24602559825873724,-0.20149529166707583,0.007358221293340764,-1.0568270270945284,-1.9673681241581198,0,0,0,1,0,0,0,0,0,0,1,0,0
-0.1364722148101901,8.483335059174191e-05,0.007011446406886239,-0.7842394285288785,0.516155960052947,0,0,0,1,0,0,0,0,0,0,1,0,0
0.6285234113276646,0.8768744853299358,0.5830268240971672,-2.2067633225201644,-2.8618838883914792,0,0,0,0,0,1,0,0,0,0,1,0,0
-0.5189700278791175,-0.20149529166707583,-0.5135890314340763,0.7395822157676156,1.59324432060672,0,1,0,0,0,0,0,0,0,0,1,0,0
1.011021224396592,8.483335059174191e-05,2.6843266670312866,0.2152182666689995,-0.5652470034299899,0,0,0,0,0,0,1,0,0,0,1,0,0
-0.1364722148101901,1.4160593738284417,0.17152227152256883,-1.5179954398373305,-0.16905846562711915,0,0,0,0,0,1,0,0,0,0,1,0,0
-0.5189700278791175,-0.7406801801655817,0.007011446406886239,2.238437693959255,0.3610501953295446,1,0,0,0,0,0,0,0,0,0,1,0,0
0.24602559825873724,-0.20149529166707583,-0.20496061700312754,-0.5230042529281171,0.6633834876943835,0,0,0,0,0,1,0,0,0,0,1,0,0
-0.1364722148101901,0.33768959683143,0.08177925739725748,-1.3176108551021473,-0.43691159134651386,0,0,0,0,0,1,0,0,0,0,1,0,0
0.24602559825873724,0.8768744853299358,0.5480051600482653,-1.3739193312292943,-1.626011204979848,0,0,0,1,0,0,0,0,0,0,1,0,0
-0.5189700278791175,-0.20149529166707583,-0.4641209309650023,0.6446090595279652,-0.41065542445177705,0,1,0,0,0,0,0,0,0,0,1,0,0
-0.5189700278791175,-0.20149529166707583,-0.5770657975227111,-0.3135125276710358,0.08352562212599572,0,0,0,0,0,0,0,1,0,0,0,0,1
-0.1364722148101901,-0.20149529166707583,0.007011446406886239,-0.14150441813915643,1.7880959499245388,0,0,0,1,0,0,0,0,0,0,1,0,0
-0.9014678409480448,-0.7406801801655817,-0.588010067537993,0.3020110341706785,0.5447125880271971,1,0,0,0,0,0,0,0,0,0,1,0,0
1.011021224396592,0.33768959683143,-0.09464237524908628,2.0251725195349435,0.8794663318846799,0,0,0,0,0,1,0,0,0,0,1,0,0
-0.1364722148101901,-0.7406801801655817,0.24419222442404045,-1.4904414711615868,-1.4769032832260272,0,0,0,0,0,1,0,0,0,0,1,0,0
-0.5189700278791175,-0.7406801801655817,0.007011446406886239,0.27118422266841047,-0.4269042884333843,0,1,0,0,0,0,0,0,0,0,1,0,0
1.011021224396592,1.9552442623269475,1.5023455053808443,-1.4687607489582581,-1.63464833662982,0,0,0,1,0,0,0,0,0,0,1,0,0
-0.5189700278791175,-0.7406801801655817,0.007011446406886239,0.5021630717957308,2.100629736378371,1,0,0,0,0,0,0,0,0,0,1,0,0
0.24602559825873724,0.8768744853299358,-0.24042005185264081,-0.8732522763237885,0.4249122630238476,0,0,0,0,0,0,0,1,0,0,0,0,1
-0.9014678409480448,-0.7406801801655817,-0.7083970377060936,0.8352873799057415,-0.33160753960556827,1,0,0,0,0,0,0,0,0,0,1,0,0
0.6285234113276646,8.483335059174191e-05,0.35626154938052684,-0.3722701945448667,0.15554332961642217,0,0,0,0,0,0,1,0,0,0,1,0,0
-0.9014678409480448,-0.7406801801655817,-0.6865084976755299,-1.3713567308082457,-0.2187908279310717,1,0,0,0,0,0,0,0,0,0,1,0,0
0.24602559825873724,0.8768744853299358,1.1766440297260559,0.11498244331524538,-0.5973078221183039,0,1,0,0,0,0,0,0,0,0,1,0,0
-0.5189700278791175,-0.7406801801655817,0.007011446406886239,0.20604812077241816,1.137763924825354,1,0,0,0,0,0,0,0,0,0,1,0,0
-0.9014678409480448,-0.7406801801655817,0.007011446406886239,0.032167033284164835,1.294632187507585,1,0,0,0,0,0,0,0,0,0,1,0,0
-0.1364722148101901,0.33768959683143,0.046757593348355504,-0.6667687713195781,0.9204327684214184,0,0,0,1,0,0,0,0,0,0,1,0,0
-0.5189700278791175,-0.20149529166707583,-0.371313521235412,-1.5557895002269089,1.042198689799367,0,1,0,0,0,0,0,0,0,0,1,0,0
-0.1364722148101901,0.8768744853299358,0.007011446406886239,-0.6151032185301437,0.2525599752718188,0,0,0,0,0,1,0,0,0,0,1,0,0
-0.1364722148101901,0.33768959683143,-0.24786215546303247,-1.0136248144529592,0.32629559814198517,0,1,0,0,0,0,0,0,0,0,1,0,0
-0.9014678409480448,-0.7406801801655817,-0.6208428775838387,-0.021992386790314858,1.1443165732232508,1,0,0,0,0,0,0,0,0,0,1,0,0
1.011021224396592,8.483335059174191e-05,2.7718808271535416,-0.2327224540478981,-0.5785603522614369,0,1,0,0,0,0,0,0,0,0,1,0,0
1.7760168505344465,0.8768744853299358,0.007011446406886239,2.1147260679998814,0.3098961441156219,0,0,0,1,0,0,0,0,0,0,1,0,0
-0.1364722148101901,-0.20149529166707583,-0.1830720769725638,1.292292855710655,1.1593062270273915,0,0,0,0,0,1,0,0,0,0,1,0,0
-0.1364722148101901,-0.20149529166707583,-0.5192800518420229,-0.8422227020702702,-0.6038396653126072,0,1,0,0,0,0,0,0,0,0,1,0,0
-0.1364722148101901,8.483335059174191e-05,-0.05874516959896174,1.7487965796226632,0.8367938686559491,0,0,0,0,0,1,0,0,0,0,1,0,0
-0.5189700278791175,-0.20149529166707583,-0.5249710722499694,-0.9827876929802499,0.24524347868603286,0,1,0,0,0,0,0,0,0,0,1,0,0
-0.1364722148101901,-0.7406801801655817,0.007011446406886239,0.41077091194242044,-0.4365162924788004,1,0,0,0,0,0,0,0,0,0,1,0,0
1.011021224396592,0.8768744853299358,0.007011446406886239,-0.02251934083306084,1.970778516606723,0,0,0,0,0,1,0,0,0,0,1,0,0
-0.5189700278791175,-0.7406801801655817,-0.5551772574921474,-0.9157213355146019,-0.6338586018800942,1,0,0,0,0,0,0,0,0,0,1,0,0
-0.1364722148101901,-0.20149529166707583,0.007011446406886239,1.9030291546289684,0.19539222950460428,1,0,0,0,0,0,0,0,0,0,1,0,0
-0.1364722148101901,0.8768744853299358,0.3006646577028949,0.8364890642337627,-0.26496450970196467,0,1,0,0,0,0,0,0,0,0,1,0,0
-0.9014678409480448,-0.7406801801655817,-0.6208428775838387,-0.7415068923166921,-0.021813104954131586,1,0,0,0,0,0,0,0,0,0,1,0,0
0.24602559825873724,8.483335059174191e-05,0.7318688963050006,-1.3847276168675582,-1.5050893804321201,0,0,0,0,0,0,0,1,0,0,0,0,1
0.24602559825873724,8.483335059174191e-05,0.4797129151529063,-2.003841339513692,-2.5085917174365626,0,0,0,0,0,1,0,0,0,0,1,0,0
-0.9014678409480448,-0.20149529166707583,-0.3708757504348007,0.02435207571937234,-0.6588733916289156,0,1,0,0,0,0,0,0,0,0,1,0,0
-0.5189700278791175,-0.7406801801655817,0.007011446406886239,-0.03396455353167594,-0.07707172561358334,1,0,0,0,0,0,0,0,0,0,1,0,0
-0.1364722148101901,0.33768959683143,0.03187338612757216,0.6400131038331746,-0.38846816093932646,0,1,0,0,0,0,0,0,0,0,1,0,0
-0.5189700278791175,8.483335059174191e-05,-0.0298522967586176,-0.14055819196670913,0.5894219797570126,0,0,0,1,0,0,0,0,0,0,1,0,0
0.24602559825873724,0.33768959683143,-0.09551791685030883,-1.0065991424000866,-0.39947807651935835,0,1,0,0,0,0,0,0,0,0,1,0,0
0.6285234113276646,1.9552442623269475,1.1779573421278897,0.050925451654667185,-0.6517074850878858,0,1,0,0,0,0,0,0,0,0,1,0,0
-0.9014678409480448,-0.7406801801655817,-0.6370403972064558,0.2285032363081858,0.7904032183335568,1,0,0,0,0,0,0,0,0,0,1,0,0
0.6285234113276646,-0.20149529166707583,-0.010590381531721507,-1.3497951460406832,-1.243217255374676,0,0,0,0,0,1,0,0,0,0,1,0,0
-0.9014678409480448,-0.7406801801655817,-0.6304738351972867,1.6292089418241367,0.7231191900155028,1,0,0,0,0,0,0,0,0,0,1,0,0
-0.1364722148101901,0.8768744853299358,1.2808334802715393,0.12910481166155405,-0.6245348985125223,0,1,0,0,0,0,0,0,0,0,1,0,0
-0.5189700278791175,-0.20149529166707583,-0.13666837210776867,0.6786044686004722,-0.11851172821224457,0,1,0,0,0,0,0,0,0,0,1,0,0
-0.5189700278791175,-0.7406801801655817,-0.588010067537993,-0.0306378697486294,-0.15080734848374977,1,0,0,0,0,0,0,0,0,0,1,0,0
-0.1364722148101901,-0.20149529166707583,-0.12178416488698532,-0.9584664728017087,-1.7927817538333208,0,0,0,0,0,0,1,0,0,0,1,0,0
-0.5189700278791175,-0.20149529166707583,0.007011446406886239,0.823987652345095,-0.27224335877666717,1,0,0,0,0,0,0,0,0,0,1,0,0
-0.1364722148101901,-0.20149529166707583,-0.5201555934432455,-2.2981566279256738,-2.5175409271400144,0,0,0,0,0,0,1,0,0,0,1,0,0
-0.9014678409480448,-0.7406801801655817,-0.6497357504241829,0.9257768445727672,0.935946515210374,0,1,0,0,0,0,0,0,0,0,1,0,0
-0.1364722148101901,-0.20149529166707583,-0.33629185718651,0.2629729040192782,0.3888479287357887,0,0,0,0,0,0,1,0,0,0,1,0,0
-0.5189700278791175,-0.7406801801655817,0.007011446406886239,1.6271503844004727,0.06623947013830445,1,0,0,0,0,0,0,0,0,0,1,0,0
-0.5189700278791175,-0.20149529166707583,-0.5332887174615837,-1.117233143680483,-0.9474296763400102,0,1,0,0,0,0,0,0,0,0,1,0,0
-0.9014678409480448,-0.7406801801655817,-0.6260961271911739,-1.5541353227535464,-2.1877447660739864,0,1,0,0,0,0,0,0,0,0,1,0,0
-0.1364722148101901,8.483335059174191e-05,0.007011446406886239,-2.158535572083662,-2.2265425078203553,0,0,0,0,1,0,0,0,0,0,1,0,0
1.011021224396592,1.9552442623269475,1.3412458507558953,0.830697151972271,-0.3137527120538326,0,0,0,0,0,0,1,0,0,0,1,0,0
-0.9014678409480448,-0.7406801801655817,-0.5731258603172097,1.4068847400732103,0.17739374697583626,1,0,0,0,0,0,0,0,0,0,1,0,0
-0.5189700278791175,-0.7406801801655817,-0.423846017308765,-1.2213294781737114,-0.42531219499884404,1,0,0,0,0,0,0,0,0,0,1,0,0
0.24602559825873724,0.8768744853299358,0.49547266397491224,1.6513833970544898,1.0433370316513761,0,0,0,1,0,0,0,0,0,0,1,0,0
-0.1364722148101901,8.483335059174191e-05,0.007011446406886239,0.44473080889472694,0.8638029857747478,0,0,0,0,1,0,0,0,0,0,1,0,0
-0.1364722148101901,-0.7406801801655817,-0.7543629717702774,-0.028782075076215583,1.5117166536408635,0,0,0,0,0,0,0,1,0,0,0,0,1
-0.5189700278791175,-0.7406801801655817,-0.46762309736989244,0.3998961842727953,-0.36076751848304456,1,0,0,0,0,0,0,0,0,0,1,0,0
-0.9014678409480448,-0.7406801801655817,-0.6094608367679455,-0.04377964535448912,-0.7429313676374527,0,1,0,0,0,0,0,0,0,0,1,0,0
0.24602559825873724,0.8768744853299358,0.4516955839137847,-0.36453657119107924,-0.5819208879986092,0,0,0,0,0,0,1,0,0,0,1,0,0
-0.5189700278791175,-0.20149529166707583,-0.35818039721707373,2.0619596394819517,0.3242368737133867,1,0,0,0,0,0,0,0,0,0,1,0,0
-0.9014678409480448,-0.7406801801655817,0.007011446406886239,0.9131081820531312,-0.2351684860299212,0,1,0,0,0,0,0,0,0,0,1,0,0
-0.1364722148101901,2.4944291508254537,0.007011446406886239,-1.5814808009167198,-0.6747913538014305,0,0,0,0,0,1,0,0,0,0,1,0,0
-0.9014678409480448,-0.7406801801655817,0.007011446406886239,0.19062440505092437,0.6763748512325841,1,0,0,0,0,0,0,0,0,0,1,0,0
-0.1364722148101901,-0.20149529166707583,0.007011446406886239,0.6406821063570483,0.40041364046805633,0,0,0,1,0,0,0,0,0,0,1,0,0
-0.1364722148101901,0.33768959683143,-0.15330366253099711,0.7617165766686471,-0.05351825373393781,1,0,0,0,0,0,0,0,0,0,1,0,0
0.6285234113276646,0.33768959683143,-0.10865104086864708,0.2674119190534602,0.41338023590684136,0,0,0,0,0,1,0,0,0,0,1,0,0
-0.9014678409480448,-0.7406801801655817,0.007011446406886239,0.38382866817718714,-0.39153445165471035,0,0,0,0,0,0,0,1,0,1,0,0,0
-0.1364722148101901,-0.7406801801655817,0.007011446406886239,0.2801894090385026,-0.621636040149666,1,0,0,0,0,0,0,0,0,0,1,0,0
-0.1364722148101901,-0.7406801801655817,-0.8353505698833633,0.3927467925750356,-0.28747276778374137,1,0,0,0,0,0,0,0,0,0,1,0,0
-0.5189700278791175,-0.20149529166707583,-0.5061469278236846,0.9711911186417683,0.06691910678804006,1,0,0,0,0,0,0,0,0,0,1,0,0
-0.1364722148101901,8.483335059174191e-05,0.13825169067611195,1.5224961659533374,0.5107059874438165,0,0,0,0,0,1,0,0,0,0,1,0,0
-0.5189700278791175,-0.7406801801655817,-0.6646199576449662,-0.6432677665641178,0.6484780454283964,0,0,0,0,0,0,0,1,0,0,0,0,1
1.011021224396592,0.33768959683143,0.007011446406886239,-0.3525586766883167,0.6154819833038436,0,0,0,0,0,1,0,0,0,0,1,0,0
-0.5189700278791175,-0.7406801801655817,0.007011446406886239,-0.4635592546941722,0.11749952881803528,1,0,0,0,0,0,0,0,0,0,1,0,0
-0.5189700278791175,-0.7406801801655817,-0.5998298791544975,-0.5595977745420361,0.9242866847001866,1,0,0,0,0,0,0,0,0,0,1,0,0
-0.1364722148101901,-0.20149529166707583,-0.21502934541718688,-0.982571183601799,-2.137454626169817,0,0,0,0,0,0,1,0,0,0,1,0,0
-0.5189700278791175,-0.7406801801655817,-0.5551772574921474,-0.9814382324098625,-2.35652945677711,0,0,0,1,0,0,0,0,0,0,1,0,0
-0.1364722148101901,-0.20149529166707583,0.39916308784043175,1.575545545881161,0.8672804269414147,0,0,0,1,0,0,0,0,0,0,1,0,0
-0.1364722148101901,-0.20149529166707583,-0.406335185284314,-1.2519615457906097,-0.6894590223123248,0,0,0,1,0,0,0,0,0,0,1,0,0
-0.9014678409480448,-0.7406801801655817,-0.5770657975227111,0.5469976964176626,-0.33615595339372145,1,0,0,0,0,0,0,0,0,0,1,0,0
-0.5189700278791175,-0.7406801801655817,0.007011446406886239,-0.6803263823983797,-0.32296446361179304,1,0,0,0,0,0,0,0,0,0,1,0,0
0.24602559825873724,-0.20149529166707583,-0.07362937681974509,-0.5080719791290874,0.5162728654824416,0,0,0,1,0,0,0,0,0,0,1,0,0
-0.1364722148101901,-0.20149529166707583,0.007011446406886239,-0.6130538255246405,0.4063569936187828,0,0,0,1,0,0,0,0,0,0,1,0,0
-0.5189700278791175,-0.20149529166707583,0.007011446406886239,0.20703673237874773,-0.5444586421760754,1,0,0,0,0,0,0,0,0,0,1,0,0
0.6285234113276646,-0.20149529166707583,0.017426949707400087,-0.5047120743303195,0.06943257352308999,0,0,0,0,0,1,0,0,0,0,1,0,0
1.7760168505344465,1.9552442623269475,0.007011446406886239,-0.21710857665007433,-0.5023964649184351,0,0,0,0,0,0,1,0,0,0,1,0,0
-0.9014678409480448,-0.20149529166707583,0.007011446406886239,0.6412170792656748,-0.15169800934089978,1,0,0,0,0,0,0,0,0,0,1,0,0
0.6285234113276646,0.8768744853299358,0.9770205446473146,-0.35104654769600063,-0.07243910028727661,0,0,0,0,0,0,0,1,0,0,0,0,1
1.3935190374655193,1.9552442623269475,2.115224626236629,0.09784269029782347,-0.6507682787556842,0,0,0,1,0,0,0,0,0,0,1,0,0
-0.1364722148101901,-0.20149529166707583,-0.32315873316817173,-1.1328756598849883,-1.3145989180703945,0,0,0,0,0,0,0,1,0,1,0,0,0
0.6285234113276646,0.8768744853299358,0.007011446406886239,1.9112049611579003,0.25915918769678564,0,0,0,1,0,0,0,0,0,0,1,0,0
-0.9014678409480448,-0.7406801801655817,0.007011446406886239,0.2140853154769817,0.809544996334217,1,0,0,0,0,0,0,0,0,0,1,0,0
-0.5189700278791175,-0.20149529166707583,-0.5367908838664739,-1.2033729463900495,-0.3834640141208015,0,1,0,0,0,0,0,0,0,0,1,0,0
0.6285234113276646,2.4944291508254537,0.007011446406886239,0.21196031602195625,-0.5693862482147007,0,0,0,0,0,0,0,1,0,0,0,0,1
-0.9014678409480448,-0.20149529166707583,-0.5893233799398269,0.01657492137942234,-0.7351472493335475,0,1,0,0,0,0,0,0,0,0,1,0,0
1.3935190374655193,0.33768959683143,0.3799011726135357,1.2328043264905475,0.28393323151875316,0,0,0,0,0,1,0,0,0,0,1,0,0
1.011021224396592,1.9552442623269475,1.8319869182411344,-1.3951727624371222,-1.5976002134304708,0,0,0,1,0,0,0,0,0,0,1,0,0
-0.1364722148101901,-0.20149529166707583,-0.0784448556264691,-0.6253467469007378,0.1495058576876352,0,0,0,1,0,0,0,0,0,0,1,0,0
0.6285234113276646,-0.20149529166707583,-0.11390429047598237,2.1087027541805394,0.9467196477593741,0,0,0,0,0,1,0,0,0,0,1,0,0
-0.1364722148101901,-0.20149529166707583,0.03143561532696088,-1.2062242259823117,-0.5586983179279151,0,0,0,0,0,1,0,0,0,0,1,0,0
-0.5189700278791175,-0.20149529166707583,0.03581332333307363,2.0481660446361785,0.9997392322260319,0,0,0,1,0,0,0,0,0,0,1,0,0
-0.1364722148101901,-0.7406801801655817,-0.7429809309543843,0.09691822961845743,0.9940336528302576,1,0,0,0,0,0,0,0,0,0,1,0,0
-0.5189700278791175,-0.20149529166707583,0.007011446406886239,1.0719676426654692,-0.11597646554968083,0,0,0,0,0,0,0,1,0,0,1,0,0
-0.1364722148101901,8.483335059174191e-05,0.007011446406886239,-1.5655335678091582,-1.397969331637411,0,0,0,0,1,0,0,0,0,0,1,0,0
0.6285234113276646,8.483335059174191e-05,1.528611753417521,0.8929751009623192,-0.24506284640937814,0,0,0,0,0,0,1,0,0,0,1,0,0
-0.1364722148101901,-0.20149529166707583,-0.20145845059823733,0.5625909538746854,-0.2841508702817136,0,1,0,0,0,0,0,0,0,0,1,0,0
-0.5189700278791175,-0.20149529166707583,0.12380525425593987,0.8318896718821311,1.4334950325933244,0,0,0,0,0,0,0,1,0,0,0,0,1
-0.1364722148101901,0.33768959683143,0.8491914708688223,0.01335706506170074,-0.6684725162626638,0,0,0,1,0,0,0,0,0,0,1,0,0
-0.5189700278791175,-0.20149529166707583,0.007011446406886239,0.8113201353776578,1.6505567120750277,1,0,0,0,0,0,0,0,0,0,1,0,0
-0.5189700278791175,-0.7406801801655817,0.007011446406886239,-0.7512864720192233,-0.023166433909517836,1,0,0,0,0,0,0,0,0,0,1,0,0
-0.5189700278791175,-0.20149529166707583,-0.38006893724763746,0.7676367907839844,1.5689527593626618,1,0,0,0,0,0,0,0,0,0,1,0,0
-0.9014678409480448,-0.7406801801655817,-0.658053395635797,1.799137873991551,0.26052044244409744,1,0,0,0,0,0,0,0,0,0,1,0,0
-0.9014678409480448,-0.7406801801655817,0.007011446406886239,0.18201099755605088,-0.4383521040120961,1,0,0,0,0,0,0,0,0,0,1,0,0
-0.5189700278791175,-0.20149529166707583,-0.21546711621779813,0.6330309627663833,-0.39387156952152763,0,1,0,0,0,0,0,0,0,0,1,0,0
0.6285234113276646,0.33768959683143,-0.3467983564011806,-1.8036388975888766,-2.5329288519837703,0,0,0,0,0,1,0,0,0,0,1,0,0
-0.5189700278791175,-0.20149529166707583,0.007011446406886239,0.34383056522613886,0.6666766542008922,1,0,0,0,0,0,0,0,0,0,1,0,0
-0.1364722148101901,-0.20149529166707583,-0.301270193137608,-1.434734409974509,0.02437840984845319,1,0,0,0,0,0,0,0,0,0,1,0,0
-0.9014678409480448,-0.7406801801655817,-0.6208428775838387,-1.8499982522781262,-2.013157405025267,0,0,0,0,0,0,0,1,0,1,0,0,0
0.24602559825873724,8.483335059174191e-05,-0.003586048721941108,1.6932487502006734,0.9883706745655905,0,0,0,0,0,1,0,0,0,0,1,0,0
-0.5189700278791175,-0.7406801801655817,-0.51140017743102,-1.3888183840126027,0.022330583383682014,1,0,0,0,0,0,0,0,0,0,1,0,0
-0.1364722148101901,8.483335059174191e-05,0.007011446406886239,-0.16490805095193195,0.17466529313740917,0,0,0,0,1,0,0,0,0,0,1,0,0
1.7760168505344465,1.4160593738284417,0.007011446406886239,1.947882108087222,0.3352220211938623,0,0,0,1,0,0,0,0,0,0,1,0,0
-0.1364722148101901,-0.7406801801655817,-0.21240272061351922,-1.018918411478305,-0.8270329355011582,0,0,0,1,0,0,0,0,0,0,1,0,0
0.6285234113276646,0.8768744853299358,2.0276704661143743,0.585829627161053,-0.23449479372412976,0,0,0,1,0,0,0,0,0,0,1,0,0
-0.5189700278791175,-0.7406801801655817,-0.51140017743102,-1.5538649724185731,-0.3115919430553888,1,0,0,0,0,0,0,0,0,0,1,0,0
0.6285234113276646,0.33768959683143,0.007011446406886239,-0.6827034033521381,1.0581770861345403,0,0,0,0,0,1,0,0,0,0,1,0,0
-0.1364722148101901,-0.20149529166707583,-0.35205160600851587,-1.554495026165324,-1.9123730360770965,0,0,0,0,0,0,0,1,0,1,0,0,0
-0.1364722148101901,-0.20149529166707583,-0.5078980110261297,-0.9579005699818399,-1.99236508087539,0,0,0,1,0,0,0,0,0,0,1,0,0
1.011021224396592,-0.20149529166707583,-0.24873769706425503,1.6298126478687667,0.5400482595334696,0,0,0,0,0,1,0,0,0,0,1,0,0
0.6285234113276646,1.9552442623269475,0.8408738256572081,0.393426105069269,-0.6447327882748787,0,1,0,0,0,0,0,0,0,0,1,0,0
-0.1364722148101901,-0.20149529166707583,0.4035407958465445,-0.8272927193758011,-0.6253324313156728,0,0,0,0,0,1,0,0,0,0,1,0,0
0.24602559825873724,0.8768744853299358,0.6364348617717427,0.015002078116983604,-0.6421965348883946,0,0,0,0,0,0,1,0,0,0,1,0,0
-0.5189700278791175,-0.20149529166707583,0.007011446406886239,0.7484109870885784,-0.0537847584842682,0,1,0,0,0,0,0,0,0,0,1,0,0
-0.1364722148101901,-0.20149529166707583,-0.5464218414799219,1.166040394823314,1.163403861405056,0,1,0,0,0,0,0,0,0,0,1,0,0
-0.9014678409480448,-0.7406801801655817,-0.6729376028565803,0.6607143788483344,0.0804177210035656,0,1,0,0,0,0,0,0,0,0,1,0,0
-0.1364722148101901,0.33768959683143,-0.08763804243930588,0.9745338401565761,-0.3024941247551621,1,0,0,0,0,0,0,0,0,0,1,0,0
1.011021224396592,-0.20149529166707583,0.007011446406886239,-0.5336223768900511,0.7256227495106458,0,0,0,0,0,1,0,0,0,0,1,0,0
-0.5189700278791175,-0.7406801801655817,0.007011446406886239,0.10528076116687829,0.8479018659098635,1,0,0,0,0,0,0,0,0,0,1,0,0
-0.1364722148101901,-0.20149529166707583,0.007011446406886239,0.5310206789512204,0.6727577179847068,0,0,0,1,0,0,0,0,0,0,1,0,0
0.6285234113276646,0.33768959683143,0.007011446406886239,0.7932433206060309,-0.11210966985924466,0,0,0,0,0,0,1,0,0,0,1,0,0
-0.1364722148101901,8.483335059174191e-05,-0.4422323909344385,1.9480138465979084,0.7697634656765576,0,0,0,1,0,0,0,0,0,0,1,0,0
-0.9014678409480448,-0.7406801801655817,0.007011446406886239,0.42844792897294814,0.5986030188714725,1,0,0,0,0,0,0,0,0,0,1,0,0
-0.1364722148101901,-0.20149529166707583,-0.37569122924152476,-1.05984326621328,-1.8132550648618535,0,0,0,1,0,0,0,0,0,0,1,0,0
-0.1364722148101901,-0.7406801801655817,-0.6930750596846991,0.7631966301974407,-0.448593217784215,0,0,0,0,0,0,0,1,0,0,1,0,0
-0.5189700278791175,-0.20149529166707583,-0.1379816845096025,0.2395005380704994,-0.6722105178358577,0,1,0,0,0,0,0,0,0,0,1,0,0
-0.9014678409480448,-0.7406801801655817,-0.6208428775838387,0.5100043770626443,0.6204316403035136,1,0,0,0,0,0,0,0,0,0,1,0,0
0.6285234113276646,0.8768744853299358,0.007011446406886239,-0.45499854260362216,0.5054927978657178,0,0,0,0,0,1,0,0,0,0,1,0,0
0.6285234113276646,-0.20149529166707583,-0.1830720769725638,-1.35430862197227,0.07863441784114342,0,0,0,0,0,1,0,0,0,0,1,0,0
-0.5189700278791175,-0.20149529166707583,-0.5420441334738092,0.4314905157939021,0.028927814360667478,0,0,0,0,0,0,0,1,0,0,0,0,1
0.6285234113276646,-0.20149529166707583,0.5952844065142829,-0.5245209641295544,-0.32667571563759007,0,0,0,1,0,0,0,0,0,0,1,0,0
0.24602559825873724,-0.20149529166707583,0.007011446406886239,-1.7674531925821004,0.26871571119942655,0,0,0,1,0,0,0,0,0,0,1,0,0
-0.9014678409480448,-0.7406801801655817,-0.6208428775838387,-0.22786531243629507,-0.520183923239648,1,0,0,0,0,0,0,0,0,0,1,0,0
0.24602559825873724,-0.20149529166707583,0.007011446406886239,1.911586430062759,0.9642445642260786,0,0,0,1,0,0,0,0,0,0,1,0,0
2.158514663603374,1.4160593738284417,0.8737066357030537,-1.0137496796500454,-0.87073773311609,0,0,0,0,0,1,0,0,0,0,1,0,0
-0.1364722148101901,0.8768744853299358,-0.24304667665630847,1.9788257659206956,0.8258701460621929,0,0,0,1,0,0,0,0,0,0,1,0,0
0.24602559825873724,0.8768744853299358,0.007011446406886239,0.7998336827974408,-0.2879374173298182,1,0,0,0,0,0,0,0,0,0,1,0,0
-0.1364722148101901,-0.20149529166707583,-0.14542378811999415,0.669649686530143,0.5177480534873464,0,0,0,1,0,0,0,0,0,0,1,0,0
0.24602559825873724,8.483335059174191e-05,0.007011446406886239,0.1733345846865756,2.313092475148888,0,0,0,1,0,0,0,0,0,0,1,0,0
-0.5189700278791175,0.33768959683143,-0.27938165310704427,-1.1519800350400675,-1.8455596016490639,0,0,0,0,0,1,0,0,0,0,1,0,0
-0.9014678409480448,-0.7406801801655817,0.007011446406886239,0.8001200708641754,-0.33877146469861674,1,0,0,0,0,0,0,0,0,0,1,0,0
-0.1364722148101901,-0.7406801801655817,0.007011446406886239,-0.49368155155228466,-0.39118670753798734,1,0,0,0,0,0,0,0,0,0,1,0,0
1.3935190374655193,4.111983816320971,6.731517718682523,0.601918908749661,-0.38763892496875507,0,1,0,0,0,0,0,0,0,0,1,0,0
0.24602559825873724,1.4160593738284417,0.883775364117113,-0.27986307538310573,-0.553277076314163,0,0,0,0,0,0,1,0,0,0,1,0,0
-0.5189700278791175,-0.7406801801655817,-0.5923877755441058,1.271796634551306,0.18706024084024814,1,0,0,0,0,0,0,0,0,0,1,0,0
-0.1364722148101901,8.483335059174191e-05,0.17677552112990413,-0.9043906780427132,-0.14395550144404073,0,0,0,1,0,0,0,0,0,0,1,0,0
-0.5189700278791175,-0.20149529166707583,-0.43479028732404684,-0.05304372653691447,-0.712224868628586,0,1,0,0,0,0,0,0,0,0,1,0,0
-0.5189700278791175,-0.7406801801655817,-0.6366026264058445,-0.7471132251108935,-0.25336412263051533,0,1,0,0,0,0,0,0,0,0,1,0,0
-0.1364722148101901,-0.7406801801655817,-0.5858212135349367,0.9745384223656158,-0.1950629886310341,1,0,0,0,0,0,0,0,0,0,1,0,0
0.24602559825873724,0.33768959683143,0.007011446406886239,1.066973034781778,-0.24039851791565062,1,0,0,0,0,0,0,0,0,0,1,0,0
-0.1364722148101901,-0.7406801801655817,-0.7521741177672211,-1.5834030376205763,-0.24688082491112284,1,0,0,0,0,0,0,0,0,0,1,0,0
-0.9014678409480448,-0.7406801801655817,0.007011446406886239,0.7453546536405052,-0.1992993243658479,1,0,0,0,0,0,0,0,0,0,1,0,0
-0.1364722148101901,0.8768744853299358,0.017426949707400087,-1.3551231096340308,-2.2383410396878327,0,0,0,1,0,0,0,0,0,0,1,0,0
-0.1364722148101901,-0.20149529166707583,0.007011446406886239,0.5646266002529879,0.7891073513689272,0,0,0,1,0,0,0,0,0,0,1,0,0
-0.9014678409480448,-0.7406801801655817,0.007011446406886239,-0.546981807426642,0.9379765086435942,1,0,0,0,0,0,0,0,0,0,1,0,0
-0.1364722148101901,-0.20149529166707583,-0.13141512250043336,-0.8926270018139225,0.00879531238085257,0,0,0,1,0,0,0,0,0,0,1,0,0
-0.5189700278791175,-0.20149529166707583,-0.29251477712538254,-0.4380214580081289,-0.6996803216049113,0,0,0,0,0,0,1,0,0,0,1,0,0
-0.1364722148101901,-0.7406801801655817,-0.6138385447740583,1.1628443039986736,0.04349938264551987,1,0,0,0,0,0,0,0,0,0,1,0,0
3.306008102810156,4.111983816320971,4.145605599471722,0.385163236568175,-0.37463963563876973,0,0,0,0,0,0,1,0,0,0,1,0,0
-0.1364722148101901,-0.20149529166707583,-0.45011226534544146,-0.9856618836179553,-1.7179741676177478,0,0,0,1,0,0,0,0,0,0,1,0,0
-0.5189700278791175,-0.20149529166707583,-0.16818786975178046,0.5561025458350001,-0.3174263165684054,0,1,0,0,0,0,0,0,0,0,1,0,0
-0.5189700278791175,-0.20149529166707583,-0.6287227519948416,-0.1631106794451616,0.11505640348555068,0,1,0,0,0,0,0,0,0,0,1,0,0
-0.9014678409480448,-0.7406801801655817,0.007011446406886239,-0.01661401889720449,1.06932372162374,1,0,0,0,0,0,0,0,0,0,1,0,0
-0.1364722148101901,-0.20149529166707583,-0.20671170020557264,-1.4523071817487514,-1.5115677245314887,0,0,0,0,0,1,0,0,0,0,1,0,0
-0.5189700278791175,-0.20149529166707583,-0.5420441334738092,-0.3078374617408311,0.28978642878738187,0,1,0,0,0,0,0,0,0,0,1,0,0
0.24602559825873724,0.33768959683143,0.007011446406886239,0.2226391542539314,1.4999706301444005,0,0,0,1,0,0,0,0,0,0,1,0,0
0.24602559825873724,0.33768959683143,0.5882800737045025,0.9579382244659417,1.2631757104465582,0,0,0,1,0,0,0,0,0,0,1,0,0
-0.1364722148101901,-0.7406801801655817,-0.51140017743102,0.7082181402521605,1.1368861433798718,1,0,0,0,0,0,0,0,0,0,1,0,0
-0.5189700278791175,-0.7406801801655817,0.007011446406886239,1.0888920318566389,-0.23435510164306023,0,0,0,0,0,0,0,1,0,0,0,0,1
-0.9014678409480448,-0.20149529166707583,-0.6199673359826161,0.5796390627107424,-0.24151506384014587,0,1,0,0,0,0,0,0,0,0,1,0,0
0.24602559825873724,1.9552442623269475,1.4266111568750939,0.6173712632779178,-0.27911303884778643,0,1,0,0,0,0,0,0,0,0,1,0,0
0.24602559825873724,-0.20149529166707583,-0.19620520099090205,-0.9890859393436866,-0.7631044893003935,0,0,0,1,0,0,0,0,0,0,1,0,0
0.24602559825873724,0.8768744853299358,0.3291197597426278,-1.1505102914816336,-1.8982839503700129,0,0,0,0,0,0,0,1,0,0,0,0,1
-0.9014678409480448,-0.7406801801655817,0.007011446406886239,0.16542225517909823,0.9378596032140996,1,0,0,0,0,0,0,0,0,0,1,0,0
-0.1364722148101901,-0.20149529166707583,-0.5976410251514411,-0.19614955237486154,0.34140810171956476,0,1,0,0,0,0,0,0,0,0,1,0,0
0.24602559825873724,0.8768744853299358,0.18903310354701983,-1.562163353039949,-1.8264861836029875,0,0,0,1,0,0,0,0,0,0,1,0,0
-0.5189700278791175,-0.20149529166707583,-0.5529884034890911,-1.4701606138284085,-0.461019868654334,0,1,0,0,0,0,0,0,0,0,1,0,0
-0.1364722148101901,8.483335059174191e-05,0.007011446406886239,-1.1077032943721241,-1.4582033681201505,0,0,0,0,1,0,0,0,0,0,1,0,0
-0.5189700278791175,-0.7406801801655817,0.007011446406886239,0.10035488641919059,0.9150729516942449,1,0,0,0,0,0,0,0,0,0,1,0,0
-0.1364722148101901,8.483335059174191e-05,0.007011446406886239,-0.08192309918548522,1.9611566053215408,0,0,0,0,1,0,0,0,0,0,1,0,0
-0.1364722148101901,8.483335059174191e-05,0.35057052897258023,0.8081022790599363,-0.1186534017412955,1,0,0,0,0,0,0,0,0,0,1,0,0
-0.1364722148101901,-0.7406801801655817,0.007011446406886239,0.25645700272511024,-0.6454520538836791,1,0,0,0,0,0,0,0,0,0,1,0,0
-0.1364722148101901,0.33768959683143,-0.17738105656461722,0.37489679715221946,-0.14970170052294102,0,1,0,0,0,0,0,0,0,0,1,0,0
-0.1364722148101901,-0.20149529166707583,-0.2093383250092403,1.9087248405000556,0.9070936607664948,0,0,0,1,0,0,0,0,0,0,1,0,0
-0.5189700278791175,-0.20149529166707583,-0.4457345573393287,0.36635670500247036,-0.56746424369527,1,0,0,0,0,0,0,0,0,0,1,0,0
1.011021224396592,8.483335059174191e-05,0.9595097126228636,1.2679258134413907,-0.03610727052482628,0,0,0,0,0,1,0,0,0,0,1,0,0
0.24602559825873724,0.8768744853299358,-0.05217860758979262,-0.2844132089872546,0.1726095408807124,0,0,0,0,0,1,0,0,0,0,1,0,0
-0.1364722148101901,-0.20149529166707583,0.007011446406886239,-0.37808272674715937,1.4520929031293557,0,0,0,1,0,0,0,0,0,0,1,0,0
-0.9014678409480448,-0.7406801801655817,-0.6094608367679455,-0.8417965566269685,-1.306698885060915,0,1,0,0,0,0,0,0,0,0,1,0,0
-0.1364722148101901,-0.20149529166707583,-0.27062623709481876,0.4840392893811005,1.5145412077053324,0,0,0,0,0,0,0,1,0,0,0,0,1
0.6285234113276646,0.33768959683143,0.007011446406886239,-1.0662239923399204,0.360179348951927,0,0,0,0,0,1,0,0,0,0,1,0,0
-0.5189700278791175,-0.7406801801655817,0.007011446406886239,0.19427298902098739,1.9990884543101752,1,0,0,0,0,0,0,0,0,0,1,0,0
0.6285234113276646,0.33768959683143,-0.10865104086864708,-0.7173815615758008,-0.7060655376504212,0,0,0,0,0,1,0,0,0,0,1,0,0
-0.5189700278791175,-0.7406801801655817,0.007011446406886239,0.7700161028423033,-0.12939780329491732,1,0,0,0,0,0,0,0,0,0,1,0,0
-0.1364722148101901,-0.20149529166707583,-0.05349191999162644,0.1157304889454821,0.6646347720799245,0,0,0,1,0,0,0,0,0,0,1,0,0
1.011021224396592,1.9552442623269475,0.007011446406886239,-0.6131741085126869,0.9537815282825772,0,0,0,1,0,0,0,0,0,0,1,0,0
-0.1364722148101901,-0.7406801801655817,0.007011446406886239,1.8104307282386787,0.22784042126884693,1,0,0,0,0,0,0,0,0,0,1,0,0
-0.5189700278791175,-0.20149529166707583,-0.33629185718651,0.08935758465695842,0.9974021143593554,1,0,0,0,0,0,0,0,0,0,1,0,0
0.24602559825873724,-0.7406801801655817,0.007011446406886239,1.2324640974672907,0.015482699239935767,1,0,0,0,0,0,0,0,0,0,1,0,0
0.24602559825873724,1.4160593738284417,0.2485699324301532,0.48295216027980586,-0.004751847309583686,0,0,0,0,0,0,1,0,0,0,1,0,0
-0.1364722148101901,-0.7406801801655817,-0.6619933328412985,1.6292089418241367,0.7231191900155028,1,0,0,0,0,0,0,0,0,0,1,0,0
-0.1364722148101901,-0.20149529166707583,-0.0421098791757333,-0.9360457238339427,-1.3746120231056715,0,0,0,1,0,0,0,0,0,0,1,0,0
-0.9014678409480448,-0.7406801801655817,0.007011446406886239,0.16506369731951953,0.8969912483513843,1,0,0,0,0,0,0,0,0,0,1,0,0
0.6285234113276646,1.9552442623269475,0.007011446406886239,-0.25873221826788473,-0.275354232070999,0,0,0,0,0,1,0,0,0,0,1,0,0
-0.9014678409480448,-0.7406801801655817,0.007011446406886239,0.7157295264661768,-0.0559237315551982,1,0,0,0,0,0,0,0,0,0,1,0,0
0.24602559825873724,0.8768744853299358,0.1894708743476311,-0.34846561843871166,-0.6302880326592871,0,0,0,0,0,0,1,0,0,0,1,0,0
0.24602559825873724,8.483335059174191e-05,0.007011446406886239,-1.5438883577261115,-0.006559918571562174,0,0,0,1,0,0,0,0,0,0,1,0,0
0.24602559825873724,0.8768744853299358,0.23281018360814731,-1.1778523329880477,1.2122287205440871,0,0,0,1,0,0,0,0,0,0,1,0,0
-0.9014678409480448,-0.7406801801655817,0.007011446406886239,2.2168772547438915,0.3497876451349113,1,0,0,0,0,0,0,0,0,0,1,0,0
-0.9014678409480448,-0.7406801801655817,-0.6646199576449662,-1.0720651633488947,-1.664877306680801,0,1,0,0,0,0,0,0,0,0,1,0,0
0.6285234113276646,0.33768959683143,0.010422616897619688,-0.7311751564214927,0.9618549379883878,0,0,0,1,0,0,0,0,0,0,1,0,0
1.011021224396592,0.8768744853299358,0.5077302463920279,-1.4747668794936402,-1.602436927896609,0,0,0,0,0,1,0,0,0,0,1,0,0
0.24602559825873724,-0.20149529166707583,-0.2767550283033766,-0.4685389703983822,0.9842740309119871,0,0,0,0,0,0,0,1,0,0,0,0,1
-0.1364722148101901,-0.7406801801655817,0.007011446406886239,-0.22786531243629507,-0.520183923239648,0,0,0,0,0,0,0,1,0,0,0,0,1
-0.1364722148101901,8.483335059174191e-05,0.007011446406886239,-0.5616643508314995,-0.43435056986047355,0,1,0,0,0,0,0,0,0,0,1,0,0
-0.9014678409480448,-0.7406801801655817,0.007011446406886239,0.26663638016882213,-0.38437349873356363,1,0,0,0,0,0,0,0,0,0,1,0,0
-0.5189700278791175,-0.7406801801655817,-0.5455462998786994,1.8553547059374145,0.64665709475475,1,0,0,0,0,0,0,0,0,0,1,0,0
-0.9014678409480448,-0.7406801801655817,0.007011446406886239,0.6629367502461261,-0.04796227365899918,1,0,0,0,0,0,0,0,0,0,1,0,0
-0.1364722148101901,-0.20149529166707583,0.007011446406886239,-1.04450203025499,0.09046465287576,0,0,0,1,0,0,0,0,0,0,1,0,0
-0.1364722148101901,-0.7406801801655817,0.8019122244028046,-0.19384813787062538,1.7472256136138422,0,0,0,1,0,0,0,0,0,0,1,0,0
-0.9014678409480448,-0.7406801801655817,0.007011446406886239,0.7257118689199584,0.341741975700418,1,0,0,0,0,0,0,0,0,0,1,0,0
-0.1364722148101901,-0.20149529166707583,0.007011446406886239,-0.49859253412049137,-0.30267740869125925,1,0,0,0,0,0,0,0,0,0,1,0,0
0.24602559825873724,0.8768744853299358,0.32824421814140525,0.7700710893511059,-0.17914502645851918,0,1,0,0,0,0,0,0,0,0,1,0,0
0.24602559825873724,0.33768959683143,-0.007963756728053857,-0.9856172070795124,-2.0319048748821342,0,0,0,1,0,0,0,0,0,0,1,0,0
-0.5189700278791175,-0.20149529166707583,-0.46762309736989244,2.1988462620629066,0.4145591974419764,0,0,0,0,0,0,0,1,0,0,0,0,1
-0.9014678409480448,-0.7406801801655817,0.007011446406886239,0.611799297051718,-0.2611452687625189,1,0,0,0,0,0,0,0,0,0,1,0,0
-0.9014678409480448,-0.7406801801655817,-0.5989543375532749,2.278274274040655,0.392715715150286,1,0,0,0,0,0,0,0,0,0,1,0,0
0.6285234113276646,-0.20149529166707583,0.007011446406886239,-0.5125144308201103,1.51110240477381,0,0,0,0,0,1,0,0,0,0,1,0,0
-0.1364722148101901,-0.20149529166707583,-0.16118353694200005,0.07193717133420341,1.0107897674891897,1,0,0,0,0,0,0,0,0,0,1,0,0
-0.9014678409480448,8.483335059174191e-05,0.007011446406886239,-0.632838658726315,-0.06888933627006295,0,1,0,0,0,0,0,0,0,0,1,0,0
-0.1364722148101901,-0.20149529166707583,-0.3975797692720885,-1.0666146256629403,-1.6799917917062213,0,0,0,1,0,0,0,0,0,0,1,0,0
-0.1364722148101901,-0.20149529166707583,-0.31440331715594627,-0.9705864157855175,-1.379499264494702,0,0,0,0,0,0,0,1,0,1,0,0,0
0.24602559825873724,0.8768744853299358,1.8131627738148495,0.7320891583897582,-0.18023680428345815,0,0,0,0,0,0,1,0,0,0,1,0,0
1.011021224396592,1.4160593738284417,0.007011446406886239,-0.37442383280665514,1.9075168276438852,0,0,0,0,0,1,0,0,0,0,1,0,0
-0.1364722148101901,-0.20149529166707583,-0.38006893724763746,-0.4097457914042694,1.218261238852991,0,0,0,0,0,1,0,0,0,0,1,0,0
-0.9014678409480448,-0.20149529166707583,-0.5643704443049842,0.7070198925809802,0.3829432138202068,0,1,0,0,0,0,0,0,0,0,1,0,0
-0.9014678409480448,-0.7406801801655817,-0.6646199576449662,-1.1095991833738594,-0.43858294269918374,1,0,0,0,0,0,0,0,0,0,1,0,0
-0.9014678409480448,-0.7406801801655817,-0.6208428775838387,-1.1335011314226995,0.23093048935972604,0,0,0,0,0,0,0,1,0,0,0,0,1
0.24602559825873724,1.9552442623269475,0.007011446406886239,0.9704430730114502,-0.017168590939936463,1,0,0,0,0,0,0,0,0,0,1,0,0
1.3935190374655193,8.483335059174191e-05,7.806245034183203,0.08567921632793353,-0.6676660669436674,0,0,0,0,0,0,1,0,0,0,1,0,0
-0.1364722148101901,0.33768959683143,-0.44354570333627236,0.6076375056660283,1.5279744341381758,0,0,0,0,0,1,0,0,0,0,1,0,0
-0.5189700278791175,-0.20149529166707583,-0.5166534270383553,1.984178931663965,0.32834639677879884,0,1,0,0,0,0,0,0,0,0,1,0,0
-0.1364722148101901,8.483335059174191e-05,-0.5451085290780882,-0.3155057886154562,-0.2879374173298182,0,1,0,0,0,0,0,0,0,0,1,0,0
0.24602559825873724,-0.20149529166707583,0.007011446406886239,0.2598776217940822,1.4913196283586996,0,0,0,1,0,0,0,0,0,0,1,0,0
1.011021224396592,0.33768959683143,-0.3608070220207414,-1.528442876511455,-1.6761279681876866,0,0,0,1,0,0,0,0,0,0,1,0,0
-0.1364722148101901,-0.20149529166707583,-0.4142150596953169,-0.9866917351058867,-1.4282587358511916,0,0,0,1,0,0,0,0,0,0,1,0,0
-0.5189700278791175,-0.7406801801655817,-0.5070224694249073,-0.4377304877323546,-0.13533422137777928,0,1,0,0,0,0,0,0,0,0,1,0,0
-0.5189700278791175,-0.7406801801655817,-0.5166534270383553,0.9653728586781556,-0.304540960496013,0,1,0,0,0,0,0,0,0,0,1,0,0
-0.5189700278791175,-0.7406801801655817,-0.6195295651820049,0.14791477988409954,1.113605120594501,0,1,0,0,0,0,0,0,0,0,1,0,0
-0.5189700278791175,-0.20149529166707583,-0.24873769706425503,0.5321501934863974,-0.19007667484420096,0,1,0,0,0,0,0,0,0,0,1,0,0
2.158514663603374,0.8768744853299358,0.007011446406886239,-0.2201706378594676,1.3541598377931916,0,0,0,0,0,1,0,0,0,0,1,0,0
-0.1364722148101901,-0.7406801801655817,0.007011446406886239,0.23769400214556813,-0.6480219918855653,1,0,0,0,0,0,0,0,0,0,1,0,0
-0.9014678409480448,-0.7406801801655817,-0.5989543375532749,0.5481615775208412,-0.5722296260347818,0,1,0,0,0,0,0,0,0,0,1,0,0
0.6285234113276646,0.8768744853299358,0.007011446406886239,-0.5577545809445427,0.5320838294652281,0,0,0,0,0,1,0,0,0,0,1,0,0
-0.1364722148101901,0.33768959683143,0.007011446406886239,1.174636619034146,0.9485069138177591,0,0,0,1,0,0,0,0,0,0,1,0,0
0.24602559825873724,-0.20149529166707583,-0.4028330188794238,-0.9726117521933789,-1.951574002482964,0,0,0,1,0,0,0,0,0,0,1,0,0
-0.9014678409480448,-0.7406801801655817,-0.6865084976755299,0.6006725478832785,-0.42076378121069086,1,0,0,0,0,0,0,0,0,0,1,0,0
0.6285234113276646,0.33768959683143,0.007011446406886239,-0.4465707145760389,0.3348752678012004,0,0,0,0,0,1,0,0,0,0,1,0,0
-0.5189700278791175,-0.20149529166707583,-0.528911009455471,-0.2729599774227589,-0.031127891805857642,0,0,0,0,0,0,0,1,0,0,0,0,1
-0.5189700278791175,-0.7406801801655817,-0.5551772574921474,0.6672085146493397,-0.09498302443215532,1,0,0,0,0,0,0,0,0,0,1,0,0
-0.5189700278791175,0.33768959683143,-0.19445411778845695,0.7345979178542844,-0.13167250555095408,0,1,0,0,0,0,0,0,0,0,1,0,0
-0.9014678409480448,-0.7406801801655817,-0.6646199576449662,1.585310233404211,0.7557764245393193,1,0,0,0,0,0,0,0,0,0,1,0,0
-0.1364722148101901,0.8768744853299358,0.007011446406886239,0.7805551836977928,-0.15794749620130302,1,0,0,0,0,0,0,0,0,0,1,0,0
-0.1364722148101901,0.8768744853299358,0.5720825540818854,0.7363551950317331,-0.17796210202742138,1,0,0,0,0,0,0,0,0,0,1,0,0
-0.5189700278791175,-0.20149529166707583,-0.24873769706425503,0.9230126269527485,1.4391857511293087,1,0,0,0,0,0,0,0,0,0,1,0,0
-0.5189700278791175,-0.20149529166707583,-0.4045841020818689,0.07323966426166882,0.9789617689359447,0,1,0,0,0,0,0,0,0,0,1,0,0
-0.5189700278791175,-0.20149529166707583,-0.640542563611346,0.407821114855193,0.6340283361929216,0,1,0,0,0,0,0,0,0,0,1,0,0
-0.1364722148101901,-0.20149529166707583,0.007011446406886239,0.5734599537830719,2.1921637155332956,0,0,0,1,0,0,0,0,0,0,1,0,0
-0.9014678409480448,-0.7406801801655817,-0.5989543375532749,-1.4056854955904907,-0.25573591583651434,1,0,0,0,0,0,0,0,0,0,1,0,0
-0.5189700278791175,-0.20149529166707583,0.007011446406886239,0.45467420257138574,0.5446422466246318,1,0,0,0,0,0,0,0,0,0,1,0,0
-0.5189700278791175,-0.20149529166707583,-0.3896998948610855,0.9444630931504254,0.0837604237090461,0,1,0,0,0,0,0,0,0,0,1,0,0
-0.1364722148101901,0.8768744853299358,-0.003586048721941108,-2.12125930131875,-2.743935226504995,0,0,0,1,0,0,0,0,0,0,1,0,0
-0.1364722148101901,0.8768744853299358,0.18903310354701983,0.7857342254964936,-0.14168079918800397,1,0,0,0,0,0,0,0,0,0,1,0,0
3.6885059158790834,0.8768744853299358,0.007011446406886239,-0.2934493252685889,-0.12344652435226527,0,0,0,0,0,0,1,0,0,0,1,0,0
1.011021224396592,8.483335059174191e-05,0.9533809214143057,-2.1357092976133956,-2.3576945481765157,0,0,0,0,0,0,0,1,0,0,0,0,1
-0.5189700278791175,-0.7406801801655817,0.007011446406886239,-1.4719923519031803,1.1804750262893702,0,0,0,1,0,0,0,0,0,0,1,0,0
-0.9014678409480448,-0.7406801801655817,0.007011446406886239,0.39594861116099594,-0.310450629031478,0,1,0,0,0,0,0,0,0,0,1,0,0
0.24602559825873724,8.483335059174191e-05,-0.23560457304591678,0.1645974575468962,1.3731995712238658,0,0,0,1,0,0,0,0,0,0,1,0,0
-0.1364722148101901,-0.20149529166707583,-0.32009433756389283,1.6049541636770381,0.07228585858293733,0,1,0,0,0,0,0,0,0,0,1,0,0
-0.1364722148101901,-0.20149529166707583,0.007011446406886239,0.46825243359098834,1.152280012567431,1,0,0,0,0,0,0,0,0,0,1,0,0
-0.1364722148101901,-0.7406801801655817,-0.7083970377060936,-1.06282628431631,-0.2710911467889291,1,0,0,0,0,0,0,0,0,0,1,0,0
-0.5189700278791175,-0.20149529166707583,0.007011446406886239,0.22186934313061343,0.9609395090316815,0,1,0,0,0,0,0,0,0,0,1,0,0
-0.5189700278791175,-0.20149529166707583,-0.46280761856316843,0.6396373626896358,-0.13717894942692088,0,0,0,0,0,0,0,1,0,0,0,0,1
-0.1364722148101901,-0.20149529166707583,-0.46762309736989244,0.21046995252264003,0.8220984598735968,1,0,0,0,0,0,0,0,0,0,1,0,0
-0.1364722148101901,-0.7406801801655817,-0.16118353694200005,0.08534700617047587,1.8568601198673806,0,0,0,1,0,0,0,0,0,0,1,0,0
0.24602559825873724,0.33768959683143,-0.17869436896645105,0.17765331673279253,1.5737310211139823,0,0,0,1,0,0,0,0,0,0,1,0,0
0.24602559825873724,0.8768744853299358,0.007011446406886239,0.7769684595501327,-0.17998714184075845,1,0,0,0,0,0,0,0,0,0,1,0,0
1.011021224396592,8.483335059174191e-05,-0.07362937681974509,2.1642998423500117,0.8699078269340575,0,0,0,0,0,1,0,0,0,0,1,0,0
-0.5189700278791175,-0.7406801801655817,-0.6865084976755299,1.3757566483247268,-0.013591086651405583,1,0,0,0,0,0,0,0,0,0,1,0,0
-0.1364722148101901,-0.20149529166707583,0.007011446406886239,-0.46577017056932385,-0.41348691358411055,0,1,0,0,0,0,0,0,0,0,1,0,0
-0.1364722148101901,-0.20149529166707583,0.19559966555618896,0.6295381739046486,-0.4397559598905153,0,1,0,0,0,0,0,0,0,0,1,0,0
-0.5189700278791175,-0.7406801801655817,-0.5989543375532749,1.9420512470486888,0.3408394261555204,1,0,0,0,0,0,0,0,0,0,1,0,0
0.6285234113276646,0.8768744853299358,0.7143580642805497,-1.5877572817870753,-1.8687405613125707,0,0,0,1,0,0,0,0,0,0,1,0,0
0.24602559825873724,-0.20149529166707583,0.1999773735623017,-0.22015460012778776,1.8607308784537795,0,0,0,1,0,0,0,0,0,0,1,0,0
-0.5189700278791175,-0.20149529166707583,0.044568739345299126,0.3136200608434211,-0.563821351624057,0,1,0,0,0,0,0,0,0,0,1,0,0
3.306008102810156,1.9552442623269475,0.007011446406886239,-0.4571120865360889,0.5599578486178409,0,0,0,0,0,1,0,0,0,0,1,0,0
-0.1364722148101901,-0.20149529166707583,-0.4146528304959282,-0.6880817712452485,1.1220758106160063,0,0,0,1,0,0,0,0,0,0,1,0,0
1.7760168505344465,1.4160593738284417,-0.06137179440262939,1.356845871502737,0.12576612969985,0,0,0,0,0,1,0,0,0,0,1,0,0
-0.1364722148101901,8.483335059174191e-05,23.259554295761205,0.24542418884259615,0.8441906138840666,0,0,0,0,0,1,0,0,0,0,1,0,0
0.24602559825873724,0.33768959683143,0.007011446406886239,-0.8156172506715343,0.4554017934812149,0,0,0,0,0,1,0,0,0,0,1,0,0
-0.5189700278791175,-0.20149529166707583,0.007011446406886239,-0.3302719573357978,1.4273723584023228,0,0,0,0,0,0,1,0,0,0,1,0,0
-0.9014678409480448,-0.7406801801655817,-0.5985165667526636,0.5034655647231963,2.238121419476891,1,0,0,0,0,0,0,0,0,0,1,0,0
-0.1364722148101901,-0.7406801801655817,0.007011446406886239,1.6636098763991445,0.09556985354020998,1,0,0,0,0,0,0,0,0,0,1,0,0
1.011021224396592,1.9552442623269475,1.5513758350493072,-0.13193218339699667,0.5226402484962598,0,0,0,0,0,1,0,0,0,0,1,0,0
-0.1364722148101901,-0.7406801801655817,0.007011446406886239,-1.7197008463363008,-1.5599824239432978,0,0,0,1,0,0,0,0,0,0,1,0,0
0.6285234113276646,0.33768959683143,1.5023455053808443,-1.5175566933191085,-1.6973789975398375,0,0,0,1,0,0,0,0,0,0,1,0,0
-0.9014678409480448,-0.7406801801655817,0.007011446406886239,0.6025650002281732,1.5680591263334693,1,0,0,0,0,0,0,0,0,0,1,0,0
-0.9014678409480448,-0.7406801801655817,-0.5858212135349367,-1.538473332160439,-0.23782758918984406,0,1,0,0,0,0,0,0,0,0,1,0,0
-0.5189700278791175,-0.7406801801655817,0.007011446406886239,0.1996742679593779,1.2148670185005572,1,0,0,0,0,0,0,0,0,0,1,0,0
-0.1364722148101901,-0.7406801801655817,-0.4895116374004562,0.42844792897294814,0.5986030188714725,1,0,0,0,0,0,0,0,0,0,1,0,0
0.24602559825873724,0.8768744853299358,0.2660807644546042,-2.03087980966933,-2.39832612000834,0,0,0,0,0,1,0,0,0,0,1,0,0
1.011021224396592,8.483335059174191e-05,1.1232359920514803,-0.301339889282985,-0.28047033069927624,0,0,0,0,0,0,0,1,0,0,0,0,1
-0.9014678409480448,-0.7406801801655817,0.007011446406886239,0.716240442777243,0.34236018746343416,1,0,0,0,0,0,0,0,0,0,1,0,0
-0.5189700278791175,-0.20149529166707583,-0.4702497221735601,0.5204541048413296,-0.2862710195970315,0,1,0,0,0,0,0,0,0,0,1,0,0
0.24602559825873724,-0.20149529166707583,0.007011446406886239,-0.06270989656499963,1.532710094758389,0,0,0,1,0,0,0,0,0,0,1,0,0
-0.1364722148101901,8.483335059174191e-05,-0.20277176300007116,1.6010627226264031,0.48054834951932096,0,0,0,1,0,0,0,0,0,0,1,0,0
-0.1364722148101901,0.33768959683143,-0.33716739878773255,0.20886732490132082,-0.1899082517677531,0,1,0,0,0,0,0,0,0,0,1,0,0
-0.1364722148101901,0.8768744853299358,0.007011446406886239,-0.525521031258524,-0.480809580137309,0,0,0,1,0,0,0,0,0,0,1,0,0
-0.5189700278791175,-0.20149529166707583,-0.3673735840299105,0.36237820197951026,-0.12484047299091823,0,1,0,0,0,0,0,0,0,0,1,0,0
-0.5189700278791175,-0.20149529166707583,-0.26099527948137075,-0.4449108093412751,-0.13474275916230077,0,0,0,0,0,0,0,1,0,0,0,0,1
-0.9014678409480448,-0.7406801801655817,-0.5551772574921474,0.02165544568315808,1.0416874762260793,1,0,0,0,0,0,0,0,0,0,1,0,0
-0.9014678409480448,-0.7406801801655817,0.007011446406886239,1.7693317495590537,0.1878656994351835,1,0,0,0,0,0,0,0,0,0,1,0,0
-0.1364722148101901,-0.7406801801655817,0.007011446406886239,0.8465985629891096,-0.12757784334519123,1,0,0,0,0,0,0,0,0,0,1,0,0
0.24602559825873724,-0.20149529166707583,0.007011446406886239,-0.8665003912627303,0.0922846128254861,0,0,0,0,0,1,0,0,0,0,1,0,0
-0.1364722148101901,-0.7406801801655817,0.007011446406886239,0.467569684439914,-0.25418642353308146,1,0,0,0,0,0,0,0,0,0,1,0,0
0.24602559825873724,0.33768959683143,0.0415043437410202,0.9497280513690897,-0.27519967913028015,0,1,0,0,0,0,0,0,0,0,1,0,0
2.158514663603374,0.33768959683143,0.43768691829422396,1.5306250048392658,0.23879683775394422,0,0,0,0,0,1,0,0,0,0,1,0,0
-0.1364722148101901,-0.20149529166707583,-0.17037672375483684,-1.1846546223488688,-0.35708103455680384,0,1,0,0,0,0,0,0,0,0,1,0,0
-0.1364722148101901,-0.20149529166707583,-0.5236577598481357,-1.1845904714219053,-1.1986584536896165,0,0,0,1,0,0,0,0,0,0,1,0,0
1.011021224396592,0.33768959683143,-0.17869436896645105,1.5929797058311166,1.1049055733338893,0,0,0,0,0,1,0,0,0,0,1,0,0
-0.1364722148101901,8.483335059174191e-05,0.007011446406886239,-0.9480133083662641,-0.3020720763400518,0,1,0,0,0,0,0,0,0,0,1,0,0
-0.1364722148101901,-0.7406801801655817,-0.29076369392293744,-0.09151022610712593,0.844759289448111,0,0,0,0,0,0,0,1,0,0,0,0,1
-0.5189700278791175,-0.20149529166707583,-0.47988067978700816,-0.06581663431283571,-0.6500044305677951,0,1,0,0,0,0,0,0,0,0,1,0,0
-0.5189700278791175,-0.7406801801655817,-0.6427314176144024,0.7026885594598429,0.32557732325710503,1,0,0,0,0,0,0,0,0,0,1,0,0
-0.1364722148101901,-0.7406801801655817,-0.47637851338211795,0.6388331849982347,1.9963441488880378,0,0,0,0,0,0,0,1,0,0,0,0,1
-0.5189700278791175,-0.7406801801655817,-0.423846017308765,-1.2092622305941445,-1.3116782637798836,0,0,0,0,0,0,0,1,0,1,0,0,0
-0.1364722148101901,-0.20149529166707583,-0.38006893724763746,0.7207069510659078,-0.20453728204336213,1,0,0,0,0,0,0,0,0,0,1,0,0
14.015946868740121,9.50383270130603,5.8362764314324656,0.43093835960123394,0.6860254935131448,0,0,0,0,0,1,0,0,0,0,1,0,0
-0.1364722148101901,-0.7406801801655817,-0.33629185718651,1.6324588736052994,0.7518610833738316,1,0,0,0,0,0,0,0,0,0,1,0,0
-0.1364722148101901,-0.7406801801655817,-0.7657450125861707,0.32765078500844635,-0.5415984220483635,0,1,0,0,0,0,0,0,0,0,1,0,0
-0.1364722148101901,8.483335059174191e-05,0.10147894342476486,-0.36555725826084984,-0.561179090771624,0,0,0,0,0,0,1,0,0,0,1,0,0
-0.5189700278791175,-0.20149529166707583,0.007011446406886239,0.003831797962462971,-0.03296073116711085,0,1,0,0,0,0,0,0,0,0,1,0,0
0.24602559825873724,8.483335059174191e-05,4.741849429904279,0.5927831294211627,-0.25248535046097215,0,0,0,0,0,0,1,0,0,0,1,0,0
-0.9014678409480448,-0.7406801801655817,-0.7083970377060936,0.911394435861845,0.010707409660517002,0,1,0,0,0,0,0,0,0,0,1,0,0
-0.9014678409480448,-0.20149529166707583,-0.51140017743102,0.28337862654954254,-0.6536433597431862,1,0,0,0,0,0,0,0,0,0,1,0,0
-0.5189700278791175,-0.7406801801655817,-0.5332887174615837,-0.4124538769632052,2.064300878787822,1,0,0,0,0,0,0,0,0,0,1,0,0
0.24602559825873724,0.33768959683143,0.007011446406886239,-0.8625803114053323,0.47565318233850584,0,0,0,1,0,0,0,0,0,0,1,0,0
0.6285234113276646,-0.20149529166707583,0.007011446406886239,0.25240403880482687,0.42658361437651743,0,0,0,1,0,0,0,0,0,0,1,0,0
-0.9014678409480448,-0.7406801801655817,-0.697890538491423,1.0791559831402702,-0.007356460650792435,0,1,0,0,0,0,0,0,0,0,1,0,0
0.6285234113276646,-0.20149529166707583,-0.09508014604969756,2.053456205004765,0.8284876388149288,0,0,0,1,0,0,0,0,0,0,1,0,0
0.24602559825873724,-0.20149529166707583,-0.24873769706425503,-0.7860196167516073,-0.14933216047884498,0,0,0,0,0,1,0,0,0,0,1,0,0
0.6285234113276646,1.4160593738284417,0.5821512824959446,0.5321501934863974,-0.19007667484420096,0,1,0,0,0,0,0,0,0,0,1,0,0
1.3935190374655193,1.9552442623269475,2.7718808271535416,0.5026029638662332,-0.17762030225464256,0,0,0,0,0,0,1,0,0,0,1,0,0
-0.1364722148101901,0.33768959683143,-0.16118353694200005,0.8387836054243171,-0.30783908062254556,1,0,0,0,0,0,0,0,0,0,1,0,0
1.3935190374655193,0.8768744853299358,0.007011446406886239,0.648654004582368,2.0803634866614304,0,0,0,1,0,0,0,0,0,0,1,0,0
0.24602559825873724,-0.20149529166707583,-0.31878102516205903,-0.20600702963155698,1.9503339365735688,0,0,0,1,0,0,0,0,0,0,1,0,0
0.6285234113276646,0.8768744853299358,1.6774538256253544,0.9060767822388572,-0.2723572920342601,0,0,0,1,0,0,0,0,0,0,1,0,0
2.9235102897412286,0.8768744853299358,0.43243366868688865,-1.1258809177432767,-1.4374546358253006,0,0,0,0,0,1,0,0,0,0,1,0,0
-0.5189700278791175,-0.7406801801655817,-0.6602422496388534,-1.4769273910689475,-1.5357612041016644,0,0,0,1,0,0,0,0,0,0,1,0,0
-0.1364722148101901,-0.7406801801655817,-0.4895116374004562,-1.1421271399924933,-2.20414422010035,0,0,0,1,0,0,0,0,0,0,1,0,0
-0.5189700278791175,-0.20149529166707583,0.007011446406886239,-0.5630378679995287,-0.4089375090720371,0,0,0,0,0,0,0,1,0,0,0,0,1
0.6285234113276646,0.33768959683143,-0.11040212407109218,-1.093852421913069,0.15678074386623408,0,0,0,0,0,1,0,0,0,0,1,0,0
-0.1364722148101901,0.8768744853299358,-0.21721819942024323,-1.2245610811186336,-1.583469517316341,0,0,0,1,0,0,0,0,0,0,1,0,0
1.011021224396592,0.33768959683143,0.007011446406886239,-0.5797446022599673,1.7767115406803868,0,0,0,0,0,1,0,0,0,0,1,0,0
-0.9014678409480448,-0.7406801801655817,0.007011446406886239,0.44708491880320517,1.1956122979663653,1,0,0,0,0,0,0,0,0,0,1,0,0
-0.5189700278791175,-0.7406801801655817,0.007011446406886239,0.23312439415289854,1.2099124078810042,1,0,0,0,0,0,0,0,0,0,1,0,0
0.6285234113276646,0.33768959683143,0.007011446406886239,0.450412748138532,0.5763662191600502,0,0,0,0,0,1,0,0,0,0,1,0,0
4.453501542016938,2.4944291508254537,1.6774538256253544,-1.3300572804820123,-0.1585131995933049,0,0,0,0,0,1,0,0,0,0,1,0,0
1.011021224396592,0.8768744853299358,0.8019122244028046,-0.30962681438172085,-0.5643018527538443,0,0,0,0,0,0,1,0,0,0,1,0,0
0.6285234113276646,8.483335059174191e-05,0.007011446406886239,0.857058600738236,1.199482065828703,0,0,0,1,0,0,0,0,0,0,1,0,0
1.011021224396592,1.4160593738284417,0.4910949559687995,-2.2673217975575253,-2.915199699327907,0,0,0,0,0,1,0,0,0,0,1,0,0
-0.1364722148101901,-0.20149529166707583,0.007011446406886239,-1.0126522405783909,0.023307437227107732,0,0,0,1,0,0,0,0,0,0,1,0,0
-0.5189700278791175,-0.7406801801655817,-0.51140017743102,-1.4592950505768627,0.00791059586750598,1,0,0,0,0,0,0,0,0,0,1,0,0
0.6285234113276646,-0.20149529166707583,0.007011446406886239,1.1701483452524,0.5326525050292725,0,0,0,0,0,1,0,0,0,0,1,0,0
-0.5189700278791175,-0.20149529166707583,0.007011446406886239,0.09691822961845743,0.9940336528302576,1,0,0,0,0,0,0,0,0,0,1,0,0
-0.9014678409480448,-0.7406801801655817,-0.5748769435196548,0.7476663781151012,-0.06366425800407584,0,1,0,0,0,0,0,0,0,0,1,0,0
-0.1364722148101901,0.33768959683143,0.007011446406886239,0.6652450380638812,-0.2300444616098591,1,0,0,0,0,0,0,0,0,0,1,0,0
-0.9014678409480448,-0.20149529166707583,-0.5004559074157381,0.7061687472466572,-0.04750654062862743,1,0,0,0,0,0,0,0,0,0,1,0,0
-0.1364722148101901,8.483335059174191e-05,0.007011446406886239,1.1049022703388838,0.21365721678370267,0,0,0,0,0,1,0,0,0,0,1,0,0
-0.1364722148101901,0.33768959683143,-0.16118353694200005,-1.567570359739741,-0.16329047062070506,0,1,0,0,0,0,0,0,0,0,1,0,0
-0.1364722148101901,8.483335059174191e-05,0.007011446406886239,-1.0037845204803053,-1.3146950182962958,0,0,0,1,0,0,0,0,0,0,1,0,0
-0.5189700278791175,-0.20149529166707583,0.007011446406886239,0.14777616805973132,-0.5145754347938358,1,0,0,0,0,0,0,0,0,0,1,0,0
-0.9014678409480448,-0.7406801801655817,0.007011446406886239,0.4037944986370306,0.5634560949881015,1,0,0,0,0,0,0,0,0,0,1,0,0
-0.1364722148101901,8.483335059174191e-05,-0.4579921397564444,1.4546370863189284,1.5474708913234234,0,0,0,1,0,0,0,0,0,0,1,0,0
1.011021224396592,-0.20149529166707583,-0.05524300319407154,1.590732132283484,0.29982444414387116,0,0,0,0,0,1,0,0,0,0,1,0,0
-0.1364722148101901,-0.7406801801655817,0.007011446406886239,-1.3181962323105367,0.06751948551936446,1,0,0,0,0,0,0,0,0,0,1,0,0
-0.9014678409480448,-0.7406801801655817,-0.6567400832339632,-1.552674743613192,-0.24995305997031014,0,1,0,0,0,0,0,0,0,0,1,0,0
-0.9014678409480448,-0.7406801801655817,0.007011446406886239,0.23492749342098893,-0.6485985932413945,1,0,0,0,0,0,0,0,0,0,1,0,0
-0.5189700278791175,-0.20149529166707583,0.007011446406886239,0.7853355733075933,-0.37050039085391817,1,0,0,0,0,0,0,0,0,0,1,0,0
2.158514663603374,0.33768959683143,0.007011446406886239,0.5047726398597014,0.6517771562788492,0,0,0,0,0,1,0,0,0,0,1,0,0
0.24602559825873724,1.9552442623269475,2.6987731034514586,-1.4632162759864598,-1.6414664990541268,0,0,0,1,0,0,0,0,0,0,1,0,0
0.24602559825873724,-0.20149529166707583,-0.06706281481057597,-1.9708585986451563,-2.5188615622042003,0,0,0,1,0,0,0,0,0,0,1,0,0
-0.9014678409480448,-0.7406801801655817,-0.6370403972064558,0.0108276856563735,-0.6397613353476949,0,1,0,0,0,0,0,0,0,0,1,0,0
-0.1364722148101901,-0.20149529166707583,-0.33585408638589875,-1.2461570324541975,-0.35428818365961484,0,1,0,0,0,0,0,0,0,0,1,0,0
-0.1364722148101901,-0.20149529166707583,-0.3030212763400531,-1.7827279865089476,-1.7386297718584574,0,0,0,1,0,0,0,0,0,0,1,0,0
3.306008102810156,8.483335059174191e-05,0.8632001364883831,-1.0634208259428604,-0.49843158755397565,0,0,0,0,0,1,0,0,0,0,1,0,0
-0.1364722148101901,-0.20149529166707583,-0.11653091527965002,-0.02252506859438088,-0.06070100258259836,0,0,0,0,0,0,0,1,0,0,0,0,1
-0.1364722148101901,-0.7406801801655817,0.007011446406886239,0.21274158266791432,0.8549122287861135,1,0,0,0,0,0,0,0,0,0,1,0,0
-0.1364722148101901,-0.20149529166707583,-0.3608070220207414,-0.8872245773231703,-2.103128021741171,0,0,0,0,0,0,1,0,0,0,1,0,0
1.011021224396592,0.33768959683143,0.007011446406886239,-0.7437281181622035,0.2194588964053782,0,0,0,0,0,1,0,0,0,0,1,0,0
-0.9014678409480448,-0.7406801801655817,-0.6186540235807823,0.5780547639255822,-0.4900678957221987,1,0,0,0,0,0,0,0,0,0,1,0,0
-0.1364722148101901,8.483335059174191e-05,0.007011446406886239,-0.9350972065569348,-0.1332021833747138,0,0,0,0,0,1,0,0,0,0,1,0,0
-0.1364722148101901,0.8768744853299358,-0.0298522967586176,-1.8619291791378854,-2.2305014408410115,0,0,0,1,0,0,0,0,0,0,1,0,0
-0.9014678409480448,-0.7406801801655817,0.007011446406886239,0.47783841496034873,2.082458867877192,1,0,0,0,0,0,0,0,0,0,1,0,0
-0.1364722148101901,-0.20149529166707583,0.05770186336363737,0.8040974283348551,-0.41075647829770207,1,0,0,0,0,0,0,0,0,0,1,0,0
-0.1364722148101901,0.33768959683143,0.24988324483198704,-0.9815138388594661,-0.8708041116226926,0,0,0,0,0,1,0,0,0,0,1,0,0
-0.9014678409480448,-0.7406801801655817,-0.6698732072523015,-1.649271147415044,-1.7889644943417158,0,1,0,0,0,0,0,0,0,0,1,0,0
-0.1364722148101901,0.33768959683143,0.007011446406886239,-0.26579683909787993,-0.012818321947670531,0,0,0,0,0,1,0,0,0,0,1,0,0
0.6285234113276646,0.8768744853299358,1.1748929465236109,1.1942404549775698,-0.010313771728466507,0,0,0,0,0,0,1,0,0,0,1,0,0
-0.5189700278791175,-0.7406801801655817,-0.6208428775838387,1.2438142293277001,0.5134364227302249,1,0,0,0,0,0,0,0,0,0,1,0,0
-0.1364722148101901,0.33768959683143,-0.20671170020557264,0.857497347256458,0.9192339924066102,0,0,0,1,0,0,0,0,0,0,1,0,0
-0.1364722148101901,-0.20149529166707583,0.007011446406886239,-0.20732097808166247,1.9104563056900083,0,0,0,1,0,0,0,0,0,0,1,0,0
-0.5189700278791175,-0.20149529166707583,0.007011446406886239,0.23211974481480777,-0.6236799037186151,1,0,0,0,0,0,0,0,0,0,1,0,0
-0.5189700278791175,-0.20149529166707583,0.007011446406886239,0.5484834777078577,-0.082993282836796,1,0,0,0,0,0,0,0,0,0,1,0,0
-0.9014678409480448,-0.7406801801655817,-0.6768775400620819,-1.278145433955165,-0.289714776148437,1,0,0,0,0,0,0,0,0,0,1,0,0
-0.1364722148101901,8.483335059174191e-05,-0.28857483991988103,-0.17896283171459904,1.7959514003549297,0,0,0,1,0,0,0,0,0,0,1,0,0
-0.9014678409480448,-0.7406801801655817,-0.5551772574921474,1.9146244346745918,0.31337754817825164,1,0,0,0,0,0,0,0,0,0,1,0,0
-0.5189700278791175,-0.20149529166707583,0.007011446406886239,0.7858533629322598,1.6382033747793758,1,0,0,0,0,0,0,0,0,0,1,0,0
-0.1364722148101901,-0.7406801801655817,0.007011446406886239,0.23388160420129617,-0.5631110025309616,1,0,0,0,0,0,0,0,0,0,1,0,0
0.24602559825873724,-0.20149529166707583,0.04281765614285403,-0.8112836264458364,0.16849704564339854,0,0,0,0,0,0,1,0,0,0,1,0,0
-0.1364722148101901,8.483335059174191e-05,-0.48338284619189836,-0.3361440582559328,1.4547212938459189,0,0,0,1,0,0,0,0,0,0,1,0,0
0.24602559825873724,0.8768744853299358,1.3053486451057708,0.9091193690597299,1.2450078141174221,0,0,0,1,0,0,0,0,0,0,1,0,0
1.011021224396592,0.8768744853299358,0.7896546419856889,1.390080633870087,0.028359138796623093,0,0,0,0,0,0,1,0,0,0,1,0,0
-0.1364722148101901,0.8768744853299358,0.009547075296397138,0.3796989522550199,-0.4707616575410535,0,1,0,0,0,0,0,0,0,0,1,0,0
-0.5189700278791175,-0.7406801801655817,0.007011446406886239,1.2801282361884034,-0.11028970990951856,1,0,0,0,0,0,0,0,0,0,1,0,0
1.011021224396592,0.33768959683143,0.007011446406886239,1.3772447207194012,0.30238843780181324,0,0,0,0,0,1,0,0,0,0,1,0,0
-0.9014678409480448,-0.7406801801655817,-0.5770657975227111,1.404452732610568,0.17429872526507403,1,0,0,0,0,0,0,0,0,0,1,0,0
-0.9014678409480448,-0.7406801801655817,-0.5989543375532749,-1.3075494695419212,0.07298332826422396,1,0,0,0,0,0,0,0,0,0,1,0,0
-0.1364722148101901,-0.20149529166707583,0.0485086765508006,-1.152998431005359,0.3952291818853359,0,0,0,1,0,0,0,0,0,0,1,0,0
-0.9014678409480448,-0.7406801801655817,-0.5989543375532749,0.691321244315392,1.1511862532945107,1,0,0,0,0,0,0,0,0,0,1,0,0
0.24602559825873724,-0.20149529166707583,-0.23823119784958444,0.20794171866959307,1.368273691599691,0,0,0,1,0,0,0,0,0,0,1,0,0
0.24602559825873724,0.33768959683143,0.4626398539290666,-0.9242717376347108,-0.876715761606139,0,0,0,1,0,0,0,0,0,0,1,0,0
1.011021224396592,3.0336140393239597,2.8843879229106393,0.20664266239896853,-0.5758586479702659,0,0,0,0,0,0,1,0,0,0,1,0,0
-0.1364722148101901,-0.7406801801655817,-0.29251477712538254,0.7336734571749184,-0.3292486258112372,0,0,0,0,0,0,0,1,0,0,0,0,1
0.24602559825873724,-0.20149529166707583,-0.29251477712538254,-1.3785084136105659,-0.13679058562707197,0,0,0,1,0,0,0,0,0,0,1,0,0
-0.5189700278791175,-0.20149529166707583,-0.24873769706425503,0.11187914222416875,-0.3597262675809977,1,0,0,0,0,0,0,0,0,0,1,0,0
0.24602559825873724,-0.20149529166707583,-0.12178416488698532,1.9627605409297293,0.8690835445835101,0,0,0,1,0,0,0,0,0,0,1,0,0
-0.1364722148101901,8.483335059174191e-05,0.007011446406886239,-0.7182132325215218,1.12397106558804,0,0,0,0,1,0,0,0,0,0,1,0,0
0.24602559825873724,0.8768744853299358,-0.15417920413221967,-1.79631652749891,-2.0246339515993577,0,0,0,0,0,0,0,1,0,1,0,0,0
-0.9014678409480448,-0.7406801801655817,-0.5989543375532749,0.1650866083648811,0.8875011033553459,1,0,0,0,0,0,0,0,0,0,1,0,0
-0.1364722148101901,-0.20149529166707583,0.03843994813674128,-1.8559528329614652,-2.0455392182827667,0,0,0,1,0,0,0,0,0,0,1,0,0
0.6285234113276646,0.33768959683143,0.007011446406886239,0.48694670103452714,0.5931817772577204,0,0,0,0,0,1,0,0,0,0,1,0,0
-0.1364722148101901,-0.20149529166707583,0.06207957136975012,-0.8154729110859275,-1.6741960564283491,0,0,0,0,0,0,0,1,0,1,0,0,0
2.541012476672301,1.4160593738284417,0.5318076404256481,-0.3550754550187236,0.642658532775029,0,0,0,0,0,1,0,0,0,0,1,0,0
-0.5189700278791175,-0.7406801801655817,-0.5004559074157381,0.416037015713365,0.4894500044717826,1,0,0,0,0,0,0,0,0,0,1,0,0
1.7760168505344465,0.33768959683143,0.007011446406886239,-0.290013814020136,1.4398693506748663,0,0,0,1,0,0,0,0,0,0,1,0,0
-0.9014678409480448,-0.7406801801655817,-0.5989543375532749,-1.5630041884038308,-0.3110411005230362,1,0,0,0,0,0,0,0,0,0,1,0,0
-0.1364722148101901,-0.7406801801655817,0.007011446406886239,0.9683226557653831,-0.2915763465052093,1,0,0,0,0,0,0,0,0,0,1,0,0
1.3935190374655193,1.9552442623269475,0.007011446406886239,0.5186991187684415,0.8318442116562791,0,0,0,0,0,1,0,0,0,0,1,0,0
1.7760168505344465,1.4160593738284417,0.7844013923783536,1.9120228854764205,0.9908742340608743,0,0,0,0,0,1,0,0,0,0,1,0,0
-0.5189700278791175,-0.7406801801655817,0.007011446406886239,0.20336981957244432,-0.676018860811617,1,0,0,0,0,0,0,0,0,0,1,0,0
-0.5189700278791175,-0.7406801801655817,0.007011446406886239,1.2322796635522808,1.3433460855610657,0,0,0,1,0,0,0,0,0,0,1,0,0
0.24602559825873724,0.8768744853299358,0.007011446406886239,0.3775315673660308,-0.3753281888042104,1,0,0,0,0,0,0,0,0,0,1,0,0
-0.1364722148101901,-0.20149529166707583,0.032311156928183433,-1.9811387846883126,-2.522676840247824,0,0,0,0,0,0,0,1,0,0,0,0,1
-0.5189700278791175,-0.7406801801655817,0.007011446406886239,0.06914431490750318,1.1982931970538018,1,0,0,0,0,0,0,0,0,0,1,0,0
-0.5189700278791175,-0.7406801801655817,0.007011446406886239,0.16478991032778675,0.888232257651894,1,0,0,0,0,0,0,0,0,0,1,0,0
0.6285234113276646,0.8768744853299358,0.8238007644333684,-0.36379425332208115,0.024487389486163025,0,0,0,0,0,0,1,0,0,0,1,0,0
1.011021224396592,0.33768959683143,0.027057907320848132,1.8586447320479802,0.3937609289482956,0,0,0,0,0,1,0,0,0,0,1,0,0
-0.9014678409480448,-0.20149529166707583,-0.36693581322929925,0.055774574400471,-0.11417532935570764,0,1,0,0,0,0,0,0,0,0,1,0,0
0.24602559825873724,-0.20149529166707583,0.007011446406886239,-0.3330762692851381,1.1467874388271933,0,0,0,0,0,1,0,0,0,0,1,0,0
1.7760168505344465,-0.20149529166707583,-0.003586048721941108,1.820954916914687,0.9403473111256728,0,0,0,0,0,1,0,0,0,0,1,0,0
-0.1364722148101901,0.33768959683143,-0.13491728890532356,-1.575078309296998,-1.6655589247783773,0,0,0,0,0,0,0,1,0,1,0,0,0
-0.5189700278791175,-0.7406801801655817,-0.5551772574921474,-0.9814382324098625,-2.35652945677711,0,0,0,1,0,0,0,0,0,0,1,0,0
-0.1364722148101901,-0.20149529166707583,-0.27237732029726386,1.0081466347719439,-0.25187803666178327,0,1,0,0,0,0,0,0,0,0,1,0,0
-0.1364722148101901,-0.7406801801655817,-0.8397282778894761,0.4013831111151892,-0.3024743102754889,1,0,0,0,0,0,0,0,0,0,1,0,0
0.6285234113276646,-0.20149529166707583,0.052448613756302075,-1.8753745260944397,-2.369552523482731,0,0,0,0,0,1,0,0,0,0,1,0,0
-0.9014678409480448,-0.20149529166707583,-0.4790051381857856,0.5034460903346756,2.2380847626895872,1,0,0,0,0,0,0,0,0,0,1,0,0
-0.1364722148101901,0.8768744853299358,0.007011446406886239,0.6147880429159869,1.9605502822462721,0,0,0,0,0,1,0,0,0,0,1,0,0
-0.5189700278791175,-0.20149529166707583,-0.5599927362988715,1.0302134080892524,-0.043411878422864585,0,1,0,0,0,0,0,0,0,0,1,0,0
2.158514663603374,1.9552442623269475,1.6507498067880666,1.0892311153276968,0.017952574119958074,0,0,0,0,0,0,1,0,0,0,1,0,0
1.011021224396592,0.33768959683143,0.007011446406886239,-0.22331403327986588,0.8667216586172773,0,0,0,0,0,1,0,0,0,0,1,0,0
-0.9014678409480448,-0.7406801801655817,-0.5989543375532749,-1.0871417767335314,-1.6376026755354514,0,1,0,0,0,0,0,0,0,0,1,0,0
-0.9014678409480448,-0.7406801801655817,-0.5551772574921474,1.331964476265647,0.2140257661038784,1,0,0,0,0,0,0,0,0,0,1,0,0
-0.1364722148101901,-0.7406801801655817,0.007011446406886239,0.40258823209996975,-0.2812262530952398,1,0,0,0,0,0,0,0,0,0,1,0,0
-0.9014678409480448,8.483335059174191e-05,1.2090390689712902,0.034010226881658286,-0.6607607208091645,0,0,0,0,0,0,1,0,0,0,1,0,0
-0.5189700278791175,-0.7406801801655817,0.007011446406886239,-0.41176425449853055,2.0605381091152126,1,0,0,0,0,0,0,0,0,0,1,0,0
-0.1364722148101901,-0.20149529166707583,-0.10602441606497942,-0.4866925371719744,0.7382534895205962,0,0,0,1,0,0,0,0,0,0,1,0,0
1.011021224396592,0.33768959683143,0.09491238141559574,-0.5927534938029416,-0.4348637648816019,0,0,0,0,0,0,1,0,0,0,1,0,0
-0.5189700278791175,-0.7406801801655817,-0.528911009455471,1.906271067544332,0.24797688614448385,1,0,0,0,0,0,0,0,0,0,1,0,0
-0.9014678409480448,-0.20149529166707583,-0.44836118214299636,0.35599289364382997,-0.6326112803903754,0,1,0,0,0,0,0,0,0,0,1,0,0
-0.5189700278791175,-0.20149529166707583,-0.44004353693138215,0.6052455925327076,-0.10806652530043502,0,1,0,0,0,0,0,0,0,0,1,0,0
1.7760168505344465,1.4160593738284417,0.05770186336363737,1.5148919900055944,0.5258056116095873,0,0,0,0,0,1,0,0,0,0,1,0,0
0.6285234113276646,0.8768744853299358,1.4585684253197169,0.34850670957965424,-0.4844445464167373,1,0,0,0,0,0,0,0,0,0,1,0,0
0.6285234113276646,-0.20149529166707583,0.17589997952868158,1.3995829899239631,1.218147305595398,0,0,0,0,0,1,0,0,0,0,1,0,0
-0.5189700278791175,-0.20149529166707583,-0.51140017743102,-1.984424228589757,-2.2320925435514907,0,1,0,0,0,0,0,0,0,0,1,0,0
-0.5189700278791175,-0.20149529166707583,-0.4982670534126817,0.5602482994889286,1.2383511397016986,0,1,0,0,0,0,0,0,0,0,1,0,0
-0.1364722148101901,0.33768959683143,-0.3170299419596139,-0.03151192612823259,1.9881657224403393,0,0,0,1,0,0,0,0,0,0,1,0,0
-0.1364722148101901,-0.20149529166707583,-0.43479028732404684,1.1878058878944069,-0.04236270172903294,0,1,0,0,0,0,0,0,0,0,1,0,0
-0.9014678409480448,-0.7406801801655817,0.007011446406886239,0.5532615762130976,0.09876791054487863,1,0,0,0,0,0,0,0,0,0,1,0,0
-0.1364722148101901,-0.20149529166707583,-0.2500510094660889,-1.1169834132863106,-0.9503503306303803,0,1,0,0,0,0,0,0,0,0,1,0,0
-0.9014678409480448,-0.7406801801655817,-0.5923877755441058,-0.02154218474937136,-0.22868617903458974,0,1,0,0,0,0,0,0,0,0,1,0,0
0.6285234113276646,-0.20149529166707583,0.007011446406886239,-0.31640848380174097,0.05391189166612909,0,0,0,0,0,1,0,0,0,0,1,0,0
0.6285234113276646,1.9552442623269475,0.007011446406886239,0.7044893676233727,-0.22538706818399606,1,0,0,0,0,0,0,0,0,0,1,0,0
-0.1364722148101901,0.8768744853299358,-0.371313521235412,-1.2000645914432433,-0.3408192911635287,0,0,0,1,0,0,0,0,0,0,1,0,0
-0.1364722148101901,0.8768744853299358,-0.11740645688087258,-2.031926844441303,-2.9432500673487523,0,0,0,0,0,1,0,0,0,0,1,0,0
1.3935190374655193,8.483335059174191e-05,0.8894663845250597,-1.0243162537599362,0.2786120530268649,0,0,0,0,0,1,0,0,0,0,1,0,0
-0.1364722148101901,-0.20149529166707583,-0.261433050281982,-0.014658561177626631,1.4730486967356569,1,0,0,0,0,0,0,0,0,0,1,0,0
1.7760168505344465,0.8768744853299358,1.8635064158851462,-0.2034238092697074,0.06849237646682738,0,0,0,1,0,0,0,0,0,0,1,0,0
-0.5189700278791175,-0.20149529166707583,0.007011446406886239,0.47774791633126423,0.6521110302598432,1,0,0,0,0,0,0,0,0,0,1,0,0
-0.9014678409480448,-0.7406801801655817,-0.6865084976755299,0.7516116601223399,-0.3770193546365535,1,0,0,0,0,0,0,0,0,0,1,0,0
-0.5189700278791175,-0.20149529166707583,0.007011446406886239,0.38482071644035754,-0.39092020278765693,1,0,0,0,0,0,0,0,0,0,1,0,0
-0.1364722148101901,-0.7406801801655817,0.007011446406886239,0.6325796151732409,-0.4549794245536453,0,0,0,0,0,0,0,1,0,0,0,0,1
1.011021224396592,0.33768959683143,0.5790868868916658,2.088573109746568,0.4357081822242818,0,0,0,0,0,1,0,0,0,0,1,0,0
1.011021224396592,1.9552442623269475,2.0267949245131516,0.26395235120744687,-0.4339859834361198,0,0,0,0,0,0,1,0,0,0,1,0,0
-0.5189700278791175,-0.7406801801655817,0.007011446406886239,-0.550479178497498,-0.10800609113763592,1,0,0,0,0,0,0,0,0,0,1,0,0
-0.5189700278791175,-0.20149529166707583,0.007011446406886239,0.5475349604308497,-0.28003143997653523,1,0,0,0,0,0,0,0,0,0,1,0,0
2.158514663603374,8.483335059174191e-05,3.647422428376091,0.19143431050356405,-0.4365301626145294,0,0,0,0,0,0,1,0,0,0,1,0,0
-0.1364722148101901,8.483335059174191e-05,0.007011446406886239,0.528357269930646,0.24250214543579704,0,0,0,0,1,0,0,0,0,0,1,0,0
-0.1364722148101901,-0.20149529166707583,-0.19270303458601185,0.09794693555410866,0.5942012322322534,0,0,0,0,0,0,1,0,0,0,1,0,0
0.24602559825873724,-0.20149529166707583,-0.15067703772732946,-1.1675939124379728,-0.6592181635735961,0,0,0,0,0,1,0,0,0,0,1,0,0
-0.5189700278791175,-0.20149529166707583,-0.528911009455471,-1.5999093002343252,-1.5272518758450144,0,1,0,0,0,0,0,0,0,0,1,0,0
-0.5189700278791175,-0.20149529166707583,0.007011446406886239,0.7813902913003545,-0.14213554149445543,1,0,0,0,0,0,0,0,0,0,1,0,0
-0.9014678409480448,-0.7406801801655817,0.007011446406886239,0.3987746886034989,-0.2990820713710366,1,0,0,0,0,0,0,0,0,0,1,0,0
1.3935190374655193,0.33768959683143,0.8303673264425375,0.6676323689881621,0.45437837561085986,0,0,0,0,0,1,0,0,0,0,1,0,0
1.3935190374655193,8.483335059174191e-05,1.2965932290935451,-1.3544140127808355,-1.709908683703722,0,0,0,1,0,0,0,0,0,0,1,0,0
-0.1364722148101901,-0.7406801801655817,0.007011446406886239,0.4277537242992337,0.3948437902573887,1,0,0,0,0,0,0,0,0,0,1,0,0
0.24602559825873724,8.483335059174191e-05,0.7931568083905791,-2.359356612232588,-3.082827224423409,0,0,0,0,0,1,0,0,0,0,1,0,0
-0.1364722148101901,-0.7406801801655817,0.007011446406886239,0.6763019085440372,-0.1551942742633196,1,0,0,0,0,0,0,0,0,0,1,0,0
-0.1364722148101901,-0.7406801801655817,-0.817401967058301,-1.5547103899914947,-2.1645439919309473,0,0,0,0,0,0,0,1,0,1,0,0,0
2.541012476672301,3.572798927822465,1.8635064158851462,0.7951311907418858,-0.3386585221649441,0,0,0,0,0,0,1,0,0,0,1,0,0
0.24602559825873724,0.8768744853299358,0.6924695242499859,0.2574433232269606,-0.639771242587461,0,0,0,0,0,0,1,0,0,0,1,0,0
0.24602559825873724,0.33768959683143,0.007011446406886239,-0.13687180477188501,1.1510871808965673,0,0,0,0,0,1,0,0,0,0,1,0,0
-0.1364722148101901,8.483335059174191e-05,0.007011446406886239,2.0845671134692068,0.3050188099663578,0,0,0,0,1,0,0,0,0,0,1,0,0
2.158514663603374,0.33768959683143,0.5033525383859152,1.2871413071664368,0.25185953341863043,0,0,0,0,0,1,0,0,0,0,1,0,0
0.24602559825873724,-0.7406801801655817,-0.29251477712538254,1.0805707401899014,-0.13940906910386894,1,0,0,0,0,0,0,0,0,0,1,0,0
-0.1364722148101901,-0.20149529166707583,-0.2942658603278276,-1.0223573593835174,-0.9408364082589875,0,0,0,1,0,0,0,0,0,0,1,0,0
-0.1364722148101901,8.483335059174191e-05,0.007011446406886239,0.053417027835233326,1.060521139069222,0,0,0,0,1,0,0,0,0,0,1,0,0
4.835999355085865,3.0336140393239597,0.007011446406886239,-0.7289264373215799,-0.6389390344449879,0,0,0,0,0,1,0,0,0,0,1,0,0
0.24602559825873724,-0.20149529166707583,-0.16118353694200005,-0.4853442221537859,1.795039934294186,0,0,0,1,0,0,0,0,0,0,1,0,0
-0.5189700278791175,-0.20149529166707583,-0.3910132072629194,-1.0671312697353263,-0.9749391090682693,1,0,0,0,0,0,0,0,0,0,1,0,0
-0.1364722148101901,-0.20149529166707583,0.10147894342476486,0.13305009366879278,-0.5751859463885356,1,0,0,0,0,0,0,0,0,0,1,0,0
-0.5189700278791175,-0.20149529166707583,-0.12835072689615445,0.06408211944000784,-0.6562370751204268,0,1,0,0,0,0,0,0,0,0,1,0,0
-0.5189700278791175,-0.20149529166707583,-0.3826955620513051,0.5647216810911122,-0.1904719737117736,0,1,0,0,0,0,0,0,0,0,1,0,0
0.6285234113276646,0.33768959683143,-0.19620520099090205,-0.8360229732017986,0.27676732497772333,0,0,0,0,0,1,0,0,0,0,1,0,0
1.011021224396592,0.8768744853299358,0.791405725188134,1.3370553105397427,-0.05052725804100232,0,0,0,0,0,0,1,0,0,0,1,0,0
-0.1364722148101901,-0.20149529166707583,0.007011446406886239,0.4999132071435378,0.29977193577299766,0,0,0,0,0,1,0,0,0,0,1,0,0
-0.5189700278791175,-0.20149529166707583,0.007011446406886239,0.4892790454499241,1.6068618216998622,0,0,0,1,0,0,0,0,0,0,1,0,0
-0.9014678409480448,-0.7406801801655817,-0.6646199576449662,-1.0915303874680318,-1.5154820749730562,0,0,0,0,0,0,0,1,0,1,0,0,0
1.3935190374655193,0.8768744853299358,0.043693197744076574,-0.24143208793317616,-0.09081901154788825,0,0,0,0,0,0,0,1,0,1,0,0,0
-0.1364722148101901,-0.20149529166707583,0.007011446406886239,0.08743420240082161,1.521180049089364,0,0,0,1,0,0,0,0,0,0,1,0,0
-0.1364722148101901,-0.7406801801655817,0.007011446406886239,0.492740904400498,-0.2008200856737617,1,0,0,0,0,0,0,0,0,0,1,0,0
0.6285234113276646,0.8768744853299358,0.36414142379152975,-0.4615407915999111,-0.5804496628895264,0,0,0,0,0,0,1,0,0,0,1,0,0
-0.5189700278791175,-0.20149529166707583,-0.47637851338211795,-1.5850663795120996,-0.3259514964087657,0,1,0,0,0,0,0,0,0,0,1,0,0
0.24602559825873724,-0.20149529166707583,-0.07362937681974509,-1.2279335869924033,-2.200054511514611,0,0,0,0,0,1,0,0,0,0,1,0,0
-0.1364722148101901,0.8768744853299358,0.010860387698230962,0.8666548920780376,-0.3478157839040496,0,0,0,1,0,0,0,0,0,0,1,0,0
-0.9014678409480448,-0.20149529166707583,-0.5551772574921474,0.8028075364823101,1.6389949632385823,1,0,0,0,0,0,0,0,0,0,1,0,0
0.24602559825873724,-0.20149529166707583,0.002980513287228015,-0.5832110434196623,0.5354810219897043,0,0,0,0,0,1,0,0,0,0,1,0,0
-0.1364722148101901,8.483335059174191e-05,-0.4404813077319934,-1.0178610667359722,-2.1146184384509903,0,0,0,0,0,0,1,0,0,0,1,0,0
-0.5189700278791175,-0.20149529166707583,-0.4006441648763674,-1.5011901880819267,1.1966297714929168,0,1,0,0,0,0,0,0,0,0,1,0,0
-0.5189700278791175,-0.7406801801655817,0.007011446406886239,0.46005486156905673,-0.21679550983703325,1,0,0,0,0,0,0,0,0,0,1,0,0
0.24602559825873724,-0.20149529166707583,-0.2942658603278276,-1.8381956272722126,-2.5316736047021258,0,0,0,1,0,0,0,0,0,0,1,0,0
0.6285234113276646,1.9552442623269475,1.040059539935338,-0.23980425816193482,-0.5846998687600692,0,1,0,0,0,0,0,0,0,0,1,0,0
-0.1364722148101901,-0.20149529166707583,0.007011446406886239,-0.5250318804405392,1.154299108036965,0,0,0,0,0,0,0,1,0,0,0,0,1
-0.9014678409480448,-0.7406801801655817,-0.5770657975227111,-1.5421093150555816,-0.291871582250918,1,0,0,0,0,0,0,0,0,0,1,0,0
-0.1364722148101901,-0.7406801801655817,0.007011446406886239,0.27259096085216106,0.8296249899430176,1,0,0,0,0,0,0,0,0,0,1,0,0
-0.1364722148101901,0.33768959683143,-0.388824353259863,-1.2045895228974701,-1.4274631844958816,0,0,0,1,0,0,0,0,0,0,1,0,0
1.011021224396592,1.4160593738284417,1.3867740140194678,0.6747473941178388,-0.23008904418894782,0,0,0,0,0,0,1,0,0,0,1,0,0
0.6285234113276646,0.8768744853299358,1.0120422086962166,0.8544387227038243,-0.31034065866970706,0,0,0,0,0,0,1,0,0,0,1,0,0
-0.5189700278791175,-0.20149529166707583,-0.33629185718651,0.9715244743514249,-0.2579789149252711,0,0,0,0,0,0,0,1,0,0,1,0,0
0.6285234113276646,0.33768959683143,-0.44485901573810616,-1.2820643682602013,1.8144967625202282,0,0,0,1,0,0,0,0,0,0,1,0,0
0.24602559825873724,0.8768744853299358,-0.07362937681974509,-2.275049693150074,-2.9056045375901216,0,0,0,1,0,0,0,0,0,0,1,0,0
-0.1364722148101901,-0.7406801801655817,0.007011446406886239,0.7699118575860181,-0.38615085755218237,0,0,0,0,0,0,0,1,0,0,0,0,1
-0.5189700278791175,-0.7406801801655817,-0.6427314176144024,-1.724618702218108,-1.5706654006100595,0,0,0,1,0,0,0,0,0,0,1,0,0
-0.1364722148101901,2.4944291508254537,2.489080889958658,-0.7174296747710031,-0.6332324643252932,0,0,0,0,0,1,0,0,0,0,1,0,0
-0.9014678409480448,-0.7406801801655817,-0.648422438022349,0.4955841651269611,-0.21017450148469335,1,0,0,0,0,0,0,0,0,0,1,0,0
0.6285234113276646,8.483335059174191e-05,0.007011446406886239,0.6277098724866361,-0.20512478136301862,0,0,0,0,0,0,0,1,0,0,0,0,1
-0.1364722148101901,-1.2798650686640876,0.007011446406886239,0.8270485680022079,-0.2969213023725928,0,0,0,0,0,0,1,0,0,0,1,0,0
-0.5189700278791175,-0.7406801801655817,-0.6282849811942304,0.5914703265232562,1.22840823384719,0,1,0,0,0,0,0,0,0,0,1,0,0
-0.1364722148101901,0.8768744853299358,0.1439427110840585,-0.10569674538039812,-0.4553341037382328,0,1,0,0,0,0,0,0,0,0,1,0,0
0.6285234113276646,-0.20149529166707583,0.007011446406886239,-1.11517916846594,-0.46249802883128127,0,0,0,0,0,1,0,0,0,0,1,0,0
-0.9014678409480448,-0.7406801801655817,0.007011446406886239,1.5973431144157764,0.020310497190228052,1,0,0,0,0,0,0,0,0,0,1,0,0
1.011021224396592,3.0336140393239597,0.007011446406886239,0.7040746777027925,-0.18291869409495592,1,0,0,0,0,0,0,0,0,0,1,0,0
1.7760168505344465,3.0336140393239597,0.007011446406886239,0.7078687468107426,-0.22174813900874576,1,0,0,0,0,0,0,0,0,0,1,0,0
-0.9014678409480448,-0.7406801801655817,0.007011446406886239,0.5212124604420075,-0.19670957188442925,1,0,0,0,0,0,0,0,0,0,1,0,0
-0.5189700278791175,-0.7406801801655817,0.007011446406886239,-0.10380658414006406,1.064126383629211,1,0,0,0,0,0,0,0,0,0,1,0,0
-0.9014678409480448,-0.7406801801655817,-0.5770657975227111,0.6564254311610793,-0.22593196637254526,0,1,0,0,0,0,0,0,0,0,1,0,0
0.6285234113276646,1.9552442623269475,0.6268039041582947,-0.5237889562309975,-0.47477904327638654,0,0,0,0,0,1,0,0,0,0,1,0,0
-0.5189700278791175,-0.20149529166707583,-0.27106400789543006,0.5034655647231963,2.238121419476891,1,0,0,0,0,0,0,0,0,0,1,0,0
-0.5189700278791175,-0.7406801801655817,-0.48513392939434347,1.572981799907832,0.010074337037992284,1,0,0,0,0,0,0,0,0,0,1,0,0
1.011021224396592,1.4160593738284417,0.007011446406886239,-0.5058473166268166,1.4020791752152826,0,0,0,0,0,1,0,0,0,0,1,0,0
-0.5189700278791175,-0.7406801801655817,0.007011446406886239,0.7667512788816597,1.6595584301492126,1,0,0,0,0,0,0,0,0,0,1,0,0
-0.5189700278791175,-0.20149529166707583,-0.371313521235412,-0.4165824473330922,-0.7225908136221251,0,1,0,0,0,0,0,0,0,0,1,0,0
-0.9014678409480448,-0.7406801801655817,0.007011446406886239,0.7183127468280265,-0.45351414378850674,1,0,0,0,0,0,0,0,0,0,1,0,0
-0.1364722148101901,0.33768959683143,-0.3608070220207414,-0.28303969181922534,0.9000228637274458,0,0,0,1,0,0,0,0,0,0,1,0,0
0.6285234113276646,-0.20149529166707583,0.25644980684115615,-1.8662857144088634,-2.305026670722403,0,0,0,0,0,1,0,0,0,0,1,0,0
-0.5189700278791175,-0.7406801801655817,0.007011446406886239,0.2487863847459246,-0.620488781781811,1,0,0,0,0,0,0,0,0,0,1,0,0
-0.5189700278791175,-0.7406801801655817,0.007011446406886239,0.42518883277362457,0.5616123576630209,1,0,0,0,0,0,0,0,0,0,1,0,0
-0.5189700278791175,-0.20149529166707583,-0.3214076499657267,1.1065633211258465,-0.01310662262551473,0,1,0,0,0,0,0,0,0,0,1,0,0
0.6285234113276646,-0.20149529166707583,0.007011446406886239,-1.3797662299995885,1.6467127030360258,0,0,0,1,0,0,0,0,0,0,1,0,0
-0.5189700278791175,-0.7406801801655817,-0.6037698163599989,-1.0871417767335314,-1.6376026755354514,1,0,0,0,0,0,0,0,0,0,1,0,0
0.24602559825873724,-0.20149529166707583,-0.13272843490226718,-1.9033603679748052,-2.311842851698869,0,0,0,0,0,0,0,1,0,1,0,0,0
-0.1364722148101901,-0.7406801801655817,0.007011446406886239,-0.40336506527762883,0.30912635158378854,0,0,0,0,0,0,1,0,0,0,1,0,0
0.6285234113276646,8.483335059174191e-05,0.40791850385265727,-0.3689011253279379,0.3100962703593498,0,0,0,0,0,0,1,0,0,0,1,0,0
1.3935190374655193,0.33768959683143,0.09491238141559574,2.0971063285827167,0.7565729666184088,0,0,0,1,0,0,0,0,0,0,1,0,0
-0.5189700278791175,-0.20149529166707583,-0.31440331715594627,1.981933649220812,0.2862346833221868,1,0,0,0,0,0,0,0,0,0,1,0,0
-0.5189700278791175,-0.20149529166707583,-0.08326033443319314,0.6922857993240796,-0.41920537239155287,0,1,0,0,0,0,0,0,0,0,1,0,0
-0.1364722148101901,0.8768744853299358,0.007011446406886239,0.6863461108202217,-0.22383757588070397,1,0,0,0,0,0,0,0,0,0,1,0,0
-0.1364722148101901,-0.7406801801655817,0.007011446406886239,0.3990106723704706,-0.28408251032712967,1,0,0,0,0,0,0,0,0,0,1,0,0
0.6285234113276646,1.4160593738284417,0.007011446406886239,0.7098975198754449,-0.36322154177935645,0,0,0,0,0,0,1,0,0,0,1,0,0
0.24602559825873724,0.8768744853299358,0.429807043883221,-2.0315671410295253,-2.545848883395485,0,0,0,1,0,0,0,0,0,0,1,0,0
-0.9014678409480448,-0.7406801801655817,-0.4895116374004562,-1.1023249264790136,-0.9587526606973018,1,0,0,0,0,0,0,0,0,0,1,0,0
-0.9014678409480448,-0.7406801801655817,-0.6427314176144024,0.37706303648892825,-0.3480803072063986,1,0,0,0,0,0,0,0,0,0,1,0,0
-0.1364722148101901,0.33768959683143,-0.07362937681974509,-0.437953870424406,-0.5787337289577679,0,0,0,0,0,1,0,0,0,0,1,0,0
-0.5189700278791175,-0.20149529166707583,-0.45361443175033167,0.9715244743514249,-0.2579789149252711,0,0,0,0,0,0,0,1,0,0,1,0,0
-0.9014678409480448,-0.7406801801655817,0.007011446406886239,0.4802085626005882,0.678061063445044,1,0,0,0,0,0,0,0,0,0,1,0,0
-0.5189700278791175,-0.20149529166707583,0.007011446406886239,0.204112137441361,-0.5410733383393468,1,0,0,0,0,0,0,0,0,0,1,0,0
2.9235102897412286,0.33768959683143,0.4560732919198975,1.4934048661353554,0.6135084611373189,0,0,0,0,0,1,0,0,0,0,1,0,0
-0.9014678409480448,-0.7406801801655817,-0.5770657975227111,0.43794913947462544,0.5942765272547018,1,0,0,0,0,0,0,0,0,0,1,0,0
-0.1364722148101901,-0.20149529166707583,-0.3975797692720885,0.3242920257618774,1.2161381173657713,0,0,0,1,0,0,0,0,0,0,1,0,0
-0.1364722148101901,0.33768959683143,0.011735929299453511,0.8771515874996448,-0.24085425094616314,1,0,0,0,0,0,0,0,0,0,1,0,0
-0.1364722148101901,-0.20149529166707583,-0.2268491570336913,0.9393058168448057,-0.2811182641815911,1,0,0,0,0,0,0,0,0,0,1,0,0
-0.9014678409480448,-0.7406801801655817,-0.6208428775838387,0.20180957738492594,0.8833351090230975,1,0,0,0,0,0,0,0,0,0,1,0,0
-0.1364722148101901,-0.7406801801655817,-0.7302855777366574,0.6043028030171012,1.2493323242862113,1,0,0,0,0,0,0,0,0,0,1,0,0
0.6285234113276646,0.33768959683143,0.37464792300620037,1.0805363736218998,-0.09141344593540925,0,0,0,0,0,0,1,0,0,0,1,0,0
-0.1364722148101901,-0.7406801801655817,-0.8414793610919212,0.6646000921376494,-0.17898551989791722,0,0,0,0,0,0,0,1,0,0,0,0,1
0.24602559825873724,0.8768744853299358,0.09885231862109721,0.7618735173291743,1.6898488250869133,0,0,0,1,0,0,0,0,0,0,1,0,0
-0.1364722148101901,-0.7406801801655817,0.007011446406886239,-0.2073759645904651,-0.5472316785935912,1,0,0,0,0,0,0,0,0,0,1,0,0
-0.1364722148101901,-0.20149529166707583,-0.29557917272966144,0.543015756737943,-0.40369261632651754,0,1,0,0,0,0,0,0,0,0,1,0,0
-0.1364722148101901,0.33768959683143,0.26520522285338166,-1.2247581161084824,-1.5003160723006828,0,0,0,0,0,0,0,1,0,1,0,0,0
0.24602559825873724,0.8768744853299358,0.63205715376563,-0.40531021302684694,-0.5871261517849231,0,0,0,0,0,1,0,0,0,0,1,0,0
-0.5189700278791175,-0.7406801801655817,-0.5551772574921474,-1.5228525814490148,1.1062707909770233,0,0,0,1,0,0,0,0,0,0,1,0,0
-0.9014678409480448,-0.7406801801655817,0.007011446406886239,0.27577101394504017,0.9391297113553934,1,0,0,0,0,0,0,0,0,0,1,0,0
-0.1364722148101901,-0.20149529166707583,0.007011446406886239,0.2907216165803917,0.7347255214308963,0,0,0,0,0,1,0,0,0,0,1,0,0
-0.1364722148101901,-0.7406801801655817,0.007011446406886239,0.5999565777164828,-0.09679505858995582,1,0,0,0,0,0,0,0,0,0,1,0,0
-0.5189700278791175,-0.7406801801655817,-0.4720008053760052,0.36360279735281154,0.6338074047456003,1,0,0,0,0,0,0,0,0,0,1,0,0
-0.1364722148101901,-0.20149529166707583,-0.31878102516205903,-1.9982636455261722,-2.783687035443356,0,0,0,1,0,0,0,0,0,0,1,0,0
0.24602559825873724,-0.20149529166707583,-0.12090862328576277,-0.5310288465577603,-0.40966965409250544,0,0,0,0,0,0,1,0,0,0,1,0,0
-0.1364722148101901,-0.20149529166707583,-0.353802689210961,-1.2320163352715672,-0.7320968102018739,0,1,0,0,0,0,0,0,0,0,1,0,0
1.3935190374655193,0.8768744853299358,0.007011446406886239,-0.5518240568588456,0.4974966646301962,0,0,0,0,0,0,1,0,0,0,1,0,0
-0.1364722148101901,-0.20149529166707583,0.007011446406886239,-1.0522184703248174,0.3619913831097275,0,0,0,1,0,0,0,0,0,0,1,0,0
-0.1364722148101901,-0.7406801801655817,-0.7416676185525505,0.13126532323694282,-0.6295350824352253,0,1,0,0,0,0,0,0,0,0,1,0,0
-0.9014678409480448,-0.7406801801655817,0.007011446406886239,0.7170411838118032,-0.3776732324628125,1,0,0,0,0,0,0,0,0,0,1,0,0
1.011021224396592,0.33768959683143,0.007011446406886239,1.7678734615233413,0.516155960052947,0,0,0,0,0,1,0,0,0,0,1,0,0
-0.9014678409480448,-0.7406801801655817,-0.6427314176144024,2.2076910711156303,0.4464139455426184,1,0,0,0,0,0,0,0,0,0,1,0,0
-0.5189700278791175,-0.7406801801655817,-0.458867681357667,0.4360589782342914,0.5521786839338187,0,1,0,0,0,0,0,0,0,0,1,0,0
-0.1364722148101901,0.33768959683143,0.8456893044639321,-1.1463794300071861,0.3465271725196029,0,0,0,1,0,0,0,0,0,0,1,0,0
-0.5189700278791175,-0.7406801801655817,0.007011446406886239,0.9772430712677921,-0.26916022575365256,1,0,0,0,0,0,0,0,0,0,1,0,0
-0.9014678409480448,-0.7406801801655817,0.007011446406886239,-1.4888583179287882,-0.1938414259647918,0,0,0,0,0,0,0,1,0,0,0,0,1
-0.5189700278791175,-0.7406801801655817,-0.51140017743102,-1.553321980644066,-0.11506698093691872,1,0,0,0,0,0,0,0,0,0,1,0,0
-0.5189700278791175,-0.7406801801655817,-0.5770657975227111,1.8916251818120366,0.25620187661911153,1,0,0,0,0,0,0,0,0,0,1,0,0
-0.1364722148101901,8.483335059174191e-05,-0.266248529088706,-0.4348093294518088,0.6251534307879978,0,0,0,0,0,1,0,0,0,0,1,0,0
1.7760168505344465,4.111983816320971,0.007011446406886239,0.23670309943467802,-0.4515723247895437,0,0,0,0,0,0,1,0,0,0,1,0,0
-0.1364722148101901,-0.20149529166707583,0.007011446406886239,0.1713161215923145,1.6311940026270464,0,0,0,1,0,0,0,0,0,0,1,0,0
0.24602559825873724,0.8768744853299358,0.5497562432507103,-0.4710660586991489,-0.07858555185363264,0,0,0,1,0,0,0,0,0,0,1,0,0
-0.9014678409480448,-0.7406801801655817,0.007011446406886239,-0.42729679768543066,-0.2680694386526339,1,0,0,0,0,0,0,0,0,0,1,0,0
-0.1364722148101901,8.483335059174191e-05,0.007011446406886239,-0.22490864203538588,1.8702279585176824,0,0,0,0,1,0,0,0,0,0,1,0,0
0.24602559825873724,-0.20149529166707583,0.007011446406886239,0.9100564308140977,1.4532550223568599,0,1,0,0,0,0,0,0,0,0,1,0,0
-0.9014678409480448,-0.7406801801655817,0.007011446406886239,1.17252651175852,0.0350703030312015,0,1,0,0,0,0,0,0,0,0,1,0,0
-0.5189700278791175,-0.20149529166707583,-0.49914259501390423,-0.4958695563820747,-0.39256381386900957,0,0,0,0,0,0,0,1,0,0,0,0,1
-0.1364722148101901,0.8768744853299358,0.007011446406886239,-1.537130744903652,-0.6747913538014305,0,0,0,0,0,1,0,0,0,0,1,0,0
-0.5189700278791175,-0.20149529166707583,0.007011446406886239,0.4290138317928169,0.520566663208012,1,0,0,0,0,0,0,0,0,0,1,0,0
-0.1364722148101901,-0.7406801801655817,-0.7127747457122063,-0.26879704048487024,-0.4029297588625487,0,1,0,0,0,0,0,0,0,0,1,0,0
-0.1364722148101901,-0.20149529166707583,-0.4689364097717263,-0.7888285109100688,-0.770300117560722,0,1,0,0,0,0,0,0,0,0,1,0,0
0.24602559825873724,-0.20149529166707583,-0.21371603301535305,-1.0549815423925557,-1.9760032743601101,0,0,0,1,0,0,0,0,0,0,1,0,0
0.6285234113276646,-0.20149529166707583,0.007011446406886239,-0.5274226480215796,0.6727131354057589,0,0,0,0,0,0,1,0,0,0,1,0,0
0.24602559825873724,0.8768744853299358,0.41273398265938127,0.7579981140103005,1.8862826405993651,0,0,0,0,0,0,0,1,0,0,0,0,1
-0.9014678409480448,-0.7406801801655817,0.007011446406886239,0.05596817273356043,-0.4246771409283379,1,0,0,0,0,0,0,0,0,0,1,0,0
-0.5189700278791175,-0.7406801801655817,0.007011446406886239,1.1007129856987927,0.040443989893963264,1,0,0,0,0,0,0,0,0,0,1,0,0
-0.5189700278791175,-0.20149529166707583,-0.4028330188794238,-1.1623083342784262,-2.0732358978430856,0,1,0,0,0,0,0,0,0,0,1,0,0
1.3935190374655193,-0.20149529166707583,-0.0298522967586176,-1.052618268065998,-1.401095065791533,0,0,0,0,0,1,0,0,0,0,1,0,0
-0.9014678409480448,-0.7406801801655817,-0.30564790114372076,-1.5833102478869312,0.9862079241191652,1,0,0,0,0,0,0,0,0,0,1,0,0
-0.1364722148101901,8.483335059174191e-05,0.007011446406886239,-0.27393598795416807,0.12266417292122328,0,0,0,1,0,0,0,0,0,0,1,0,0
0.6285234113276646,0.33768959683143,0.10147894342476486,0.7348487938007371,-0.02645365607236391,1,0,0,0,0,0,0,0,0,0,1,0,0
0.24602559825873724,0.8768744853299358,0.007011446406886239,0.2905772769947034,1.1070703052281552,0,0,0,1,0,0,0,0,0,0,1,0,0
-0.1364722148101901,-0.20149529166707583,0.32255319773345864,2.0921667072078285,0.42115741914288213,0,0,0,1,0,0,0,0,0,0,1,0,0
-0.5189700278791175,-0.20149529166707583,-0.21984482422391088,0.01720039291713347,-0.703216215486396,0,1,0,0,0,0,0,0,0,0,1,0,0
0.24602559825873724,-0.20149529166707583,0.007011446406886239,0.8797325167569338,0.944210143920287,0,0,0,1,0,0,0,0,0,0,1,0,0
-0.9014678409480448,-0.7406801801655817,-0.6147140863752808,-1.1419289594502826,-0.9265115302447923,1,0,0,0,0,0,0,0,0,0,1,0,0
-0.1364722148101901,-0.7406801801655817,-0.7740626577977848,-0.11950523240565233,1.0772505041806164,1,0,0,0,0,0,0,0,0,0,1,0,0
-0.5189700278791175,-0.7406801801655817,-0.51140017743102,0.2786578056576658,0.6275192796500525,1,0,0,0,0,0,0,0,0,0,1,0,0
-0.1364722148101901,-0.20149529166707583,0.007011446406886239,-0.01940343866714525,1.947601519839179,0,0,0,1,0,0,0,0,0,0,1,0,0
-0.1364722148101901,-0.20149529166707583,-0.3923265196647532,-0.9651427514132448,-0.8489754901907922,0,1,0,0,0,0,0,0,0,0,1,0,0
-0.5189700278791175,-0.7406801801655817,0.007011446406886239,0.08632759891100622,-0.5160565671425441,0,1,0,0,0,0,0,0,0,0,1,0,0
-0.9014678409480448,8.483335059174191e-05,0.007011446406886239,0.8054652177415643,0.8405497032608348,0,1,0,0,0,0,0,0,0,0,1,0,0
-0.9014678409480448,-0.7406801801655817,-0.4794429089863969,1.430392618142271,0.04826476498517243,0,1,0,0,0,0,0,0,0,0,1,0,0
-0.9014678409480448,-0.7406801801655817,-0.5875722967373818,0.34119808611680674,0.2521300010649236,0,1,0,0,0,0,0,0,0,0,1,0,0
1.7760168505344465,1.9552442623269475,1.8963392259309917,-0.2520502118950287,-0.31110252540975564,0,0,0,0,0,1,0,0,0,0,1,0,0
-0.5189700278791175,-0.20149529166707583,0.007011446406886239,0.8724582598621693,-0.36805330262561153,1,0,0,0,0,0,0,0,0,0,1,0,0
-0.5189700278791175,-0.7406801801655817,-0.48119399218884196,0.06171999066573042,0.9471228724188724,1,0,0,0,0,0,0,0,0,0,1,0,0
0.6285234113276646,0.8768744853299358,0.4516955839137847,-0.9278080574826894,-0.21173984537169588,0,0,0,0,0,0,1,0,0,0,1,0,0
-0.1364722148101901,-0.7406801801655817,0.007011446406886239,0.9780999443634352,-0.10644173797469449,1,0,0,0,0,0,0,0,0,0,1,0,0
1.7760168505344465,0.33768959683143,0.20479285236902572,-1.5256912599663568,-0.2135806105248747,0,0,0,0,0,1,0,0,0,0,1,0,0
0.24602559825873724,0.8768744853299358,-0.021096880746392103,1.1192159459138027,-0.17728940044569105,0,1,0,0,0,0,0,0,0,0,1,0,0
-0.1364722148101901,0.8768744853299358,0.08265479899848004,0.11879598681171623,-0.6318117661392434,0,1,0,0,0,0,0,0,0,0,1,0,0
-0.9014678409480448,-0.7406801801655817,-0.6098986075685567,-0.8882040245114203,-0.9360611186795688,0,0,0,0,0,0,0,1,0,0,0,0,1
-0.1364722148101901,0.33768959683143,0.14525602348589234,0.7020951633855728,-0.03886247391079109,1,0,0,0,0,0,0,0,0,0,1,0,0
-0.9014678409480448,-0.7406801801655817,-0.6239072731881176,0.9430953037437162,-0.20042280535806686,0,1,0,0,0,0,0,0,0,0,1,0,0
0.6285234113276646,0.8768744853299358,0.16802010511767865,-1.2890785847904336,-1.8641951196963193,0,0,0,0,0,1,0,0,0,0,1,0,0
-0.5189700278791175,-0.7406801801655817,-0.5551772574921474,2.01991672573444,0.26985306232737455,1,0,0,0,0,0,0,0,0,0,1,0,0
-0.9014678409480448,-0.7406801801655817,-0.51140017743102,0.4698791178099494,-0.22374444782670452,1,0,0,0,0,0,0,0,0,0,1,0,0
-0.5189700278791175,-0.7406801801655817,-0.43960576613077085,-0.08781123783730006,-0.7306166685769453,0,1,0,0,0,0,0,0,0,0,1,0,0
1.011021224396592,0.8768744853299358,0.31423555252184443,-1.2061085252033865,1.7158048026159174,0,0,0,1,0,0,0,0,0,0,1,0,0
-0.5189700278791175,-0.7406801801655817,0.007011446406886239,0.8228547011530771,1.587774533518057,1,0,0,0,0,0,0,0,0,0,1,0,0
-0.5189700278791175,-0.20149529166707583,-0.35818039721707373,0.638600637888104,-0.26762658503393005,1,0,0,0,0,0,0,0,0,0,1,0,0
-0.5189700278791175,-0.20149529166707583,-0.4903871790016788,-1.7207604821831943,-1.576253083852419,0,0,0,1,0,0,0,0,0,0,1,0,0
-0.9014678409480448,-0.7406801801655817,0.007011446406886239,0.22678261680329936,0.7929404624441019,1,0,0,0,0,0,0,0,0,0,1,0,0
-0.1364722148101901,-0.20149529166707583,0.007011446406886239,-0.5317093046043555,0.9306005686190703,0,0,0,0,0,0,0,1,0,0,0,0,1
0.6285234113276646,0.8768744853299358,0.5147345792018083,0.25743301325651946,-0.593834343847459,0,0,0,0,0,0,1,0,0,0,1,0,0
-0.1364722148101901,8.483335059174191e-05,0.007011446406886239,-1.9875996994735965,-2.5980986753303097,0,0,0,0,0,0,0,1,0,0,0,0,1
1.011021224396592,0.8768744853299358,0.007011446406886239,-1.279632360797559,1.9981710439054876,0,0,0,1,0,0,0,0,0,0,1,0,0
-0.5189700278791175,-0.7406801801655817,-0.5245333014493582,0.38247577095004026,0.39384117759062715,0,1,0,0,0,0,0,0,0,0,1,0,0
-0.5189700278791175,-0.20149529166707583,-0.44836118214299636,-0.9440565708363852,-0.9508407390000746,0,0,0,1,0,0,0,0,0,0,1,0,0
-0.1364722148101901,-0.7406801801655817,0.007011446406886239,0.3944158622278789,-0.29407891527643193,1,0,0,0,0,0,0,0,0,0,1,0,0
-0.5189700278791175,-0.20149529166707583,-0.6046453579612215,-0.06819136416211491,0.3106441407198006,0,1,0,0,0,0,0,0,0,0,1,0,0
1.011021224396592,1.9552442623269475,2.8988343593308112,0.6468062287759162,-0.252534886659944,0,0,0,1,0,0,0,0,0,0,1,0,0
-0.1364722148101901,-0.20149529166707583,-0.4391679953301596,-1.584459236810629,-0.314321387617877,0,1,0,0,0,0,0,0,0,0,1,0,0
-0.5189700278791175,-0.20149529166707583,-0.4575543689558331,-0.0388743905476024,-0.48912968011405833,0,1,0,0,0,0,0,0,0,0,1,0,0
-0.1364722148101901,-0.20149529166707583,-0.38182002045008256,0.013082132517606272,0.6373977884459399,0,0,0,0,0,0,1,0,0,0,1,0,0
-0.5189700278791175,-0.20149529166707583,-0.3516138352079046,-1.7388739546274647,-1.6187383002490898,0,0,0,1,0,0,0,0,0,0,1,0,0
0.6285234113276646,1.9552442623269475,0.38384110981903713,0.9495974584106834,1.2462214509917386,0,0,0,1,0,0,0,0,0,0,1,0,0
0.6285234113276646,0.8768744853299358,0.931492381383742,-0.46838661194689474,-0.3295567409687546,0,0,0,0,0,0,1,0,0,0,1,0,0
-0.1364722148101901,0.8768744853299358,0.5392497440360398,0.817445403348806,-0.28536351643211,0,1,0,0,0,0,0,0,0,0,1,0,0
-0.1364722148101901,-0.20149529166707583,-0.3870732700574179,-1.4361480214718598,-1.3044826355195551,0,0,0,1,0,0,0,0,0,0,1,0,0
-0.1364722148101901,8.483335059174191e-05,0.5830268240971672,1.5167432024689684,0.7401873827277745,0,0,0,0,0,1,0,0,0,0,1,0,0
0.6285234113276646,0.33768959683143,-0.7320366609391025,1.7655319526897835,1.0432230983937831,0,0,0,1,0,0,0,0,0,0,1,0,0
-0.1364722148101901,-0.20149529166707583,0.10147894342476486,-1.1872905381150418,0.30924523846126456,0,0,0,1,0,0,0,0,0,0,1,0,0
-0.9014678409480448,-0.7406801801655817,-0.5989543375532749,-0.893812648410101,-0.31152259237688457,1,0,0,0,0,0,0,0,0,0,1,0,0
4.453501542016938,1.9552442623269475,1.2046613609651775,-0.8329391464993241,-0.05922185168173078,0,0,0,0,0,1,0,0,0,0,1,0,0
-0.5189700278791175,-0.7406801801655817,-0.5332887174615837,-1.0693444767149571,-0.9692573070479902,1,0,0,0,0,0,0,0,0,0,1,0,0
10.190968738050849,9.50383270130603,7.105811753205162,-0.9012014605316732,-0.22538706818399606,0,0,0,0,0,1,0,0,0,0,1,0,0
-0.5189700278791175,-0.20149529166707583,0.007011446406886239,0.6826711791479563,-0.2264104860544919,1,0,0,0,0,0,0,0,0,0,1,0,0
-0.5189700278791175,-0.7406801801655817,-0.5551772574921474,-1.2870269006804513,0.09346753725658388,1,0,0,0,0,0,0,0,0,0,1,0,0
-0.5189700278791175,-0.7406801801655817,0.007011446406886239,0.6314157340700624,-0.12332565602680784,1,0,0,0,0,0,0,0,0,0,1,0,0
1.011021224396592,8.483335059174191e-05,0.007011446406886239,-1.022546375507567,0.1972765865129515,0,0,0,0,0,1,0,0,0,0,1,0,0
-0.1364722148101901,-0.7406801801655817,0.007011446406886239,0.09380003634798126,0.47725419228875116,0,0,0,1,0,0,0,0,0,0,1,0,0
0.24602559825873724,0.8768744853299358,0.6355593201705202,-2.0399903868479874,-2.4086296493910986,0,0,0,0,0,1,0,0,0,0,1,0,0
-0.5189700278791175,-0.20149529166707583,-0.02372350555005975,0.601918908749661,-0.38763892496875507,0,1,0,0,0,0,0,0,0,0,1,0,0
0.6285234113276646,0.33768959683143,0.5072924755914167,2.086062059177481,0.8152872325171544,0,0,0,0,0,1,0,0,0,0,1,0,0
-0.5189700278791175,-0.7406801801655817,-0.5464218414799219,0.297344054235324,-0.4019756916706979,1,0,0,0,0,0,0,0,0,0,1,0,0
-0.5189700278791175,-0.7406801801655817,-0.46762309736989244,-0.22238728149593925,-0.5626542787765287,0,0,0,0,0,0,0,1,0,1,0,0,0
0.6285234113276646,1.9552442623269475,0.007011446406886239,0.8239372480453322,-0.14224947475204835,0,0,0,0,0,0,1,0,0,0,1,0,0
-0.9014678409480448,-0.7406801801655817,-0.6427314176144024,0.5121809263697944,0.6388591063151157,1,0,0,0,0,0,0,0,0,0,1,0,0
-0.1364722148101901,-0.20149529166707583,-0.39495314446842084,0.27577101394504017,0.9391297113553934,1,0,0,0,0,0,0,0,0,0,1,0,0
-0.1364722148101901,-0.20149529166707583,-0.30564790114372076,-1.1278455398810154,-2.171879312272345,0,0,0,1,0,0,0,0,0,0,1,0,0
-0.5189700278791175,-0.7406801801655817,0.007011446406886239,-0.032785780249016405,-0.15753337357797748,1,0,0,0,0,0,0,0,0,0,1,0,0
-0.1364722148101901,-0.7406801801655817,0.007011446406886239,0.6865259625261104,-0.07650998511740346,1,0,0,0,0,0,0,0,0,0,1,0,0
-0.9014678409480448,-0.7406801801655817,0.007011446406886239,-0.44227603912746377,-0.3082502310738286,1,0,0,0,0,0,0,0,0,0,1,0,0
-0.1364722148101901,0.8768744853299358,0.013924783302509887,0.7014273064139794,-0.4798961326285841,0,1,0,0,0,0,0,0,0,0,1,0,0
-0.1364722148101901,-0.7406801801655817,0.007011446406886239,1.7510556086929359,0.11262318539283228,1,0,0,0,0,0,0,0,0,0,1,0,0
-0.9014678409480448,-0.7406801801655817,-0.6208428775838387,-1.5541822903964684,-0.31175442178803325,1,0,0,0,0,0,0,0,0,0,1,0,0
-0.1364722148101901,8.483335059174191e-05,0.03493778173185108,0.1797565506948181,-0.48983903848309257,0,0,0,0,0,0,0,1,0,0,1,0,0
-0.5189700278791175,-0.7406801801655817,0.007011446406886239,-0.8490043714903717,-0.7610804402109768,1,0,0,0,0,0,0,0,0,0,1,0,0
1.011021224396592,0.8768744853299358,-0.009714839930498957,-1.2278247595269969,-1.5019071750111619,0,0,0,1,0,0,0,0,0,0,1,0,0
-0.5189700278791175,-0.20149529166707583,-0.6208428775838387,-1.5136033924460706,-0.2248619844751201,0,0,0,1,0,0,0,0,0,0,1,0,0
-0.1364722148101901,-0.7406801801655817,-0.5551772574921474,-1.107434089589431,-0.4416938159936563,1,0,0,0,0,0,0,0,0,0,1,0,0
-0.9014678409480448,-0.7406801801655817,-0.6589289372370196,0.4520531789846937,1.0963704862537629,0,1,0,0,0,0,0,0,0,0,1,0,0
-0.1364722148101901,-0.7406801801655817,-0.675564227660248,0.20610768949034194,0.8359973265767189,1,0,0,0,0,0,0,0,0,0,1,0,0
-0.1364722148101901,-0.7406801801655817,0.007011446406886239,0.7242764919295263,-0.4023412688189719,1,0,0,0,0,0,0,0,0,0,1,0,0
-0.5189700278791175,-0.20149529166707583,-0.5691859231117082,0.6395548829264318,1.6813087843869035,0,1,0,0,0,0,0,0,0,0,1,0,0
-0.1364722148101901,-0.20149529166707583,0.007011446406886239,-0.4533352007120989,-0.20556367208575965,0,0,0,1,0,0,0,0,0,0,1,0,0
0.24602559825873724,-0.20149529166707583,0.09053467340948299,-2.0119667417428606,-2.7904090976416205,0,0,0,0,0,1,0,0,0,0,1,0,0
-0.9014678409480448,-0.7406801801655817,0.007011446406886239,0.5999565777164828,-0.09679505858995582,1,0,0,0,0,0,0,0,0,0,1,0,0
-0.5189700278791175,-0.20149529166707583,-0.38006893724763746,0.07013178096155245,-0.5564156898800936,1,0,0,0,0,0,0,0,0,0,1,0,0
-0.9014678409480448,-0.7406801801655817,0.007011446406886239,0.10280178606123251,-0.4282496915969857,1,0,0,0,0,0,0,0,0,0,1,0,0
-0.9014678409480448,-0.7406801801655817,-0.6974527676908118,-0.2425650391251126,-0.222179103939702,1,0,0,0,0,0,0,0,0,0,1,0,0
4.0710037289480105,1.9552442623269475,1.2847734174770409,1.4495233409994714,0.931737919747159,0,0,0,0,0,1,0,0,0,0,1,0,0
-0.1364722148101901,-0.20149529166707583,-0.423846017308765,1.9254189736855738,0.2435384427179608,1,0,0,0,0,0,0,0,0,0,1,0,0
-0.9014678409480448,-0.7406801801655817,0.007011446406886239,1.5952112416470692,0.7751460690550246,1,0,0,0,0,0,0,0,0,0,1,0,0
-0.5189700278791175,-0.7406801801655817,-0.6037698163599989,1.4409213890273194,0.8469388822021668,0,1,0,0,0,0,0,0,0,0,1,0,0
-0.9014678409480448,-0.20149529166707583,-0.4601809937595008,0.3097939162720299,-0.6200191786157102,0,1,0,0,0,0,0,0,0,0,1,0,0
-0.5189700278791175,-0.7406801801655817,-0.5893233799398269,1.2446103881532204,1.2956070599030294,1,0,0,0,0,0,0,0,0,0,1,0,0
-0.5189700278791175,-0.20149529166707583,-0.4107128932904267,-1.5615768302792794,-0.1649449796657442,0,1,0,0,0,0,0,0,0,0,1,0,0
-0.5189700278791175,-0.20149529166707583,-0.423846017308765,1.9384599406919891,0.21024417267565684,1,0,0,0,0,0,0,0,0,0,1,0,0
-0.5189700278791175,-0.20149529166707583,-0.05349191999162644,0.0527720819089201,-0.6554623289688511,0,0,0,1,0,0,0,0,0,0,1,0,0
-0.5189700278791175,-0.20149529166707583,0.007011446406886239,0.6976469839331485,-0.06957194509170027,1,0,0,0,0,0,0,0,0,0,1,0,0
-0.1364722148101901,-0.7406801801655817,-0.7486719513623309,0.16442218805012856,-0.08530563260405695,0,1,0,0,0,0,0,0,0,0,1,0,0
-0.5189700278791175,-0.7406801801655817,-0.6689976656510789,-0.7558744088481333,-0.5820080717088052,0,1,0,0,0,0,0,0,0,0,1,0,0
0.24602559825873724,0.8768744853299358,0.3116089277181768,-0.22874395102493802,-0.5592501511843289,0,0,0,0,0,1,0,0,0,0,1,0,0
0.6285234113276646,0.33768959683143,0.5392497440360398,-0.6414577939824271,-0.33348694299403236,0,0,0,0,0,1,0,0,0,0,1,0,0
-0.1364722148101901,8.483335059174191e-05,-0.2408578226532521,-1.5547103899914947,-2.1645439919309473,0,0,0,0,0,0,1,0,0,0,1,0,0
-0.5189700278791175,-0.7406801801655817,0.007011446406886239,1.271796634551306,0.18706024084024814,1,0,0,0,0,0,0,0,0,0,1,0,0
-0.5189700278791175,-0.20149529166707583,0.007011446406886239,0.6092687720941105,-0.28437675534891804,1,0,0,0,0,0,0,0,0,0,1,0,0
-0.1364722148101901,0.33768959683143,-0.06837612721240979,0.5181630003075346,-0.23789693986834828,0,1,0,0,0,0,0,0,0,0,1,0,0
-0.1364722148101901,-0.7406801801655817,-0.46762309736989244,0.5334824707728246,-0.5443486718143045,0,0,0,0,0,0,0,1,0,0,1,0,0
-0.5189700278791175,-0.7406801801655817,0.007011446406886239,2.0222948922404784,0.2979727810268651,1,0,0,0,0,0,0,0,0,0,1,0,0
-0.1364722148101901,-0.7406801801655817,0.007011446406886239,-0.5785371901707075,0.8677133733203524,1,0,0,0,0,0,0,0,0,0,1,0,0
-0.9014678409480448,-0.7406801801655817,-0.6024565039581651,-0.5245438751748346,0.9130915037360762,1,0,0,0,0,0,0,0,0,0,1,0,0
-0.5189700278791175,-0.20149529166707583,0.007011446406886239,-0.28826799236540884,0.016188094713147992,0,1,0,0,0,0,0,0,0,0,1,0,0
-0.1364722148101901,8.483335059174191e-05,0.007011446406886239,-0.5743375955602567,-0.3846013652487495,0,0,0,1,0,0,0,0,0,0,1,0,0
-0.5189700278791175,-0.20149529166707583,-0.15768137053710987,-2.0100548150093642,-1.995761282675805,0,0,0,1,0,0,0,0,0,0,1,0,0
-0.5189700278791175,-0.20149529166707583,-0.5319754050597498,-1.0364465067141047,-2.160631622937361,0,0,0,1,0,0,0,0,0,0,1,0,0
-0.1364722148101901,0.8768744853299358,0.23281018360814731,-1.4643767204327973,0.16497006827775978,0,0,0,0,0,1,0,0,0,0,1,0,0
-0.9014678409480448,-0.7406801801655817,0.007011446406886239,0.2285032363081858,0.7904032183335568,1,0,0,0,0,0,0,0,0,0,1,0,0
-0.1364722148101901,-0.7406801801655817,0.007011446406886239,0.6182544840756818,-0.17398137307939227,1,0,0,0,0,0,0,0,0,0,1,0,0
-0.1364722148101901,-0.20149529166707583,-0.11740645688087258,-1.0429761546354732,-0.6846252800182292,0,0,0,1,0,0,0,0,0,0,1,0,0
-0.5189700278791175,-0.20149529166707583,0.007011446406886239,0.8034467546473033,-0.12756199176162164,1,0,0,0,0,0,0,0,0,0,1,0,0
-0.5189700278791175,-0.20149529166707583,-0.42822372531487773,0.8561673610745912,1.5318432112767342,0,1,0,0,0,0,0,0,0,0,1,0,0
-0.1364722148101901,-0.20149529166707583,-0.27763056990459917,1.7860407749240528,1.0006606055266825,0,0,0,1,0,0,0,0,0,0,1,0,0
-0.1364722148101901,-0.20149529166707583,-0.24611107226058737,0.1847683418624692,2.088331879625494,0,0,0,0,0,0,0,1,0,0,0,0,1
-0.5189700278791175,-0.20149529166707583,-0.2316646358404153,0.5308373905884907,-0.42104217464890964,0,1,0,0,0,0,0,0,0,0,1,0,0
-0.9014678409480448,-0.7406801801655817,0.007011446406886239,0.5089687978133928,-0.20395572706764983,1,0,0,0,0,0,0,0,0,0,1,0,0
-0.1364722148101901,8.483335059174191e-05,-0.2767550283033766,-0.8195086917221693,-1.5105443066611337,0,0,0,1,0,0,0,0,0,0,1,0,0
-0.9014678409480448,-0.7406801801655817,-0.6208428775838387,-1.5421093150555816,-0.291871582250918,1,0,0,0,0,0,0,0,0,0,1,0,0
-0.5189700278791175,-0.7406801801655817,0.007011446406886239,-0.38803643039425934,-0.36583804380817203,0,1,0,0,0,0,0,0,0,0,1,0,0
1.011021224396592,8.483335059174191e-05,0.007011446406886239,1.5882543027302,0.26476470397069607,0,0,0,0,0,1,0,0,0,0,1,0,0
-0.1364722148101901,-0.7406801801655817,0.007011446406886239,-1.3075494695419212,0.07298332826422396,0,1,0,0,0,0,0,0,0,0,1,0,0
-0.1364722148101901,-0.20149529166707583,-0.3905754364623081,1.9116196510784804,0.42123964923319507,0,0,0,1,0,0,0,0,0,0,1,0,0
1.3935190374655193,0.8768744853299358,0.6342460077686863,1.3808062427172205,0.8206440770722855,0,0,0,0,0,0,0,1,0,0,0,0,1
0.6285234113276646,-0.20149529166707583,0.007011446406886239,-0.6152716147133924,0.06315831856327123,0,0,0,0,0,1,0,0,0,0,1,0,0
-0.1364722148101901,-0.20149529166707583,-0.5000181366151268,0.21193511387203412,0.7995010366337835,1,0,0,0,0,0,0,0,0,0,1,0,0
-0.1364722148101901,0.8768744853299358,0.15182258549506147,0.5028400931854852,-0.23967826158292987,0,1,0,0,0,0,0,0,0,0,1,0,0
-0.1364722148101901,-0.20149529166707583,-0.38838658245925173,0.19421685695990448,-0.38671953311622675,0,1,0,0,0,0,0,0,0,0,1,0,0
-0.5189700278791175,-0.20149529166707583,-0.51140017743102,0.7636285034020623,-0.10437409703025011,0,1,0,0,0,0,0,0,0,0,1,0,0
-0.9014678409480448,-0.7406801801655817,0.007011446406886239,0.3886090577869877,-0.37266314130034334,1,0,0,0,0,0,0,0,0,0,1,0,0
1.7760168505344465,8.483335059174191e-05,0.3588881741841945,0.049940276705178484,1.6490309971470902,0,0,0,0,0,1,0,0,0,0,1,0,0
0.24602559825873724,-0.20149529166707583,0.007011446406886239,-0.3165826077463097,0.6715757842776702,0,0,0,1,0,0,0,0,0,0,1,0,0
-0.5189700278791175,-0.7406801801655817,-0.5332887174615837,2.238437693959255,0.3610501953295446,1,0,0,0,0,0,0,0,0,0,1,0,0
-0.1364722148101901,0.33768959683143,0.007011446406886239,0.6454258382942866,-0.16988671087362944,1,0,0,0,0,0,0,0,0,0,1,0,0
-0.9014678409480448,-0.7406801801655817,-0.6992038508932569,0.346282047077302,0.29687505885798193,0,1,0,0,0,0,0,0,0,0,1,0,0
-0.1364722148101901,-0.20149529166707583,-0.14936372532549563,-0.449805754177802,-0.2033236451690454,0,1,0,0,0,0,0,0,0,0,1,0,0
0.24602559825873724,-0.20149529166707583,0.007011446406886239,0.9100564308140977,1.4532550223568599,0,1,0,0,0,0,0,0,0,0,1,0,0
-0.9014678409480448,-0.20149529166707583,-0.29514140192905014,-0.12442423383973969,-0.48462485818093276,0,1,0,0,0,0,0,0,0,0,1,0,0
0.6285234113276646,1.9552442623269475,0.007011446406886239,-0.3884728858079208,-0.34276606378237484,0,0,0,0,0,0,1,0,0,0,1,0,0
-0.5189700278791175,-0.20149529166707583,-0.26537298748748345,0.8097129255472174,-0.367044745614765,0,1,0,0,0,0,0,0,0,0,1,0,0
-0.5189700278791175,-0.20149529166707583,-0.36693581322929925,-2.4041820724363587,-2.950291142668362,0,0,0,1,0,0,0,0,0,0,1,0,0
-0.1364722148101901,-0.20149529166707583,0.007011446406886239,-0.051870681015574974,-0.6108896571480628,1,0,0,0,0,0,0,0,0,0,1,0,0
-0.1364722148101901,-0.20149529166707583,-0.19576743019029078,-0.07368199617739107,-0.7100393315305858,0,1,0,0,0,0,0,0,0,0,1,0,0
0.24602559825873724,-0.20149529166707583,-0.22028259502452216,2.19215623682417,0.9282456177207019,0,0,0,1,0,0,0,0,0,0,1,0,0
-0.1364722148101901,8.483335059174191e-05,0.007011446406886239,-1.5303009622884296,-0.21793187024120173,0,0,0,0,1,0,0,0,0,0,1,0,0
-0.1364722148101901,-0.7406801801655817,0.007011446406886239,0.7282859248637286,-0.4335005286863087,1,0,0,0,0,0,0,0,0,0,1,0,0
-0.1364722148101901,-0.7406801801655817,0.007011446406886239,0.6897048700667907,-0.35867312799120327,1,0,0,0,0,0,0,0,0,0,1,0,0
1.3935190374655193,1.9552442623269475,3.9757505288345474,-1.203747541981308,-1.168194682055585,0,0,0,1,0,0,0,0,0,0,1,0,0
-0.9014678409480448,-0.20149529166707583,0.007011446406886239,0.7882693326631409,-0.3022662582399762,1,0,0,0,0,0,0,0,0,0,1,0,0
-0.5189700278791175,-0.20149529166707583,0.007011446406886239,0.6632426127013813,-0.38323713832953593,1,0,0,0,0,0,0,0,0,0,1,0,0
-0.5189700278791175,-0.20149529166707583,-0.16118353694200005,0.5238369206854591,-0.22702374419748422,1,0,0,0,0,0,0,0,0,0,1,0,0
-0.5189700278791175,-0.20149529166707583,-0.46280761856316843,0.08022638753749985,-0.1886837169294683,0,1,0,0,0,0,0,0,0,0,1,0,0
-0.9014678409480448,-0.7406801801655817,-0.6427314176144024,-1.4917748940002942,-0.09940660699888829,1,0,0,0,0,0,0,0,0,0,1,0,0
1.3935190374655193,0.8768744853299358,0.6408125697778555,1.1935267759153347,-0.018048353833399953,0,0,0,1,0,0,0,0,0,0,1,0,0
-0.9014678409480448,-0.7406801801655817,-0.6370403972064558,0.4099598609375005,-0.40341422288829876,0,1,0,0,0,0,0,0,0,0,1,0,0
2.541012476672301,0.8768744853299358,0.3457550501658562,-1.4619240930294355,-0.08981738960504702,0,0,0,1,0,0,0,0,0,0,1,0,0
-0.1364722148101901,-0.7406801801655817,0.007011446406886239,-0.10315476490015052,1.3833000021909947,1,0,0,0,0,0,0,0,0,0,1,0,0
-0.5189700278791175,-0.20149529166707583,0.007011446406886239,0.9348816939901048,-0.3313796730903824,0,1,0,0,0,0,0,0,0,0,1,0,0
-0.9014678409480448,-0.7406801801655817,-0.5972032543508298,-1.2424752274684132,-0.365531910098636,0,1,0,0,0,0,0,0,0,0,1,0,0
-0.5189700278791175,-0.7406801801655817,-0.46762309736989244,-1.2262026575170757,-0.17010070725308632,1,0,0,0,0,0,0,0,0,0,1,0,0
-0.9014678409480448,-0.7406801801655817,-0.705770412902426,-0.3078374617408311,0.28978642878738187,0,1,0,0,0,0,0,0,0,0,1,0,0
-0.9014678409480448,-0.7406801801655817,-0.6646199576449662,-0.951042148559936,-0.8238111011211352,1,0,0,0,0,0,0,0,0,0,1,0,0
-0.9014678409480448,-0.7406801801655817,0.007011446406886239,2.095848512193613,0.3280977250600195,1,0,0,0,0,0,0,0,0,0,1,0,0
-0.1364722148101901,0.8768744853299358,1.3141040611179962,-0.9622021187440968,-0.7717911571493372,0,0,0,0,0,1,0,0,0,0,1,0,0
0.24602559825873724,-0.20149529166707583,0.07521269538808836,0.6324054912286722,1.9553440277360379,0,0,0,1,0,0,0,0,0,0,1,0,0
1.011021224396592,0.8768744853299358,0.4867172479626867,-1.1161677800722696,-0.5145793976896579,0,0,0,0,0,1,0,0,0,0,1,0,0
-0.9014678409480448,-0.7406801801655817,-0.6107741491697793,0.49957641477704046,-0.37146733745757765,0,1,0,0,0,0,0,0,0,0,1,0,0
-0.1364722148101901,-0.20149529166707583,-0.376129000042136,-1.104546152324525,-0.19467066193536317,0,0,0,1,0,0,0,0,0,0,1,0,0
0.6285234113276646,1.4160593738284417,0.4228027110734406,-1.437846875483665,1.4708304657464566,0,0,0,0,0,0,1,0,0,0,1,0,0
-0.5189700278791175,-0.20149529166707583,0.007011446406886239,-0.017008088876983688,1.8706123594215684,0,0,0,1,0,0,0,0,0,0,1,0,0
-0.5189700278791175,-0.7406801801655817,-0.5551772574921474,-1.6067150262519871,-1.7650612968975066,0,0,0,0,0,0,0,1,0,1,0,0,0
-0.1364722148101901,0.33768959683143,0.007011446406886239,0.6749707768098901,-0.36558739064155205,1,0,0,0,0,0,0,0,0,0,1,0,0
-0.1364722148101901,0.8768744853299358,0.006920450492729489,0.8127486390544897,-0.136676652369479,0,1,0,0,0,0,0,0,0,0,1,0,0
0.24602559825873724,-0.20149529166707583,0.007011446406886239,0.010740623684129827,-0.38749626071578386,1,0,0,0,0,0,0,0,0,0,1,0,0
-0.5189700278791175,-0.20149529166707583,-0.458867681357667,-1.1840612262745986,-0.1335786584868151,0,0,0,1,0,0,0,0,0,0,1,0,0
-0.5189700278791175,-0.20149529166707583,-0.4724385761766165,1.0676718216646137,0.8722835830360194,0,0,0,1,0,0,0,0,0,0,1,0,0
-0.9014678409480448,-0.7406801801655817,-0.6295982935960641,0.3907031273308524,0.4846152714536258,1,0,0,0,0,0,0,0,0,0,1,0,0
-0.5189700278791175,-0.20149529166707583,-0.423846017308765,1.5092260884935507,1.143714213043945,1,0,0,0,0,0,0,0,0,0,1,0,0
-0.9014678409480448,-0.7406801801655817,-0.5989543375532749,-0.6471236954945522,-0.1341740835982564,1,0,0,0,0,0,0,0,0,0,1,0,0
-0.1364722148101901,8.483335059174191e-05,0.47270858234312596,-0.562214215919607,0.06498521358072103,0,0,0,0,0,0,0,1,0,1,0,0,0
-0.5189700278791175,-0.20149529166707583,-0.5245333014493582,0.2731339526266683,0.6093890308321406,0,1,0,0,0,0,0,0,0,0,1,0,0
1.011021224396592,2.4944291508254537,2.582763841289471,0.8400574595451009,-0.27121994090617135,0,0,0,0,0,0,1,0,0,0,1,0,0
-0.1364722148101901,-0.7406801801655817,-0.3625581052231865,-0.3179137394804567,1.4066117374197253,0,0,0,1,0,0,0,0,0,0,1,0,0
-0.5189700278791175,-0.20149529166707583,-0.423846017308765,0.7722522208672957,1.6574511602457034,1,0,0,0,0,0,0,0,0,0,1,0,0
-0.5189700278791175,-0.20149529166707583,-0.16118353694200005,0.0900907381077142,-0.6788077488128432,1,0,0,0,0,0,0,0,0,0,1,0,0
1.011021224396592,0.8768744853299358,-0.07362937681974509,-0.8781850243850765,-0.6648999655938753,0,0,0,0,0,1,0,0,0,0,1,0,0
-0.1364722148101901,-0.7406801801655817,-0.7302855777366574,0.4435623455824272,0.6402461198859041,1,0,0,0,0,0,0,0,0,0,1,0,0
-0.1364722148101901,-0.20149529166707583,-0.4308503501185454,0.8331589437938752,0.9866478055659674,0,0,0,0,0,0,1,0,0,0,1,0,0
-0.9014678409480448,-0.7406801801655817,0.007011446406886239,0.8558855552168965,-0.3460503137731784,1,0,0,0,0,0,0,0,0,0,1,0,0
-0.9014678409480448,-0.7406801801655817,0.007011446406886239,0.6273089291932565,1.9234318176444984,1,0,0,0,0,0,0,0,0,0,1,0,0
-0.1364722148101901,-0.7406801801655817,-0.7083970377060936,0.21193511387203412,0.7995010366337835,1,0,0,0,0,0,0,0,0,0,1,0,0
1.3935190374655193,0.8768744853299358,0.2152993515836963,0.9365725291360293,0.07931702666278073,0,0,0,0,0,1,0,0,0,0,1,0,0
-0.5189700278791175,-0.20149529166707583,0.007011446406886239,0.3894246910010288,-0.5946913200894884,1,0,0,0,0,0,0,0,0,0,1,0,0
1.011021224396592,0.33768959683143,0.007011446406886239,0.4547818844845118,0.8634255199387262,0,0,0,0,0,1,0,0,0,0,1,0,0
0.24602559825873724,-0.7406801801655817,0.007011446406886239,-0.8839494433920855,-0.06888933627006295,0,0,0,1,0,0,0,0,0,0,1,0,0
0.24602559825873724,0.8768744853299358,0.007011446406886239,-0.6881562321426532,-0.3487797583356666,0,0,0,0,0,1,0,0,0,0,1,0,0
1.011021224396592,-0.20149529166707583,0.007011446406886239,0.34352126611404277,-0.08620421925313254,0,0,0,0,0,1,0,0,0,0,1,0,0
-0.5189700278791175,-0.7406801801655817,-0.5201555934432455,0.8632972783837489,-0.35821838568475184,1,0,0,0,0,0,0,0,0,0,1,0,0
0.6285234113276646,0.8768744853299358,0.23456126681059242,-1.2273275898432128,-2.009635381279371,0,0,0,1,0,0,0,0,0,0,1,0,0
1.011021224396592,0.8768744853299358,0.007011446406886239,0.6475863498696753,0.4533539670164437,0,0,0,0,0,1,0,0,0,0,1,0,0
-0.5189700278791175,-0.7406801801655817,-0.5726880895165984,-1.083383219745863,-1.518640503018519,0,1,0,0,0,0,0,0,0,0,1,0,0
-0.1364722148101901,-0.20149529166707583,-0.12178416488698532,1.3219947348868673,0.8522511441782091,0,0,0,1,0,0,0,0,0,0,1,0,0
-0.1364722148101901,0.33768959683143,0.007011446406886239,0.8071938561123314,-0.39248851884656116,1,0,0,0,0,0,0,0,0,0,1,0,0
-0.1364722148101901,-0.20149529166707583,-0.40983735168920415,-1.8455924582595842,-2.5530048826966083,0,0,0,1,0,0,0,0,0,0,1,0,0
-0.9014678409480448,-0.7406801801655817,-0.5989543375532749,0.9161049467832806,-0.29203604243154385,1,0,0,0,0,0,0,0,0,0,1,0,0
-0.5189700278791175,-0.7406801801655817,-0.5770657975227111,-1.25635015652511,-0.18273541015885875,1,0,0,0,0,0,0,0,0,0,1,0,0
-0.5189700278791175,-0.20149529166707583,0.007011446406886239,0.423166933022604,-0.5503336353722179,0,1,0,0,0,0,0,0,0,0,1,0,0
-0.1364722148101901,0.8768744853299358,-0.06662504400996469,-0.902062915836356,-1.3873418355134248,0,0,0,0,0,1,0,0,0,0,1,0,0
3.306008102810156,0.33768959683143,0.2244925383965331,-0.016054989390936046,1.3970502602973423,0,0,0,0,0,1,0,0,0,0,1,0,0
-0.1364722148101901,0.33768959683143,-0.3117766923522786,-1.3351549880697082,-1.910743295131473,0,0,0,1,0,0,0,0,0,0,1,0,0
-0.5189700278791175,-0.7406801801655817,0.007011446406886239,1.5952112416470692,0.7751460690550246,1,0,0,0,0,0,0,0,0,0,1,0,0
1.011021224396592,0.8768744853299358,0.007011446406886239,-0.3873078591524619,0.498975815530923,0,0,0,0,0,1,0,0,0,0,1,0,0
-0.9014678409480448,-0.7406801801655817,-0.6646199576449662,1.8927787529447742,0.2411864639914942,1,0,0,0,0,0,0,0,0,0,1,0,0
-0.1364722148101901,0.33768959683143,0.007011446406886239,-1.4552787443291415,-0.46727331841055925,0,0,0,1,0,0,0,0,0,0,1,0,0
-0.5189700278791175,-0.20149529166707583,-0.5105246358297973,-0.35743414713624155,-0.01613130293385242,0,1,0,0,0,0,0,0,0,0,1,0,0
-0.9014678409480448,-0.20149529166707583,-0.4457345573393287,0.5448956080079173,-0.17944026220436868,0,0,0,0,0,0,0,1,0,0,0,0,1
1.011021224396592,0.33768959683143,0.5812757408947221,-0.8395363820044157,0.3419767772834683,0,0,0,0,0,1,0,0,0,0,1,0,0
-0.1364722148101901,-0.20149529166707583,0.013924783302509887,0.024255849328967766,-0.6807158831965449,1,0,0,0,0,0,0,0,0,0,1,0,0
0.24602559825873724,0.33768959683143,-0.017594714341501904,-0.36469580295616705,0.17913543973121224,0,0,0,0,0,0,1,0,0,0,1,0,0
-0.5189700278791175,-0.20149529166707583,0.007011446406886239,1.9670620896919049,0.2721277645835521,1,0,0,0,0,0,0,0,0,0,1,0,0
-0.5189700278791175,-0.20149529166707583,0.007011446406886239,0.4829739257728871,1.1583125308763351,1,0,0,0,0,0,0,0,0,0,1,0,0
-0.9014678409480448,-0.7406801801655817,0.007011446406886239,0.027921616583072288,1.0939521290206937,1,0,0,0,0,0,0,0,0,0,1,0,0
-0.1364722148101901,-0.7406801801655817,0.007011446406886239,0.19206207314583576,0.6803367564250011,0,0,0,0,0,0,0,1,0,0,0,0,1
-0.5189700278791175,-0.7406801801655817,-0.5770657975227111,1.271796634551306,0.18706024084024814,1,0,0,0,0,0,0,0,0,0,1,0,0
1.7760168505344465,0.33768959683143,0.9892781270644303,1.8475878615678243,0.724257531867512,0,0,0,0,0,1,0,0,0,0,1,0,0
-0.1364722148101901,0.8768744853299358,0.33174638454629546,0.3143807075486596,-0.39602144055614413,0,1,0,0,0,0,0,0,0,0,1,0,0
1.011021224396592,8.483335059174191e-05,0.6850274206395942,-0.9623292750456621,-1.7983922237271144,0,0,0,0,0,1,0,0,0,0,1,0,0
-0.9014678409480448,-0.7406801801655817,-0.5332887174615837,0.42030878011665995,0.5285954903347339,1,0,0,0,0,0,0,0,0,0,1,0,0
-0.1364722148101901,-0.20149529166707583,-0.266248529088706,0.7076224530733298,1.6443121788345076,0,0,0,1,0,0,0,0,0,0,1,0,0
-0.5189700278791175,-0.7406801801655817,0.007011446406886239,0.7833308568405328,-0.04717266664763342,1,0,0,0,0,0,0,0,0,0,1,0,0
-0.1364722148101901,8.483335059174191e-05,-0.07275383521852254,-0.5232516922178103,0.6126376147597014,0,0,0,1,0,0,0,0,0,0,1,0,0
-0.1364722148101901,-0.20149529166707583,0.007011446406886239,0.3086987683048546,0.3936182646953244,0,1,0,0,0,0,0,0,0,0,1,0,0
-0.1364722148101901,-0.20149529166707583,-0.46324538936377974,-1.958762712258908,-2.1113708452474906,0,0,0,1,0,0,0,0,0,0,1,0,0
-0.5189700278791175,-0.20149529166707583,-0.46762309736989244,-1.1086243183947306,-0.9562421661342944,1,0,0,0,0,0,0,0,0,0,1,0,0
-0.1364722148101901,-0.7406801801655817,-0.6646199576449662,0.4526007529683221,1.1573257697931432,1,0,0,0,0,0,0,0,0,0,1,0,0
-0.5189700278791175,-0.7406801801655817,-0.6427314176144024,1.2446332991985007,1.2949482284568872,1,0,0,0,0,0,0,0,0,0,1,0,0
-0.1364722148101901,0.8768744853299358,0.9222991945709053,0.7919820675601674,-0.11586352301614898,0,0,0,0,0,0,1,0,0,0,1,0,0
1.011021224396592,0.33768959683143,0.18903310354701983,-1.5548054708297003,0.9597090298495933,0,0,0,0,0,1,0,0,0,0,1,0,0
-0.9014678409480448,-0.7406801801655817,0.007011446406886239,0.9105009050936397,-0.32819548622144273,1,0,0,0,0,0,0,0,0,0,1,0,0
-0.1364722148101901,-0.7406801801655817,0.007011446406886239,-0.6438015939205455,0.6302734923120971,0,1,0,0,0,0,0,0,0,0,1,0,0
-0.9014678409480448,-0.7406801801655817,0.007011446406886239,0.43462703790061863,0.5666353282371579,1,0,0,0,0,0,0,0,0,0,1,0,0
-0.5189700278791175,-0.7406801801655817,0.007011446406886239,1.5586749976465133,0.028784159383635138,1,0,0,0,0,0,0,0,0,0,1,0,0
-0.5189700278791175,-0.20149529166707583,0.1999773735623017,0.5459311872571688,-0.29657851187575285,0,1,0,0,0,0,0,0,0,0,1,0,0
-0.1364722148101901,-0.20149529166707583,0.007011446406886239,-0.047420210458671515,1.5015617328548796,0,0,0,1,0,0,0,0,0,0,1,0,0
-0.9014678409480448,-0.20149529166707583,-0.4181549969008184,0.48830990823211523,2.186163891115733,1,0,0,0,0,0,0,0,0,0,1,0,0
-0.5189700278791175,-0.7406801801655817,-0.38006893724763746,-1.5883690066975857,-0.24901088146620692,1,0,0,0,0,0,0,0,0,0,1,0,0
-0.9014678409480448,-0.7406801801655817,0.007011446406886239,0.2355953503925823,-0.4138098896012773,0,1,0,0,0,0,0,0,0,0,1,0,0
-0.9014678409480448,-0.20149529166707583,-0.4790051381857856,0.48830990823211523,2.186163891115733,1,0,0,0,0,0,0,0,0,0,1,0,0
0.24602559825873724,-0.20149529166707583,0.007011446406886239,0.7933532936236362,-0.12621262570205738,1,0,0,0,0,0,0,0,0,0,1,0,0
-0.1364722148101901,-0.7406801801655817,-0.47637851338211795,-1.4333700572246406,0.20819733693480597,0,0,0,1,0,0,0,0,0,0,1,0,0
0.6285234113276646,0.33768959683143,0.007011446406886239,0.3405749056835748,0.44971305639307124,0,0,0,0,0,1,0,0,0,0,1,0,0
0.24602559825873724,0.33768959683143,0.007011446406886239,0.11204982951197803,1.3114764766006335,0,0,0,0,0,1,0,0,0,0,1,0,0
-0.5189700278791175,-0.20149529166707583,-0.36868689643174435,0.26278732455198794,-0.3770956403829222,0,1,0,0,0,0,0,0,0,0,1,0,0
-0.1364722148101901,-0.20149529166707583,-0.4041463312812576,1.9736112120017941,0.3387688130391743,0,1,0,0,0,0,0,0,0,0,1,0,0
0.24602559825873724,0.33768959683143,0.227556934000812,0.6840160575093039,1.6083399818766688,0,0,0,1,0,0,0,0,0,0,1,0,0
-0.5189700278791175,-0.20149529166707583,-0.5845079011331028,0.8418582677087121,1.6088918151330824,0,1,0,0,0,0,0,0,0,0,1,0,0
0.6285234113276646,0.33768959683143,0.33787517575485326,-0.629877406116366,-0.14077131457524186,0,0,0,0,0,0,1,0,0,0,1,0,0
-0.1364722148101901,-0.20149529166707583,-0.4304125793179341,1.0781879914747416,0.8683801305582792,0,1,0,0,0,0,0,0,0,0,1,0,0
-0.1364722148101901,0.8768744853299358,0.13299844106877665,1.1596619598012339,-0.11347488750237851,0,1,0,0,0,0,0,0,0,0,1,0,0
-0.1364722148101901,-0.20149529166707583,0.10585665143087761,2.09298348597415,0.9331784324127412,0,0,0,1,0,0,0,0,0,0,1,0,0
-0.9014678409480448,-0.7406801801655817,-0.6028942747587764,0.7631966301974407,-0.448593217784215,0,1,0,0,0,0,0,0,0,0,1,0,0
-0.1364722148101901,-0.20149529166707583,-0.16993895295422556,-1.1695516612620298,-0.8962488755785498,0,0,0,1,0,0,0,0,0,0,1,0,0
0.24602559825873724,-0.20149529166707583,-0.17869436896645105,0.24380208683267482,-0.11660161238056153,0,0,0,0,0,1,0,0,0,0,1,0,0
-0.5189700278791175,-0.20149529166707583,0.007011446406886239,0.6621176803752441,-0.2254544374146597,1,0,0,0,0,0,0,0,0,0,1,0,0
-0.1364722148101901,-0.20149529166707583,0.007011446406886239,-1.2143049516730378,-1.5611187843473255,0,0,0,1,0,0,0,0,0,0,1,0,0
-0.1364722148101901,-0.20149529166707583,0.007011446406886239,0.3453392575616141,0.33008016374224924,0,0,0,1,0,0,0,0,0,0,1,0,0
-0.9014678409480448,-0.7406801801655817,0.007011446406886239,-0.0949663572963798,1.393201297638457,1,0,0,0,0,0,0,0,0,0,1,0,0
0.24602559825873724,1.9552442623269475,2.3341100265422665,0.11349666202505031,-0.5973484418014299,1,0,0,0,0,0,0,0,0,0,1,0,0
-0.1364722148101901,-0.20149529166707583,-0.16118353694200005,0.6866290622301153,-0.13156352591324424,1,0,0,0,0,0,0,0,0,0,1,0,0
-0.1364722148101901,0.33768959683143,-0.2596819670795369,-1.2900946896511645,-1.8640811864387263,0,0,0,0,0,1,0,0,0,0,1,0,0
-0.1364722148101901,-0.20149529166707583,-0.2268491570336913,1.0572346949608489,0.8309168940118251,0,0,0,1,0,0,0,0,0,0,1,0,0
1.3935190374655193,-0.20149529166707583,0.007011446406886239,-0.195207908411454,0.9844632591920284,0,0,0,0,0,0,0,1,0,0,0,0,1
0.6285234113276646,0.8768744853299358,0.8478781584669886,0.7745123954899299,-0.384622170452343,0,1,0,0,0,0,0,0,0,0,1,0,0
-0.1364722148101901,-0.20149529166707583,0.007011446406886239,1.1045001814931426,0.035440833799358626,1,0,0,0,0,0,0,0,0,0,1,0,0
-0.9014678409480448,-0.7406801801655817,0.007011446406886239,0.8645539492204912,-0.3604930879409294,1,0,0,0,0,0,0,0,0,0,1,0,0
0.24602559825873724,-0.20149529166707583,0.007011446406886239,-0.4158000351348538,1.9034261283340852,0,0,0,1,0,0,0,0,0,0,1,0,0
0.24602559825873724,-0.20149529166707583,0.013924783302509887,-1.1358850256901396,-1.5628238203153977,0,0,0,1,0,0,0,0,0,0,1,0,0
-0.1364722148101901,-0.20149529166707583,-0.23429126064408295,-1.4063980291004454,-1.3695949968754786,0,0,0,1,0,0,0,0,0,0,1,0,0
0.24602559825873724,-0.20149529166707583,0.006482679692118214,0.3088568545176621,-0.5608580962024386,0,1,0,0,0,0,0,0,0,0,1,0,0
1.3935190374655193,1.4160593738284417,0.1093588178357678,-0.27448699859455594,0.33028326215801956,0,0,0,1,0,0,0,0,0,0,1,0,0
-0.9014678409480448,-0.7406801801655817,0.007011446406886239,0.06179445156305372,0.9108445417513567,1,0,0,0,0,0,0,0,0,0,1,0,0
0.24602559825873724,-0.20149529166707583,0.008671533695174588,-0.7943832938523084,-1.3873418355134248,0,0,0,1,0,0,0,0,0,0,1,0,0
0.6285234113276646,0.33768959683143,0.007011446406886239,1.327097024683603,0.6444824556205772,0,0,0,0,0,1,0,0,0,0,1,0,0
0.24602559825873724,0.8768744853299358,0.6723320674218672,-0.06712370944934089,-0.597472282298789,0,1,0,0,0,0,0,0,0,0,1,0,0
-0.9014678409480448,-0.7406801801655817,-0.6116496907710018,0.22527277891554384,1.2538847009703273,0,1,0,0,0,0,0,0,0,0,1,0,0
-0.1364722148101901,-0.20149529166707583,-0.40195747727820125,-1.1140794382897248,-1.9041926281815575,0,0,0,0,0,0,0,1,0,0,0,0,1
-0.5189700278791175,-0.20149529166707583,-0.49607819940962533,0.5775220821215161,-0.20582621394026804,0,1,0,0,0,0,0,0,0,0,1,0,0
-0.1364722148101901,-0.20149529166707583,-0.24873769706425503,-1.9357829337848735,-2.152793014814601,0,0,0,1,0,0,0,0,0,0,1,0,0
0.24602559825873724,-0.20149529166707583,-0.12441078969065297,-1.8813863843911418,-1.9541449312087704,0,0,0,1,0,0,0,0,0,0,1,0,0
2.158514663603374,4.651168704819477,1.7956519417903987,-0.2376655120796273,0.1872663114277794,0,0,0,0,0,1,0,0,0,0,1,0,0
1.011021224396592,7.886278035810512,4.624964626141068,1.6390572546626712,0.3979487192080579,0,0,0,0,0,1,0,0,0,0,1,0,0
-0.9014678409480448,-0.7406801801655817,0.007011446406886239,0.07412173950715262,1.004039965019467,1,0,0,0,0,0,0,0,0,0,1,0,0
0.24602559825873724,0.33768959683143,0.007011446406886239,0.884912704107915,-0.3268817862251213,1,0,0,0,0,0,0,0,0,0,1,0,0
-0.9014678409480448,-0.7406801801655817,0.007011446406886239,0.4207853298596431,0.5657416952079655,1,0,0,0,0,0,0,0,0,0,1,0,0
-0.1364722148101901,-0.20149529166707583,-0.6164651695777259,0.291038934558287,0.8872791811839635,0,0,0,1,0,0,0,0,0,0,1,0,0
-0.1364722148101901,-0.20149529166707583,0.007011446406886239,0.16471774053494262,0.6797492571054854,0,0,0,1,0,0,0,0,0,0,1,0,0
-0.5189700278791175,-0.20149529166707583,-0.5989543375532749,-1.2646382271761263,-0.33490565973210085,0,0,0,1,0,0,0,0,0,0,1,0,0
0.24602559825873724,0.33768959683143,0.007011446406886239,-0.27904285996002487,0.7710236665779445,0,0,0,0,0,1,0,0,0,0,1,0,0
-0.5189700278791175,-0.7406801801655817,0.007011446406886239,0.5046523568717364,0.8483239143249739,1,0,0,0,0,0,0,0,0,0,1,0,0
-0.5189700278791175,-0.20149529166707583,0.007011446406886239,0.6956537229888096,-0.2038635897375707,1,0,0,0,0,0,0,0,0,0,1,0,0
0.24602559825873724,-0.20149529166707583,0.007011446406886239,0.9590035880741551,-0.29894436073794844,1,0,0,0,0,0,0,0,0,0,1,0,0
0.6285234113276646,8.483335059174191e-05,-0.0351055463659529,-1.1303325338524604,-0.4781901059365917,0,0,0,1,0,0,0,0,0,0,1,0,0
0.24602559825873724,0.33768959683143,0.007011446406886239,0.0006242516151011634,1.8518222884335942,0,0,0,0,0,1,0,0,0,0,1,0,0
0.24602559825873724,8.483335059174191e-05,0.6268039041582947,0.9369665991158085,1.161013244443445,0,0,0,0,0,0,0,1,0,0,0,0,1
-0.1364722148101901,-0.20149529166707583,-0.353802689210961,-1.8112430735366196,-2.196078736186324,0,0,0,0,0,0,0,1,0,1,0,0,0
-0.1364722148101901,-0.20149529166707583,0.007011446406886239,0.25553597870250366,-0.5534722489381485,1,0,0,0,0,0,0,0,0,0,1,0,0
-0.5189700278791175,-0.7406801801655817,-0.6576156248351858,-1.482454680756786,0.10157364085373555,1,0,0,0,0,0,0,0,0,0,1,0,0
0.24602559825873724,0.8768744853299358,0.499850371981025,0.3055003863756537,-0.45816262069866465,0,1,0,0,0,0,0,0,0,0,1,0,0
0.24602559825873724,0.8768744853299358,-0.1620590785432226,-1.267138967774772,-1.3068702803092644,0,0,0,0,0,0,0,1,0,1,0,0,0
-0.1364722148101901,-0.7406801801655817,0.007011446406886239,0.7104324927840715,-0.39241520527209417,1,0,0,0,0,0,0,0,0,0,1,0,0
1.7760168505344465,8.483335059174191e-05,0.007011446406886239,-1.1351472900302626,-0.3353604020385523,0,0,0,0,0,1,0,0,0,0,1,0,0
0.6285234113276646,0.8768744853299358,0.6880918162438732,1.2620033082215742,-0.08265247378793748,0,0,0,0,0,0,0,1,0,0,0,1,0
-0.1364722148101901,-0.7406801801655817,-0.7083970377060936,0.6898182797411554,-0.10338040087919369,1,0,0,0,0,0,0,0,0,0,1,0,0
-0.9014678409480448,-0.7406801801655817,0.007011446406886239,0.49537452906211044,-0.24258306428973042,1,0,0,0,0,0,0,0,0,0,1,0,0
-0.1364722148101901,8.483335059174191e-05,0.007011446406886239,-1.5501694208055068,-0.23482668625714237,0,0,0,0,1,0,0,0,0,0,1,0,0
-0.9014678409480448,-0.7406801801655817,0.007011446406886239,2.211755490558554,0.3528252048549169,1,0,0,0,0,0,0,0,0,0,1,0,0
0.24602559825873724,-0.20149529166707583,-0.266248529088706,-1.7133899988980252,-2.092267705482116,0,0,0,0,0,0,0,1,0,0,0,0,1
1.011021224396592,0.33768959683143,0.007011446406886239,-0.03244784233032011,0.6885855242752648,0,0,0,0,0,1,0,0,0,0,1,0,0
0.24602559825873724,0.8768744853299358,0.28140274247599883,-0.012223117058143393,-0.6655043072211625,0,1,0,0,0,0,0,0,0,0,1,0,0
0.24602559825873724,-0.20149529166707583,-0.16118353694200005,0.39997179072239886,0.5783744166657565,1,0,0,0,0,0,0,0,0,0,1,0,0
-0.1364722148101901,-0.7406801801655817,-0.7521741177672211,0.3738073769463642,-0.5946269230308673,1,0,0,0,0,0,0,0,0,0,1,0,0
0.6285234113276646,-0.20149529166707583,-0.0298522967586176,-0.2078330399450089,0.07348067170178271,0,0,0,0,0,0,1,0,0,0,1,0,0
0.24602559825873724,-0.7406801801655817,-0.47812959658456305,1.2438142293277001,0.5134364227302249,1,0,0,0,0,0,0,0,0,0,1,0,0
2.541012476672301,3.0336140393239597,0.007011446406886239,0.47538120534786565,-0.2522099291947959,0,0,0,0,0,0,1,0,0,0,1,0,0
1.3935190374655193,-0.20149529166707583,0.8632001364883831,1.5046140950669988,0.37838192062038567,0,0,0,0,0,1,0,0,0,0,1,0,0
-0.1364722148101901,-0.20149529166707583,-0.20014513819640353,-0.13604586158740273,-0.44622538747417884,0,1,0,0,0,0,0,0,0,0,1,0,0
-0.5189700278791175,-0.7406801801655817,-0.6545512292309068,-0.9105170915660603,-0.8844136869239093,0,1,0,0,0,0,0,0,0,0,1,0,0
-0.9014678409480448,-0.7406801801655817,0.007011446406886239,-0.03893281371324588,1.423250946649163,1,0,0,0,0,0,0,0,0,0,1,0,0
2.9235102897412286,1.9552442623269475,0.007011446406886239,-0.36630301278660743,1.44309118505503,0,0,0,0,0,1,0,0,0,0,1,0,0
0.6285234113276646,-0.20149529166707583,0.007011446406886239,-1.2196753007002676,1.8544972431772275,0,0,0,0,0,1,0,0,0,0,1,0,0
0.6285234113276646,0.33768959683143,0.007011446406886239,-0.21543836144495074,1.0819504987375868,0,0,0,1,0,0,0,0,0,0,1,0,0
-0.9014678409480448,-0.7406801801655817,-0.6256583563905627,-1.2542022460246418,-0.33570121108727,0,1,0,0,0,0,0,0,0,0,1,0,0
0.24602559825873724,-0.20149529166707583,-0.19095195138356674,2.1648542896471588,0.8855285719128824,0,0,0,1,0,0,0,0,0,0,1,0,0
-0.9014678409480448,-0.7406801801655817,-0.5770657975227111,1.8917901413384446,0.39403734093839227,1,0,0,0,0,0,0,0,0,0,1,0,0
2.9235102897412286,1.9552442623269475,1.253253919833029,-1.2085748992340306,-0.4801230084198497,0,0,0,0,0,1,0,0,0,0,1,0,0
0.24602559825873724,-0.20149529166707583,1.020797624708442,0.2983189192144529,-0.45970121503812944,0,0,0,1,0,0,0,0,0,0,1,0,0
1.011021224396592,1.4160593738284417,0.10147894342476486,-0.41012955141368884,1.3498214574885326,0,0,0,0,0,1,0,0,0,0,1,0,0
-0.9014678409480448,-0.7406801801655817,0.007011446406886239,0.377263508135618,0.29636087311279247,1,0,0,0,0,0,0,0,0,0,1,0,0
-0.9014678409480448,-0.7406801801655817,-0.6519246044272392,0.9247447019802751,-0.015428879632682687,0,1,0,0,0,0,0,0,0,0,1,0,0
-0.1364722148101901,0.33768959683143,0.007011446406886239,0.6212982164488348,-0.15255003196304603,1,0,0,0,0,0,0,0,0,0,1,0,0
-0.5189700278791175,-0.20149529166707583,-0.423846017308765,0.654189313136087,-0.06866246047879739,1,0,0,0,0,0,0,0,0,0,1,0,0
-0.1364722148101901,-0.20149529166707583,0.007011446406886239,0.6311110171670874,0.6273151905103619,0,0,0,0,0,1,0,0,0,0,1,0,0
0.24602559825873724,-0.20149529166707583,0.007011446406886239,0.5211654927990855,1.7288962292761227,0,0,0,1,0,0,0,0,0,0,1,0,0
-0.1364722148101901,-0.20149529166707583,-0.12616187289309808,0.570641895206531,-0.23424810345333177,1,0,0,0,0,0,0,0,0,0,1,0,0
0.24602559825873724,-0.20149529166707583,0.20085291516352424,1.9862878933873107,0.3333307291177914,0,0,0,0,0,0,0,1,0,0,0,0,1
1.011021224396592,0.8768744853299358,0.46920641593823575,-0.0778644075038004,0.18437141596088585,0,0,0,0,0,1,0,0,0,0,1,0,0
1.011021224396592,1.9552442623269475,0.8894663845250597,0.7608952156932859,-0.1478222971346177,1,0,0,0,0,0,0,0,0,0,1,0,0
0.24602559825873724,-0.20149529166707583,0.18903310354701983,-1.4091817211090663,-1.5864624944572578,0,0,0,1,0,0,0,0,0,0,1,0,0
-0.9014678409480448,-0.7406801801655817,0.007011446406886239,0.2240745312443636,0.8258087211754734,1,0,0,0,0,0,0,0,0,0,1,0,0
-0.5189700278791175,-0.7406801801655817,-0.5499240078848121,-2.298179538971035,-2.5100688868894485,0,0,0,0,0,0,0,1,0,1,0,0,0
-0.9014678409480448,-0.7406801801655817,0.007011446406886239,0.046675452744453484,-0.4436732825039844,1,0,0,0,0,0,0,0,0,0,1,0,0
-0.1364722148101901,-0.20149529166707583,-0.1305395808992108,-1.9746286111554647,-2.3059490347469738,0,0,0,0,0,0,0,1,0,1,0,0,0
-0.1364722148101901,-0.20149529166707583,-0.4641209309650023,-1.9189513343273488,-1.9828204460604966,0,0,0,1,0,0,0,0,0,0,1,0,0
1.7760168505344465,0.33768959683143,0.007011446406886239,1.8825638633808617,0.7820613224292936,0,0,0,1,0,0,0,0,0,0,1,0,0
-0.5189700278791175,0.33768959683143,0.7660150187526801,0.1027364895820701,-0.5846850079002791,0,1,0,0,0,0,0,0,0,0,1,0,0
-0.5189700278791175,-0.7406801801655817,-0.3450472731987355,-0.01164919537247541,1.9644685955836616,0,0,0,1,0,0,0,0,0,0,1,0,0
-0.5189700278791175,-0.20149529166707583,-0.5223444474463018,0.9254996209241936,-0.015378352709649776,0,1,0,0,0,0,0,0,0,0,1,0,0
-0.5189700278791175,-0.7406801801655817,-0.6571778540345745,-0.6061988407594959,-0.5224249408804233,0,1,0,0,0,0,0,0,0,0,1,0,0
0.6285234113276646,0.8768744853299358,0.47445966554557106,-1.8720993921634363,-2.4227157629262805,0,0,0,0,0,1,0,0,0,0,1,0,0
-0.5189700278791175,-0.20149529166707583,-0.5989543375532749,0.533150260615367,1.212384264208867,0,1,0,0,0,0,0,0,0,0,1,0,0
0.24602559825873724,-0.20149529166707583,-0.23779342704897316,-0.19005979652399527,-0.14995235368970178,0,1,0,0,0,0,0,0,0,0,1,0,0
2.541012476672301,3.0336140393239597,1.7654457565482207,0.907901647000029,-0.3347352552076716,0,0,0,0,0,0,1,0,0,0,1,0,0
-0.9014678409480448,-0.7406801801655817,-0.6689976656510789,1.4753291969159275,1.2382926869868809,0,0,0,1,0,0,0,0,0,0,1,0,0
0.24602559825873724,0.33768959683143,0.007011446406886239,0.6908653145131284,1.4476098771237438,0,0,0,0,0,1,0,0,0,0,1,0,0
-0.1364722148101901,0.8768744853299358,0.3816522558159808,-0.36782774285384384,-0.49318966698049865,0,0,0,0,0,1,0,0,0,0,1,0,0
-0.9014678409480448,-0.7406801801655817,0.007011446406886239,0.8320798335584612,1.3880326906393061,1,0,0,0,0,0,0,0,0,0,1,0,0
0.24602559825873724,-0.20149529166707583,-0.23122686503980402,-1.3199443450698245,-2.376822456041447,0,0,0,1,0,0,0,0,0,0,1,0,0
-0.9014678409480448,-0.7406801801655817,-0.5551772574921474,-0.014658561177626631,1.4730486967356569,1,0,0,0,0,0,0,0,0,0,1,0,0
-0.9014678409480448,-0.7406801801655817,-0.6646199576449662,0.2940895402450402,-0.380107441279592,1,0,0,0,0,0,0,0,0,0,1,0,0
0.24602559825873724,0.33768959683143,0.007011446406886239,0.665041129760432,1.3611028314387779,0,0,0,0,0,0,0,1,0,0,0,0,1
-0.5189700278791175,-0.7406801801655817,-0.46455870176561354,0.08644788189897123,-0.012166425569392918,0,1,0,0,0,0,0,0,0,0,1,0,0
-0.1364722148101901,8.483335059174191e-05,27.740138440017603,-0.009958360226550831,-0.10483082078454217,0,0,0,0,0,1,0,0,0,0,1,0,0
2.9235102897412286,4.111983816320971,9.557328236628301,0.5470068608358235,-0.34008813686683986,0,0,0,1,0,0,0,0,0,0,1,0,0
-0.1364722148101901,-0.7406801801655817,-0.353802689210961,1.7230113436470083,0.994516135408167,0,0,0,1,0,0,0,0,0,0,1,0,0
-0.1364722148101901,-0.20149529166707583,-0.5709370063141533,-1.7691577743552256,-1.8228333842920081,0,0,0,0,0,0,0,1,0,0,0,0,1
-0.9014678409480448,-0.7406801801655817,-0.6751264568596368,0.21032790404159374,-0.11611417618276898,0,1,0,0,0,0,0,0,0,0,1,0,0
1.3935190374655193,-0.20149529166707583,0.05595078016119227,1.3694343453637299,0.6843194668211524,0,0,0,0,0,1,0,0,0,0,1,0,0
1.011021224396592,-0.20149529166707583,0.42718041907955334,-0.9662905947846621,-0.8459389211947069,0,0,0,0,0,1,0,0,0,0,1,0,0
-0.1364722148101901,-0.20149529166707583,0.007011446406886239,0.9778513595214617,-0.274290194517518,1,0,0,0,0,0,0,0,0,0,1,0,0
-0.9014678409480448,-0.7406801801655817,0.007011446406886239,-0.503595160870063,-0.30508982158038417,1,0,0,0,0,0,0,0,0,0,1,0,0
-0.5189700278791175,-0.20149529166707583,0.007011446406886239,-0.0034596422164244033,0.45582285117240495,0,1,0,0,0,0,0,0,0,0,1,0,0
-0.1364722148101901,-0.20149529166707583,0.05770186336363737,0.8040974283348551,-0.41075647829770207,1,0,0,0,0,0,0,0,0,0,1,0,0
0.24602559825873724,-0.20149529166707583,-0.08238479283197059,-0.5555070073969102,0.6417648997458365,0,0,0,1,0,0,0,0,0,0,1,0,0
-0.1364722148101901,0.8768744853299358,0.10147894342476486,0.40260656093621017,-0.36179093635354037,0,0,0,0,0,0,1,0,0,0,1,0,0
-0.9014678409480448,-0.7406801801655817,-0.6427314176144024,0.7858533629322598,1.6382033747793758,1,0,0,0,0,0,0,0,0,0,1,0,0
-0.5189700278791175,-0.7406801801655817,-0.5989543375532749,-0.6136781515100713,-0.36740933203911874,1,0,0,0,0,0,0,0,0,0,1,0,0
0.24602559825873724,-0.20149529166707583,0.007011446406886239,-0.4311756376611453,1.392062955786448,0,0,0,0,0,1,0,0,0,0,1,0,0
0.24602559825873724,-0.20149529166707583,-0.21196494981290795,-2.0970812751735357,-2.7733518028931763,0,0,0,1,0,0,0,0,0,0,1,0,0
1.3935190374655193,0.8768744853299358,0.4867172479626867,1.3102058565081545,0.7056616427793212,0,0,0,0,0,1,0,0,0,0,1,0,0
-0.1364722148101901,-0.20149529166707583,0.18903310354701983,-1.1917581919559053,0.3315107691680653,0,0,0,0,0,1,0,0,0,0,1,0,0
-0.5189700278791175,-0.7406801801655817,-0.588010067537993,-1.0693444767149571,-0.9692573070479902,0,1,0,0,0,0,0,0,0,0,1,0,0
-0.1364722148101901,-0.7406801801655817,-0.7193413077213755,0.29061393466726565,-0.38329162814839085,0,0,0,1,0,0,0,0,0,0,1,0,0
0.24602559825873724,0.8768744853299358,0.36414142379152975,0.10175933349838062,-0.6762526716706063,0,1,0,0,0,0,0,0,0,0,1,0,0
-0.9014678409480448,-0.7406801801655817,-0.6098986075685567,-0.9058157450627042,-0.889563470167448,1,0,0,0,0,0,0,0,0,0,1,0,0
-0.1364722148101901,-0.20149529166707583,0.007011446406886239,-0.5366764192336452,1.9909813599889625,0,0,0,1,0,0,0,0,0,0,1,0,0
0.24602559825873724,-0.7406801801655817,0.007011446406886239,0.5778691844583734,1.6722030402947512,0,0,0,1,0,0,0,0,0,0,1,0,0
-0.9014678409480448,-0.7406801801655817,-0.5989543375532749,1.8379858424667026,0.5757202671257168,1,0,0,0,0,0,0,0,0,0,1,0,0
-0.5189700278791175,-0.7406801801655817,-0.16118353694200005,-0.6231438498914668,-0.5521030683989111,0,0,0,0,0,0,1,0,0,0,1,0,0
-0.1364722148101901,-0.20149529166707583,-0.38006893724763746,1.243994081033589,1.2968920289039725,1,0,0,0,0,0,0,0,0,0,1,0,0
-0.1364722148101901,-0.20149529166707583,-0.5709370063141533,-1.311625344507566,-1.5210004075367705,0,0,0,1,0,0,0,0,0,0,1,0,0
-0.5189700278791175,-0.20149529166707583,-0.2846349027143796,-1.488315326154281,-1.6794231161421769,0,0,0,1,0,0,0,0,0,0,1,0,0
-0.5189700278791175,-0.7406801801655817,0.007011446406886239,-0.17269436971012425,0.8811872194364624,1,0,0,0,0,0,0,0,0,0,1,0,0
-0.1364722148101901,-0.7406801801655817,-0.7543629717702774,0.5446916997043866,-0.32444955885646404,0,1,0,0,0,0,0,0,0,0,1,0,0
1.011021224396592,0.8768744853299358,0.14700710668833744,-0.8848074620400088,-2.0645888589533476,0,0,0,0,0,0,1,0,0,0,1,0,0
-0.5189700278791175,-0.20149529166707583,-0.42953703771671153,0.48285707944168155,1.1151972140289004,0,1,0,0,0,0,0,0,0,0,1,0,0
0.6285234113276646,0.33768959683143,-0.07362937681974509,-0.3214649515078349,1.8628946196242657,0,0,0,0,0,0,0,1,0,0,0,0,1
-0.1364722148101901,-0.7406801801655817,-0.46762309736989244,0.6546578440131895,0.46404784164703267,0,0,0,1,0,0,0,0,0,0,1,0,0
2.158514663603374,0.8768744853299358,0.4849661647602416,1.3387152157745064,-0.005536500701066342,0,0,0,1,0,0,0,0,0,0,1,0,0
0.24602559825873724,0.8768744853299358,-0.15242812092977456,0.6072445812384479,2.0241141420228237,0,0,0,1,0,0,0,0,0,0,1,0,0
4.835999355085865,3.0336140393239597,0.604915364127731,1.3107179183715008,0.40016496874927693,0,0,0,0,0,1,0,0,0,0,1,0,0
-0.1364722148101901,-0.7406801801655817,-0.7543629717702774,0.5446916997043866,-0.32444955885646404,0,1,0,0,0,0,0,0,0,0,1,0,0
-0.1364722148101901,0.8768744853299358,-0.007963756728053857,-1.447578341990994,-1.2705196267913428,0,0,0,0,0,1,0,0,0,0,1,0,0
2.9235102897412286,4.651168704819477,3.914462616748969,0.09520448342717129,-0.6538702355343109,0,0,0,0,0,0,1,0,0,0,1,0,0
-0.9014678409480448,-0.7406801801655817,0.007011446406886239,0.16090076038163093,-0.5742764617756327,1,0,0,0,0,0,0,0,0,0,1,0,0
0.6285234113276646,0.8768744853299358,0.007011446406886239,-0.4039722079790996,0.9123534143716636,0,0,0,1,0,0,0,0,0,0,1,0,0
0.6285234113276646,-0.20149529166707583,0.8036633076052497,-0.45233627913532815,-0.1670433330535483,0,0,0,1,0,0,0,0,0,0,1,0,0
-0.9014678409480448,-0.7406801801655817,-0.6646199576449662,-1.178658801783928,-1.1738784655238457,0,1,0,0,0,0,0,0,0,0,1,0,0
0.24602559825873724,0.8768744853299358,0.25163432803443214,0.8666548920780376,-0.3478157839040496,0,0,0,1,0,0,0,0,0,0,1,0,0
0.24602559825873724,0.33768959683143,0.007011446406886239,-0.35840328435405044,1.4146257036869387,0,0,0,1,0,0,0,0,0,0,1,0,0
-0.9014678409480448,-0.7406801801655817,-0.51140017743102,0.6425745587019429,-0.1633875615706673,1,0,0,0,0,0,0,0,0,0,1,0,0
-0.5189700278791175,-0.7406801801655817,-0.6028942747587764,1.3065503992244911,0.596822687880952,1,0,0,0,0,0,0,0,0,0,1,0,0
-0.5189700278791175,-0.7406801801655817,-0.5595549654982602,0.5202341588061191,0.15973805494390816,0,1,0,0,0,0,0,0,0,0,1,0,0
-0.1364722148101901,-0.7406801801655817,0.007011446406886239,1.2044312879439218,-0.11139634859424762,1,0,0,0,0,0,0,0,0,0,1,0,0
2.158514663603374,0.33768959683143,0.6268039041582947,-0.21509927797389275,0.3020466380290344,0,0,0,0,0,1,0,0,0,0,1,0,0
-0.1364722148101901,-0.20149529166707583,0.007011446406886239,0.6816917319597876,-0.19638065152331835,1,0,0,0,0,0,0,0,0,0,1,0,0
-0.5189700278791175,-0.20149529166707583,-0.15242812092977456,-1.1172869846370053,-0.557788833315153,0,0,0,1,0,0,0,0,0,0,1,0,0
0.24602559825873724,0.8768744853299358,0.6268039041582947,0.4048736088724447,-0.2742089551511254,1,0,0,0,0,0,0,0,0,0,1,0,0
0.6285234113276646,-0.20149529166707583,0.007011446406886239,-1.4142358977105995,0.00572406804558556,0,0,0,0,0,1,0,0,0,0,1,0,0
0.24602559825873724,0.8768744853299358,0.007011446406886239,0.6906132930143954,-0.2135598053212812,0,1,0,0,0,0,0,0,0,0,1,0,0
-0.1364722148101901,-0.7406801801655817,-0.221595907426356,-1.85644771154077,-2.0041814457744183,0,0,0,1,0,0,0,0,0,0,1,0,0
-0.5189700278791175,-0.20149529166707583,-0.48644724179617727,-0.5532811993423591,-0.49885958031303024,0,1,0,0,0,0,0,0,0,0,1,0,0
-0.5189700278791175,-0.20149529166707583,-0.34723612720179187,0.7835519484280237,-0.16645088011400871,0,1,0,0,0,0,0,0,0,0,1,0,0
0.6285234113276646,0.33768959683143,-0.5000181366151268,-1.0289122094547267,-0.5305102392739816,0,0,0,0,0,1,0,0,0,0,1,0,0
-0.1364722148101901,-0.20149529166707583,-0.4720008053760052,-1.35810269108022,-1.6060094785652568,0,0,0,1,0,0,0,0,0,0,1,0,0
-0.9014678409480448,-0.7406801801655817,0.007011446406886239,0.7110866031284643,0.32823345424512623,1,0,0,0,0,0,0,0,0,0,1,0,0
3.306008102810156,1.9552442623269475,0.856633574479214,-0.12443568936237977,0.14428474231761088,0,0,0,0,0,1,0,0,0,0,1,0,0
-0.5189700278791175,-0.20149529166707583,-0.20496061700312754,0.5196178516864876,-0.3390597653766017,0,1,0,0,0,0,0,0,0,0,1,0,0
-0.1364722148101901,8.483335059174191e-05,0.6968472322560987,-1.933731249674891,-2.4177175604517,0,0,0,1,0,0,0,0,0,0,1,0,0
0.6285234113276646,0.8768744853299358,0.5392497440360398,-0.8056979135924359,-0.2485878423271763,0,0,0,0,0,0,0,1,0,0,0,0,1
1.011021224396592,-0.20149529166707583,0.007011446406886239,-0.015862536610126897,0.645405810369209,0,0,0,0,0,1,0,0,0,0,1,0,0
1.3935190374655193,1.4160593738284417,1.8350513138454132,-0.2906942720666498,-0.3255987986721596,0,0,0,0,0,0,1,0,0,0,1,0,0
1.3935190374655193,0.8768744853299358,-0.10865104086864708,1.3824271991748616,0.7251680072043352,0,0,0,0,0,1,0,0,0,0,1,0,0
-0.9014678409480448,-0.7406801801655817,0.007011446406886239,0.16542225517909823,0.9378596032140996,1,0,0,0,0,0,0,0,0,0,1,0,0
-0.5189700278791175,-0.20149529166707583,0.007011446406886239,0.7312964362210786,-0.16533730636155594,1,0,0,0,0,0,0,0,0,0,1,0,0
0.6285234113276646,0.8768744853299358,0.8080410156113624,0.0030963534070652127,-0.6416328129442334,0,1,0,0,0,0,0,0,0,0,1,0,0
-0.1364722148101901,8.483335059174191e-05,8.244015834794478,1.8826406153827455,0.5950017372073056,0,0,0,0,0,1,0,0,0,0,1,0,0
-0.1364722148101901,-0.20149529166707583,-0.24873769706425503,0.7735879348105639,-0.13449904106340452,1,0,0,0,0,0,0,0,0,0,1,0,0
-0.9014678409480448,-0.7406801801655817,-0.6795041648657495,0.18656800447380012,0.6921699636316602,0,1,0,0,0,0,0,0,0,0,1,0,0
-0.9014678409480448,-0.7406801801655817,0.007011446406886239,0.2378497972538965,-0.6146692691284437,0,0,0,0,0,0,0,1,0,0,0,0,1
-0.1364722148101901,0.8768744853299358,0.007011446406886239,-0.5095726525987635,1.409187619765556,0,0,0,1,0,0,0,0,0,0,1,0,0
1.3935190374655193,1.9552442623269475,1.3272371851363345,0.8205555777534016,-0.10892548299030501,0,0,0,1,0,0,0,0,0,0,1,0,0
0.24602559825873724,0.8768744853299358,0.6508812981919148,-0.10569674538039812,-0.4553341037382328,0,1,0,0,0,0,0,0,0,0,1,0,0
-0.5189700278791175,-0.7406801801655817,0.007011446406886239,0.15384988617883638,1.2435702736236007,1,0,0,0,0,0,0,0,0,0,1,0,0
-0.1364722148101901,-0.20149529166707583,-0.3975797692720885,-1.0930264787285866,0.30238843780181324,0,0,0,1,0,0,0,0,0,0,1,0,0
0.24602559825873724,0.8768744853299358,1.4585684253197169,0.5550211444950254,-0.27710880423804285,1,0,0,0,0,0,0,0,0,0,1,0,0
-0.5189700278791175,-0.7406801801655817,0.007011446406886239,0.45570519961159756,0.5538549889065125,1,0,0,0,0,0,0,0,0,0,1,0,0
-0.1364722148101901,-0.20149529166707583,0.007011446406886239,1.1158938443397959,0.8553422029930086,0,0,0,1,0,0,0,0,0,0,1,0,0
-0.5189700278791175,-0.20149529166707583,-0.3052101303431095,0.6144798893562524,-0.17878044003416546,0,0,0,1,0,0,0,0,0,0,1,0,0
-0.1364722148101901,8.483335059174191e-05,0.5515073264531554,-1.0734845026075657,-0.719482912499695,0,0,0,1,0,0,0,0,0,0,1,0,0
-0.9014678409480448,-0.7406801801655817,0.007011446406886239,0.26500282263617936,-0.42617907848063963,1,0,0,0,0,0,0,0,0,0,1,0,0
-0.5189700278791175,-0.20149529166707583,-0.486009470995566,0.9207490156733549,1.4543458094578785,0,1,0,0,0,0,0,0,0,0,1,0,0
-0.1364722148101901,0.33768959683143,-0.353802689210961,-1.9650449208905834,-2.117208190932409,0,0,0,1,0,0,0,0,0,0,1,0,0
2.158514663603374,1.4160593738284417,0.007011446406886239,-0.37195974988057173,0.0944453818239299,0,0,0,0,0,1,0,0,0,0,1,0,0
-0.9014678409480448,-0.7406801801655817,-0.6427314176144024,0.5011939345779219,2.0440841652699944,0,0,0,0,0,0,0,1,0,0,0,0,1
0.24602559825873724,-0.20149529166707583,0.007358221293340764,1.142624160935618,1.3866506306884008,0,0,0,0,0,1,0,0,0,0,1,0,0
-0.9014678409480448,-0.7406801801655817,-0.7797536782057314,-0.5743983098303793,-0.5260668422275754,0,1,0,0,0,0,0,0,0,0,1,0,0
-0.9014678409480448,-0.7406801801655817,-0.5901989215410495,0.02165544568315808,1.0416874762260793,1,0,0,0,0,0,0,0,0,0,1,0,0
-0.9014678409480448,-0.7406801801655817,0.007011446406886239,-0.15511357907000117,0.8749823151551478,1,0,0,0,0,0,0,0,0,0,1,0,0
-0.9014678409480448,-0.7406801801655817,-0.6208428775838387,0.3101799673859285,0.3942186434266488,0,1,0,0,0,0,0,0,0,0,1,0,0
-0.9014678409480448,-0.7406801801655817,0.007011446406886239,0.7505256765733255,1.576238543505088,1,0,0,0,0,0,0,0,0,0,1,0,0
-0.9014678409480448,-0.7406801801655817,-0.51140017743102,-1.0871417767335314,-1.6376026755354514,0,1,0,0,0,0,0,0,0,0,1,0,0
-0.1364722148101901,-0.7406801801655817,0.007011446406886239,0.7260818823021772,-0.016797069447859036,1,0,0,0,0,0,0,0,0,0,1,0,0
-0.9014678409480448,-0.7406801801655817,0.007011446406886239,0.6091198502993824,-0.2078393650658575,1,0,0,0,0,0,0,0,0,0,1,0,0
-0.1364722148101901,-0.7406801801655817,0.007011446406886239,0.13616370473022918,-0.5933786108170873,1,0,0,0,0,0,0,0,0,0,1,0,0
1.011021224396592,1.9552442623269475,1.2033480485633437,0.27132741670173705,-0.4495968211751784,0,0,0,0,0,0,1,0,0,0,1,0,0
-0.1364722148101901,0.33768959683143,0.007011446406886239,0.5988522653311467,-0.35716029247507425,1,0,0,0,0,0,0,0,0,0,1,0,0
-0.1364722148101901,-0.20149529166707583,-0.423846017308765,0.8514522679440345,1.527289843868698,0,1,0,0,0,0,0,0,0,0,1,0,0
-0.9014678409480448,-0.7406801801655817,0.007011446406886239,-0.97004227845873,-0.15555687923955114,1,0,0,0,0,0,0,0,0,0,1,0,0
-0.1364722148101901,0.33768959683143,0.20917056037513848,-1.5482609307288508,-0.20593915647394068,0,0,0,0,0,1,0,0,0,0,1,0,0
0.6285234113276646,0.33768959683143,-0.423846017308765,-1.0944435268827786,-0.5521595396657474,0,0,0,1,0,0,0,0,0,0,1,0,0
-0.1364722148101901,-0.20149529166707583,-0.42034385090387477,-0.28223322302334514,0.776940270181274,0,0,0,1,0,0,0,0,0,0,1,0,0
0.6285234113276646,0.8768744853299358,0.32255319773345864,-1.4291842092413904,1.3835199429143958,0,0,0,0,0,1,0,0,0,0,1,0,0
-0.5189700278791175,-0.20149529166707583,-0.2999568807357742,-0.027345552533503098,-0.6348245577596927,0,1,0,0,0,0,0,0,0,0,1,0,0
-0.1364722148101901,0.8768744853299358,0.007011446406886239,0.6466756358174286,-0.3824931046211792,1,0,0,0,0,0,0,0,0,0,1,0,0
-0.5189700278791175,-0.7406801801655817,0.007011446406886239,0.8015474289887269,1.5964929045342806,1,0,0,0,0,0,0,0,0,0,1,0,0
0.24602559825873724,-0.20149529166707583,-0.20452284620251626,-0.40905044117827477,0.16650569044532287,0,0,0,1,0,0,0,0,0,0,1,0,0
-0.1364722148101901,-0.20149529166707583,-0.29251477712538254,0.7667512788816597,1.6595584301492126,1,0,0,0,0,0,0,0,0,0,1,0,0
-0.1364722148101901,-0.20149529166707583,0.007011446406886239,-1.7506513774834562,-1.6165785219745663,0,0,0,0,0,0,1,0,0,0,1,0,0
-0.1364722148101901,-0.20149529166707583,0.007011446406886239,-0.6297995085622018,-0.48922082672007633,0,1,0,0,0,0,0,0,0,0,1,0,0
-0.9014678409480448,-0.7406801801655817,-0.7083970377060936,-1.1391429763371828,-0.06045827520776318,1,0,0,0,0,0,0,0,0,0,1,0,0
-0.5189700278791175,-0.20149529166707583,-0.23648011464713933,0.5319394118692664,-0.24719290296446222,0,1,0,0,0,0,0,0,0,0,1,0,0
0.24602559825873724,-0.20149529166707583,0.007011446406886239,-0.3954527357701515,1.215162254246266,0,0,0,1,0,0,0,0,0,0,1,0,0
-0.1364722148101901,-0.7406801801655817,0.007011446406886239,0.21809245730662338,0.8717386848474702,0,0,0,1,0,0,0,0,0,0,1,0,0
-0.1364722148101901,-0.20149529166707583,-0.0298522967586176,-1.2308982762591116,-0.06672856727161915,0,0,0,1,0,0,0,0,0,0,1,0,0
4.0710037289480105,3.572798927822465,0.007011446406886239,0.5487469547292306,1.436226458603653,0,0,0,0,0,1,0,0,0,0,1,0,0
-0.9014678409480448,-0.7406801801655817,-0.6339760016021769,0.29062195353314624,0.6671442759190116,0,1,0,0,0,0,0,0,0,0,1,0,0
0.24602559825873724,0.33768959683143,-0.0351055463659529,-1.9114078726498098,-1.9766165325032432,0,0,0,1,0,0,0,0,0,0,1,0,0
1.3935190374655193,0.33768959683143,0.06733282097708541,-0.8018981167231657,0.3984044522384297,0,0,0,1,0,0,0,0,0,0,1,0,0
-0.5189700278791175,-0.7406801801655817,-0.6488602088229602,0.5464867801065963,-0.5003605271414117,1,0,0,0,0,0,0,0,0,0,1,0,0
-0.9014678409480448,-0.7406801801655817,-0.5551772574921474,-0.04713725904877783,1.2189408755027265,1,0,0,0,0,0,0,0,0,0,1,0,0
-0.1364722148101901,-0.7406801801655817,-0.5078980110261297,-1.5111988782378294,-1.5919174206862714,0,0,0,0,0,0,0,1,0,1,0,0,0
-0.1364722148101901,-0.7406801801655817,0.007011446406886239,0.46456031863476277,0.6491329139785756,0,1,0,0,0,0,0,0,0,0,1,0,0
0.24602559825873724,0.33768959683143,-0.16643678654933536,-1.0781159704226382,-0.7516527108257188,0,0,0,0,0,0,0,1,0,0,0,0,1
-0.1364722148101901,-0.7406801801655817,-0.4938893454065689,-0.9813099305559355,-2.167789603686606,0,0,0,1,0,0,0,0,0,0,1,0,0
0.6285234113276646,1.9552442623269475,0.7406243123172261,0.44255425958757694,-0.23380326838664653,1,0,0,0,0,0,0,0,0,0,1,0,0
-0.1364722148101901,0.33768959683143,-0.24217113505508592,0.5758117725869895,-0.23102230617734593,0,1,0,0,0,0,0,0,0,0,1,0,0
-0.9014678409480448,-0.7406801801655817,0.007011446406886239,0.11504888534668807,-0.4706853717946848,1,0,0,0,0,0,0,0,0,0,1,0,0
0.24602559825873724,-0.20149529166707583,-0.19270303458601185,1.161056096910064,1.251949817039088,0,0,0,1,0,0,0,0,0,0,1,0,0
-0.9014678409480448,-0.7406801801655817,-0.6628688744425211,-1.4532912111460412,-0.01609563687060961,0,1,0,0,0,0,0,0,0,0,1,0,0
-0.1364722148101901,-0.7406801801655817,-0.7237190157274882,-0.04673058799399686,-0.737279287336613,0,1,0,0,0,0,0,0,0,0,1,0,0
-0.5189700278791175,-0.20149529166707583,-0.12090862328576277,0.23765849002528622,-0.43281791986467133,0,1,0,0,0,0,0,0,0,0,1,0,0
3.306008102810156,8.483335059174191e-05,1.5329894614236337,-1.2738026453113063,-0.44657709448672384,0,0,0,0,0,1,0,0,0,0,1,0,0
-0.1364722148101901,-0.7406801801655817,0.007011446406886239,0.7263762892347924,-0.057515824989738416,1,0,0,0,0,0,0,0,0,0,1,0,0
1.011021224396592,8.483335059174191e-05,0.9958446890735994,0.07377120051345457,1.616577851763105,0,0,0,1,0,0,0,0,0,0,1,0,0
0.6285234113276646,0.8768744853299358,0.8019122244028046,2.198147475180071,0.3040944644938056,0,0,0,1,0,0,0,0,0,0,1,0,0
-0.5189700278791175,-0.20149529166707583,-0.39451537366780953,-0.31204507521716257,-0.5731242497878947,0,1,0,0,0,0,0,0,0,0,1,0,0
-0.1364722148101901,0.8768744853299358,0.12336748345532861,-1.9567866345985292,-2.380382127298427,0,0,0,0,0,1,0,0,0,0,1,0,0
-0.5189700278791175,-0.20149529166707583,-0.5092113234279636,1.6334944528546322,0.04064411613769113,0,1,0,0,0,0,0,0,0,0,1,0,0
-0.5189700278791175,-0.20149529166707583,0.007011446406886239,0.20950081530491257,-0.5244014352187089,1,0,0,0,0,0,0,0,0,0,1,0,0
-0.9014678409480448,-0.7406801801655817,-0.6996416216938681,-0.9105170915660603,-0.8844136869239093,1,0,0,0,0,0,0,0,0,0,1,0,0
-0.1364722148101901,-0.20149529166707583,0.23281018360814731,-2.315872593733324,-2.942000764411052,0,0,0,1,0,0,0,0,0,0,1,0,0
-0.1364722148101901,-0.7406801801655817,0.17152227152256883,0.18583141436620346,-0.45726700622149075,0,0,0,1,0,0,0,0,0,0,1,0,0
0.24602559825873724,-0.20149529166707583,-0.3240342747693943,-0.5959736412251424,0.5075089211632089,0,0,0,0,0,0,0,1,0,0,0,1,0
0.24602559825873724,0.33768959683143,0.007011446406886239,0.011397025133001733,0.31339141831398065,0,0,0,0,0,1,0,0,0,0,1,0,0
-0.5189700278791175,-0.20149529166707583,-0.5718125479153758,-1.10344642214831,0.16189882394249278,0,0,0,1,0,0,0,0,0,0,1,0,0
-0.5189700278791175,-0.20149529166707583,-0.16993895295422556,0.5196178516864876,-0.3390597653766017,0,1,0,0,0,0,0,0,0,0,1,0,0
-0.1364722148101901,-0.7406801801655817,0.007011446406886239,0.9097769160609634,1.4205185299147731,1,0,0,0,0,0,0,0,0,0,1,0,0
0.24602559825873724,-0.7406801801655817,-0.4938893454065689,-1.1147919717996797,-2.0691719480808235,0,0,0,1,0,0,0,0,0,0,1,0,0
-0.9014678409480448,-0.7406801801655817,0.007011446406886239,0.6568779243065019,-0.09709623867960872,0,0,0,0,0,0,0,1,0,0,0,0,1
-0.5189700278791175,-0.20149529166707583,0.007011446406886239,0.625557379777128,1.510329640070075,0,0,0,0,0,1,0,0,0,0,1,0,0
-0.5189700278791175,0.33768959683143,0.007011446406886239,0.8720825187186305,1.1275535234965948,0,0,0,0,0,0,0,1,0,0,0,0,1
-0.5189700278791175,-0.7406801801655817,-0.5205933642438567,0.8694878428340594,-0.06797985165716006,0,1,0,0,0,0,0,0,0,0,1,0,0
-0.1364722148101901,0.33768959683143,0.07959040339420112,-0.5297641568551374,-0.5078692241791406,0,1,0,0,0,0,0,0,0,0,1,0,0
-0.5189700278791175,-0.7406801801655817,-0.5442329874768655,0.2489822741835746,0.9188396842629578,1,0,0,0,0,0,0,0,0,0,1,0,0
-0.9014678409480448,-0.7406801801655817,0.007011446406886239,0.40350123725669573,0.5540293563267638,1,0,0,0,0,0,0,0,0,0,1,0,0
-0.9014678409480448,-0.7406801801655817,0.007011446406886239,0.5966264572765955,-0.3514755182828934,1,0,0,0,0,0,0,0,0,0,1,0,0
0.24602559825873724,-0.20149529166707583,-0.07362937681974509,1.6175426375380308,0.5610833110581821,0,0,0,1,0,0,0,0,0,0,1,0,0
-0.1364722148101901,-0.20149529166707583,-0.49432711620718023,0.5801809089329694,-0.42866678639221295,0,1,0,0,0,0,0,0,0,0,1,0,0
-0.1364722148101901,-0.7406801801655817,-0.5332887174615837,-1.548256348519811,0.03347721887274098,0,0,0,1,0,0,0,0,0,0,1,0,0
-0.9014678409480448,-0.20149529166707583,-0.47988067978700816,-0.1353424924955274,-0.4759718749472505,0,1,0,0,0,0,0,0,0,0,1,0,0
-0.1364722148101901,0.8768744853299358,0.6924695242499859,0.35171425592693467,-0.5396457050854324,0,1,0,0,0,0,0,0,0,0,1,0,0
-0.1364722148101901,-0.20149529166707583,-0.47287634697722775,-0.6541264565020631,0.6103619217797444,0,0,0,1,0,0,0,0,0,0,1,0,0
0.6285234113276646,0.8768744853299358,6.869415520875074,-0.028508288084401402,-0.1880645144425318,0,0,0,0,0,0,1,0,0,0,1,0,0
2.158514663603374,1.4160593738284417,1.4585684253197169,1.8513601651827747,0.6054697267708309,0,0,0,0,0,1,0,0,0,0,1,0,0
0.6285234113276646,0.8768744853299358,0.10147894342476486,-0.4044212644676814,-0.6877034594213607,0,0,0,0,0,0,1,0,0,0,1,0,0
1.7760168505344465,1.4160593738284417,1.2878378130813197,0.8855095368389445,-0.04397560036702587,0,0,0,1,0,0,0,0,0,0,1,0,0
-0.9014678409480448,-0.7406801801655817,-0.5551772574921474,0.5377760006691195,1.1491156401781648,1,0,0,0,0,0,0,0,0,0,1,0,0
-0.1364722148101901,-0.20149529166707583,-0.29251477712538254,0.2627346291477459,0.9321560052663065,0,0,0,0,0,0,1,0,0,0,1,0,0
-0.1364722148101901,-0.20149529166707583,-0.12178416488698532,-1.8695356461901074,-2.4915809867150474,0,1,0,0,0,0,0,0,0,0,1,0,0
-0.9014678409480448,-0.7406801801655817,0.007011446406886239,0.6085402008523131,-0.25336412263051533,1,0,0,0,0,0,0,0,0,0,1,0,0
-0.9014678409480448,-0.7406801801655817,0.007011446406886239,1.0449303180621115,-0.10535788594154033,1,0,0,0,0,0,0,0,0,0,1,0,0
-0.9014678409480448,-0.20149529166707583,-0.595889941948996,-0.09459748946644132,-0.7465286864056568,0,1,0,0,0,0,0,0,0,0,1,0,0
1.3935190374655193,8.483335059174191e-05,-0.4938893454065689,-0.40497800286947067,0.4842368148935431,0,0,0,0,0,1,0,0,0,0,1,0,0
1.7760168505344465,8.483335059174191e-05,2.990766227459179,2.1130638716606382,0.39410173799701337,0,0,0,1,0,0,0,0,0,0,1,0,0
-0.9014678409480448,-0.7406801801655817,0.007011446406886239,0.23731024213614874,-0.6173115299807358,0,0,0,0,0,0,0,1,0,0,0,0,1
-0.9014678409480448,-0.7406801801655817,0.007011446406886239,0.13846855589122484,0.8378876279288695,1,0,0,0,0,0,0,0,0,0,1,0,0
1.011021224396592,1.9552442623269475,1.9265454111731697,0.14643816301206536,-0.6634683694441389,0,1,0,0,0,0,0,0,0,0,1,0,0
0.24602559825873724,0.33768959683143,0.007011446406886239,0.7830238488329974,-0.17604108823191106,1,0,0,0,0,0,0,0,0,0,1,0,0
1.3935190374655193,0.8768744853299358,0.3536349245768592,-0.3177350333268482,-0.4597685842687931,0,0,0,0,0,0,1,0,0,0,1,0,0
-0.9014678409480448,-0.7406801801655817,-0.6208428775838387,-0.9058157450627042,-0.889563470167448,1,0,0,0,0,0,0,0,0,0,1,0,0
-0.5189700278791175,-0.20149529166707583,0.007011446406886239,-0.6988728735994708,-0.32274749506029365,0,0,0,0,0,0,0,1,0,0,0,0,1
-0.5189700278791175,-0.7406801801655817,0.007011446406886239,0.20593012888893233,-0.6666149088017136,1,0,0,0,0,0,0,0,0,0,1,0,0
-0.9014678409480448,-0.7406801801655817,0.007011446406886239,0.760488544638505,-0.4237201015644446,1,0,0,0,0,0,0,0,0,0,1,0,0
-0.1364722148101901,-0.20149529166707583,0.007011446406886239,-1.35133247718284,1.964224877484906,0,1,0,0,0,0,0,0,0,0,1,0,0
0.24602559825873724,-0.20149529166707583,-0.3559915432140174,-0.3593437827651777,2.1193038926607706,0,0,0,1,0,0,0,0,0,0,1,0,0
-0.5189700278791175,-0.20149529166707583,0.007011446406886239,1.4789651798110701,1.1582055326866065,0,0,0,0,0,1,0,0,0,0,1,0,0
0.6285234113276646,-0.20149529166707583,0.19953960276169042,-0.8848200631149292,-1.3469926200157822,0,0,0,0,0,1,0,0,0,0,1,0,0
-0.9014678409480448,-0.7406801801655817,0.007011446406886239,0.38894928681024454,-0.38961046568729835,1,0,0,0,0,0,0,0,0,0,1,0,0
-0.5189700278791175,-0.20149529166707583,-0.35818039721707373,0.835872757114131,-0.13758613698238192,1,0,0,0,0,0,0,0,0,0,1,0,0
-0.9014678409480448,-0.7406801801655817,-0.38006893724763746,0.5542925732533094,-0.2847770078365146,1,0,0,0,0,0,0,0,0,0,1,0,0
0.24602559825873724,0.8768744853299358,0.34006402975790967,-0.8429386722370659,-1.6697457243140783,0,0,0,0,0,1,0,0,0,0,1,0,0
-0.1364722148101901,-0.20149529166707583,0.007011446406886239,-1.0047903153705948,-1.83192327680045,0,1,0,0,0,0,0,0,0,0,1,0,0
-0.5189700278791175,-0.7406801801655817,-0.5770657975227111,-0.37173063942720036,-0.11777760174379481,0,1,0,0,0,0,0,0,0,0,1,0,0
0.24602559825873724,0.8768744853299358,0.49547266397491224,-1.6759464775020636,-1.9705493388551576,0,0,0,1,0,0,0,0,0,0,1,0,0
-0.5189700278791175,-0.7406801801655817,-0.51140017743102,0.7110556732172221,-0.43828968840145643,1,0,0,0,0,0,0,0,0,0,1,0,0
-0.5189700278791175,-0.20149529166707583,0.007011446406886239,0.5703005206309938,-0.3807979758930141,1,0,0,0,0,0,0,0,0,0,1,0,0
-0.9014678409480448,-0.20149529166707583,-0.5516750910872572,0.056630301943833776,1.0430229721499145,0,0,0,0,0,0,0,1,0,0,0,0,1
-0.9014678409480448,-0.7406801801655817,0.007011446406886239,0.1488472594293462,0.8647441735549307,1,0,0,0,0,0,0,0,0,0,1,0,0
-0.1364722148101901,-0.7406801801655817,0.007011446406886239,0.3944158622278789,-0.29407891527643193,1,0,0,0,0,0,0,0,0,0,1,0,0
0.24602559825873724,-0.20149529166707583,0.007011446406886239,-1.2732103947893165,1.8528754280233886,0,0,0,1,0,0,0,0,0,0,1,0,0
-0.9014678409480448,-0.7406801801655817,0.007011446406886239,0.6055434361221635,1.5766784249518901,1,0,0,0,0,0,0,0,0,0,1,0,0
-0.1364722148101901,-0.20149529166707583,0.007011446406886239,0.17929145647447509,0.40062169250370977,0,0,0,0,0,0,1,0,0,0,1,0,0
-0.9014678409480448,-0.7406801801655817,-0.6361648556052333,0.06762760370606595,-0.22192448787697844,0,0,0,0,0,0,0,1,0,0,0,0,1
1.3935190374655193,-0.20149529166707583,0.46920641593823575,-0.9293728818792475,-0.8106859898456684,0,0,0,0,0,1,0,0,0,0,1,0,0
0.24602559825873724,0.8768744853299358,0.007011446406886239,-0.05778974957863198,-0.6691640416000063,1,0,0,0,0,0,0,0,0,0,1,0,0
0.6285234113276646,-0.20149529166707583,0.007011446406886239,0.13658297685984913,0.7310846108076646,0,0,0,1,0,0,0,0,0,0,1,0,0
-0.9014678409480448,-0.7406801801655817,-0.5770657975227111,0.12727536469134262,0.9548009832571103,1,0,0,0,0,0,0,0,0,0,1,0,0
1.3935190374655193,1.4160593738284417,0.12774519146144134,-0.29254548452994245,0.8474857618385566,0,0,0,0,0,1,0,0,0,0,1,0,0
-0.9014678409480448,-0.7406801801655817,-0.6746886860590254,-0.042296155168854634,1.4168766285674803,1,0,0,0,0,0,0,0,0,0,1,0,0
-0.5189700278791175,-0.20149529166707583,0.38602996382209354,0.1456843896204272,-0.543876096476302,0,0,0,1,0,0,0,0,0,0,1,0,0
-0.1364722148101901,-0.20149529166707583,-0.40195747727820125,-1.4571574500468356,-0.42255897306086065,1,0,0,0,0,0,0,0,0,0,1,0,0
-0.5189700278791175,-0.7406801801655817,-0.5770657975227111,1.9192822501917854,0.6555022784403752,1,0,0,0,0,0,0,0,0,0,1,0,0
1.3935190374655193,1.4160593738284417,0.007011446406886239,-0.987059457383545,0.23160220021753608,0,0,0,0,0,1,0,0,0,0,1,0,0
-0.5189700278791175,-0.20149529166707583,-0.51140017743102,0.7022750150914616,-0.20045252707750627,1,0,0,0,0,0,0,0,0,0,1,0,0
-0.9014678409480448,-0.7406801801655817,0.007011446406886239,-0.48077117750435683,-0.19515215378921152,1,0,0,0,0,0,0,0,0,0,1,0,0
1.011021224396592,8.483335059174191e-05,0.7056026482683242,-1.9968992927763036,-2.013385271540453,0,0,0,0,0,1,0,0,0,0,1,0,0
0.24602559825873724,0.33768959683143,0.007011446406886239,0.14577145159267088,-0.52202964201271,0,1,0,0,0,0,0,0,0,0,1,0,0
-0.9014678409480448,-0.7406801801655817,-0.675564227660248,-1.1354290958878759,-0.9106401320992067,1,0,0,0,0,0,0,0,0,0,1,0,0
-0.9014678409480448,-0.7406801801655817,-0.458867681357667,-0.05716427804092085,-0.5887172544954022,1,0,0,0,0,0,0,0,0,0,1,0,0
-0.5189700278791175,-0.20149529166707583,-0.30433458874188696,-1.0272076276816016,0.04257701862094907,0,0,0,1,0,0,0,0,0,0,1,0,0
-0.9014678409480448,-0.7406801801655817,-0.6427314176144024,-0.9639353393239036,0.16118054905761264,1,0,0,0,0,0,0,0,0,0,1,0,0
-0.5189700278791175,-0.20149529166707583,-0.4457345573393287,0.8222097552268454,-0.08759123282392099,1,0,0,0,0,0,0,0,0,0,1,0,0
-0.9014678409480448,-0.7406801801655817,0.007011446406886239,0.4360944903545733,-0.27709988772219696,0,0,0,1,0,0,0,0,0,0,1,0,0
-0.9014678409480448,-0.7406801801655817,-0.6602422496388534,-1.5968827511451325,-1.496793057830866,0,0,0,0,0,0,0,1,0,0,0,0,1
0.6285234113276646,-0.20149529166707583,0.09097244421009426,-0.8649859711658536,-0.1277710345211954,0,0,0,0,0,1,0,0,0,0,1,0,0
0.24602559825873724,-0.20149529166707583,-0.3275364411742845,1.6143454011611102,0.8275771634781056,0,0,0,0,0,1,0,0,0,0,1,0,0
10.955964364188702,5.190353593317983,2.1975255367515487,0.8870995633854247,-0.04614231370941388,0,0,0,1,0,0,0,0,0,0,1,0,0
-0.1364722148101901,0.33768959683143,0.007011446406886239,0.7822769487549596,-0.4016596507213957,1,0,0,0,0,0,0,0,0,0,1,0,0
-0.9014678409480448,-0.7406801801655817,-0.6427314176144024,0.4638168552134844,-0.2263500518916928,1,0,0,0,0,0,0,0,0,0,1,0,0
3.306008102810156,0.8768744853299358,0.007011446406886239,-0.08616737033429749,0.30090928690094565,0,0,0,0,0,1,0,0,0,0,1,0,0
-0.5189700278791175,-0.20149529166707583,0.03581332333307363,-2.429265084872419,-2.9469979761617124,0,0,0,1,0,0,0,0,0,0,1,0,0
-0.9014678409480448,-0.7406801801655817,-0.6733753736571917,-0.1750186952596406,-0.4589730329134831,0,0,0,0,0,0,0,1,0,0,0,0,1
0.24602559825873724,0.8768744853299358,-0.0298522967586176,-1.208397338632621,1.836026185310457,0,0,0,1,0,0,0,0,0,0,1,0,0
-0.9014678409480448,-0.7406801801655817,-0.605520899562444,0.15650527633353006,0.80421093843052,0,1,0,0,0,0,0,0,0,0,1,0,0
-0.1364722148101901,-0.20149529166707583,0.007011446406886239,-1.7940128218901132,-1.7673756281127488,0,0,0,1,0,0,0,0,0,0,1,0,0
-0.9014678409480448,-0.7406801801655817,0.007011446406886239,1.5738088886445945,0.006483953337652705,1,0,0,0,0,0,0,0,0,0,1,0,0
0.24602559825873724,-0.20149529166707583,-0.40721072688553656,-2.136739149101327,-2.5408516716448246,0,0,0,1,0,0,0,0,0,0,1,0,0
-0.9014678409480448,-0.20149529166707583,0.007011446406886239,0.2799602985851312,-0.429178990689421,1,0,0,0,0,0,0,0,0,0,1,0,0
-0.9014678409480448,-0.7406801801655817,-0.6204051067832274,-1.0805250668399191,-0.8846534421268428,0,1,0,0,0,0,0,0,0,0,1,0,0
-0.5189700278791175,-0.20149529166707583,-0.5223444474463018,1.7330028505188693,0.3473762229697067,1,0,0,0,0,0,0,0,0,0,1,0,0
-0.1364722148101901,0.33768959683143,0.03843994813674128,-0.8271059943562306,0.35078827635383225,0,0,0,1,0,0,0,0,0,0,1,0,0
-0.9014678409480448,-0.7406801801655817,0.007011446406886239,0.33820704914789596,-0.41374549254265613,1,0,0,0,0,0,0,0,0,0,1,0,0
-0.1364722148101901,-0.7406801801655817,-0.7368521397458265,-1.4170997783778636,-0.08049269551355476,0,1,0,0,0,0,0,0,0,0,1,0,0
-0.1364722148101901,-0.20149529166707583,-0.24873769706425503,0.12216734713320558,0.9512928296470836,1,0,0,0,0,0,0,0,0,0,1,0,0
0.6285234113276646,0.33768959683143,-0.12178416488698532,-1.2289794762120145,0.005155392481541176,0,0,0,0,0,1,0,0,0,0,1,0,0
-0.1364722148101901,-0.20149529166707583,-0.353802689210961,-1.05883174356167,-0.9013867701342001,0,0,0,1,0,0,0,0,0,0,1,0,0
0.24602559825873724,0.33768959683143,0.007011446406886239,0.7992895454707347,1.2654940045576226,0,0,0,0,0,1,0,0,0,0,1,0,0
-0.9014678409480448,-0.7406801801655817,-0.685195185273696,-0.8917369077024767,-0.2950864815632174,0,1,0,0,0,0,0,0,0,0,1,0,0
1.3935190374655193,8.483335059174191e-05,0.007011446406886239,0.27192768608960743,1.4162386023249316,0,0,0,0,0,1,0,0,0,0,1,0,0
0.24602559825873724,0.33768959683143,0.007011446406886239,0.01824742768910651,1.308232846292956,0,0,0,1,0,0,0,0,0,0,1,0,0
-0.5189700278791175,-0.20149529166707583,0.007011446406886239,-0.4079862231223416,1.8724580781947713,0,0,0,0,0,0,0,1,0,0,0,0,1
-0.1364722148101901,-0.20149529166707583,-0.423846017308765,1.353372557029523,0.22529128847055419,1,0,0,0,0,0,0,0,0,0,1,0,0
-0.1364722148101901,0.8768744853299358,0.46395316633090045,0.3262383190633757,-0.4881974088497213,0,1,0,0,0,0,0,0,0,0,1,0,0
0.24602559825873724,-0.20149529166707583,-0.25749311307648054,-1.0766313346847234,-0.6623092223885363,0,0,0,1,0,0,0,0,0,0,1,0,0
-0.5189700278791175,-0.7406801801655817,-0.31878102516205903,0.679392608560112,1.3781512096715172,0,0,0,1,0,0,0,0,0,0,1,0,0
0.24602559825873724,-0.20149529166707583,-0.4255971005112101,-1.7645835841535162,-2.146430585420666,0,0,0,1,0,0,0,0,0,0,1,0,0
0.24602559825873724,-0.20149529166707583,-0.19795628419334715,-1.5579958338929394,-0.24995305997031014,0,0,0,0,0,1,0,0,0,0,1,0,0
4.0710037289480105,1.9552442623269475,1.283460105075207,-0.8333549819721846,-0.7817826084787564,0,0,0,0,0,1,0,0,0,0,1,0,0
-0.5189700278791175,-0.20149529166707583,-0.25180209266853393,0.01720039291713347,-0.703216215486396,0,1,0,0,0,0,0,0,0,0,1,0,0
-0.5189700278791175,-0.20149529166707583,-0.5078980110261297,-0.8672003236977648,-1.3252828854612173,0,1,0,0,0,0,0,0,0,0,1,0,0
-0.1364722148101901,0.33768959683143,0.007011446406886239,0.460392799487753,-0.23050911115607675,1,0,0,0,0,0,0,0,0,0,1,0,0
-0.1364722148101901,-0.20149529166707583,-0.423846017308765,-1.4372740993502775,-0.4871739909792255,0,0,0,0,0,0,0,1,0,0,0,0,1
1.7760168505344465,3.0336140393239597,1.6774538256253544,0.6897552743664721,-0.1627871828392021,0,0,0,0,0,0,1,0,0,0,1,0,0
0.24602559825873724,-0.20149529166707583,-0.07362937681974509,1.2097237394169873,0.41298196486722627,0,0,0,0,0,1,0,0,0,0,1,0,0
0.24602559825873724,-0.20149529166707583,0.007011446406886239,0.4211553432418619,0.8914144630728522,0,0,0,1,0,0,0,0,0,0,1,0,0
-0.1364722148101901,-0.20149529166707583,0.007011446406886239,2.0067451657696185,0.28419478264920045,1,0,0,0,0,0,0,0,0,0,1,0,0
-0.9014678409480448,-0.7406801801655817,-0.6208428775838387,0.2153900995090077,0.8640041027425367,1,0,0,0,0,0,0,0,0,0,1,0,0
-0.1364722148101901,-0.7406801801655817,0.007011446406886239,0.4064945653300857,0.5790411739036834,1,0,0,0,0,0,0,0,0,0,1,0,0
-0.1364722148101901,8.483335059174191e-05,0.007011446406886239,-0.5192892269266115,0.24046521693471237,0,0,0,0,1,0,0,0,0,0,1,0,0
-0.5189700278791175,-0.20149529166707583,-0.3988930816739223,0.8927173517022663,0.012321299022571027,0,1,0,0,0,0,0,0,0,0,1,0,0
-0.5189700278791175,-0.20149529166707583,-0.31440331715594627,-1.7576025886390052,-1.9081327374464607,0,0,0,1,0,0,0,0,0,0,1,0,0
-0.5189700278791175,-0.7406801801655817,-0.6865084976755299,0.7201215738575183,0.3378405046706593,1,0,0,0,0,0,0,0,0,0,1,0,0
-0.5189700278791175,-0.20149529166707583,0.007011446406886239,0.7349232546981418,-0.20491078498356174,0,0,0,0,0,0,0,1,0,0,1,0,0
-0.1364722148101901,-0.20149529166707583,-0.31878102516205903,-0.8498853011835752,-1.92600837020179,0,0,0,1,0,0,0,0,0,0,1,0,0
-0.1364722148101901,-0.7406801801655817,-0.3397940235914002,-1.1621926334995007,-0.003488674236295164,0,0,0,1,0,0,0,0,0,0,1,0,0
-0.1364722148101901,-0.20149529166707583,-0.4457345573393287,2.0785117241863422,0.32627776511043416,1,0,0,0,0,0,0,0,0,0,1,0,0
0.24602559825873724,-0.20149529166707583,-0.29251477712538254,2.100917580974627,0.7228923142242373,0,0,0,1,0,0,0,0,0,0,1,0,0
1.011021224396592,1.4160593738284417,0.007011446406886239,-0.5996119152248456,1.8196316849039769,0,0,0,0,0,1,0,0,0,0,1,0,0
-0.9014678409480448,-0.7406801801655817,-0.6799419356663607,0.7348487938007371,-0.02645365607236391,1,0,0,0,0,0,0,0,0,0,1,0,0
-0.1364722148101901,-0.7406801801655817,-0.7469208681598858,-1.193814458275009,-0.12434412027742058,0,1,0,0,0,0,0,0,0,0,1,0,0
0.24602559825873724,0.33768959683143,0.27658726366927483,-0.4603505627946115,-0.2033137379292792,0,0,0,0,0,0,1,0,0,0,1,0,0
-0.1364722148101901,-0.20149529166707583,0.007011446406886239,-1.0865598361819826,-0.22777570369776656,0,0,0,1,0,0,0,0,0,0,1,0,0
-0.1364722148101901,-0.20149529166707583,0.007011446406886239,0.2297782359812499,0.9513136348505363,0,0,0,0,0,0,0,1,0,0,0,0,1
-0.9014678409480448,-0.7406801801655817,0.007011446406886239,0.13681552397006136,0.6844651032460254,1,0,0,0,0,0,0,0,0,0,1,0,0
1.3935190374655193,0.8768744853299358,1.3272371851363345,0.9910481216362055,0.044641687393491745,0,0,0,0,0,0,1,0,0,0,1,0,0
-0.5189700278791175,-0.20149529166707583,-0.22378476142941237,-1.46959585656082,-0.24876419119540896,0,0,0,0,0,0,0,1,0,0,0,0,1
1.011021224396592,1.4160593738284417,0.20654393557147083,-2.1122873359643797,-2.4613381465283375,0,0,0,0,0,1,0,0,0,0,1,0,0
-0.5189700278791175,-0.20149529166707583,-0.44135684933321595,-0.9369232168703867,-0.033630460577080266,1,0,0,0,0,0,0,0,0,0,1,0,0
-0.1364722148101901,-0.20149529166707583,-0.2531154050703678,-0.020085042265939285,0.8922110051520825,0,0,0,1,0,0,0,0,0,0,1,0,0
0.24602559825873724,0.8768744853299358,0.18903310354701983,-1.3536018162235537,-1.5491855140188024,0,0,0,1,0,0,0,0,0,0,1,0,0
-0.9014678409480448,-0.7406801801655817,0.007011446406886239,1.9140001086890797,0.3082604588260541,1,0,0,0,0,0,0,0,0,0,1,0,0
-0.1364722148101901,0.33768959683143,0.007011446406886239,0.29518125155537467,1.1403923155420579,0,0,0,1,0,0,0,0,0,0,1,0,0
-0.1364722148101901,-0.20149529166707583,-0.07362937681974509,-0.16374760650559422,1.8739996447062786,0,0,0,1,0,0,0,0,0,0,1,0,0
-0.5189700278791175,-0.20149529166707583,0.007011446406886239,-0.30948476590059315,1.0992158455216847,0,0,0,0,0,1,0,0,0,0,1,0,0
-0.5189700278791175,-0.20149529166707583,-0.46762309736989244,-0.6935884409922859,-0.3091834930620859,1,0,0,0,0,0,0,0,0,0,1,0,0
-0.5189700278791175,-0.20149529166707583,-0.5022069906181832,-1.4805484817846908,-0.0073425905150634315,0,1,0,0,0,0,0,0,0,0,1,0,0
-0.9014678409480448,-0.7406801801655817,-0.5551772574921474,1.8164357132217803,0.561155633908588,1,0,0,0,0,0,0,0,0,0,1,0,0
-0.1364722148101901,0.33768959683143,-0.15242812092977456,-0.4113930955640315,-0.39451554010787965,0,1,0,0,0,0,0,0,0,0,1,0,0
-0.5189700278791175,-0.20149529166707583,-0.3047723595424982,-1.2145191699470097,-0.3337692993280732,0,0,0,0,0,1,0,0,0,0,1,0,0
-0.9014678409480448,-0.7406801801655817,0.007011446406886239,0.5083192696780399,0.8514526206509975,1,0,0,0,0,0,0,0,0,0,1,0,0
-0.1364722148101901,-0.20149529166707583,0.02399351171656921,0.2607104382920834,-0.40042917153930746,0,1,0,0,0,0,0,0,0,0,1,0,0
1.011021224396592,1.9552442623269475,0.6268039041582947,-0.3601605615314991,-0.3984199833096808,0,0,0,1,0,0,0,0,0,0,1,0,0
1.011021224396592,0.8768744853299358,0.49547266397491224,-0.20503560130918752,0.09630695218070222,0,0,0,0,0,0,1,0,0,0,1,0,0
-0.1364722148101901,-0.20149529166707583,-0.388824353259863,2.172413789056459,0.973561332525786,0,0,0,1,0,0,0,0,0,0,1,0,0
-0.9014678409480448,-0.7406801801655817,-0.6370403972064558,-0.26194663792884687,-0.47615912177931047,0,1,0,0,0,0,0,0,0,0,1,0,0
0.6285234113276646,-0.20149529166707583,0.007011446406886239,-0.22828802122275588,1.3018020569445776,0,0,0,0,0,1,0,0,0,0,1,0,0
-0.5189700278791175,-0.20149529166707583,-0.46762309736989244,-0.9827876929802499,0.24524347868603286,0,1,0,0,0,0,0,0,0,0,1,0,0
0.6285234113276646,0.8768744853299358,0.36414142379152975,-0.632221206054403,-0.17568739977138464,0,0,0,0,0,0,1,0,0,0,1,0,0
1.011021224396592,1.9552442623269475,0.007011446406886239,-0.04209912017892433,0.41926315489476873,0,0,0,0,0,1,0,0,0,0,1,0,0
-0.1364722148101901,-0.20149529166707583,-0.4220949341063199,-1.1268855670813676,-1.3615414016492005,0,0,0,0,0,0,0,1,0,0,0,1,0
-0.1364722148101901,-0.20149529166707583,-0.051740836789181344,-1.2010314375564917,0.11002947001545083,0,0,0,1,0,0,0,0,0,0,1,0,0
-0.5189700278791175,-0.7406801801655817,-0.5551772574921474,-1.395806252840714,0.008209794509177479,1,0,0,0,0,0,0,0,0,0,1,0,0
1.7760168505344465,0.33768959683143,0.5830268240971672,-0.7941163801740946,-1.4814497155661988,0,0,0,0,0,1,0,0,0,0,1,0,0
-0.1364722148101901,-0.20149529166707583,0.007011446406886239,-0.2824531690585556,0.021193232255593244,0,0,0,0,0,0,1,0,0,0,1,0,0
1.011021224396592,0.8768744853299358,-0.0245990471512823,0.5803687795047388,1.8064253342622583,0,0,0,1,0,0,0,0,0,0,1,0,0
-0.5189700278791175,-0.7406801801655817,0.007011446406886239,0.14816794693503132,0.8231347571557606,1,0,0,0,0,0,0,0,0,0,1,0,0
-0.9014678409480448,-0.7406801801655817,-0.5551772574921474,-0.8675439893778625,-1.3087457208017659,0,0,0,0,0,0,0,1,0,1,0,0,0
-0.1364722148101901,8.483335059174191e-05,0.007011446406886239,-0.39969815247132545,0.2134491647480492,0,0,0,0,1,0,0,0,0,0,1,0,0
-0.1364722148101901,8.483335059174191e-05,0.007011446406886239,0.7888375265874888,0.9520358726313792,0,0,0,0,1,0,0,0,0,0,1,0,0
-0.5189700278791175,-0.7406801801655817,-0.7127747457122063,-1.6015818065440093,-1.4992213223037012,0,0,0,0,0,0,0,1,0,1,0,0,0
-0.1364722148101901,-0.20149529166707583,-0.21065163741107412,1.1192159459138027,-0.17728940044569105,0,1,0,0,0,0,0,0,0,0,1,0,0
0.24602559825873724,0.8768744853299358,0.40791850385265727,0.9432373522248438,-0.07184664734773702,0,1,0,0,0,0,0,0,0,0,1,0,0
-0.9014678409480448,-0.7406801801655817,-0.6208428775838387,-0.8914516651880224,-0.9378800879052338,1,0,0,0,0,0,0,0,0,0,1,0,0
0.24602559825873724,-0.20149529166707583,0.007011446406886239,0.12045360094191945,1.2084699137672996,0,0,0,1,0,0,0,0,0,0,1,0,0
0.24602559825873724,-0.20149529166707583,-0.36693581322929925,-0.5212080269736271,0.6551911911109561,0,0,0,0,0,0,1,0,0,0,1,0,0
-0.1364722148101901,-0.7406801801655817,0.007011446406886239,-0.9616201781924668,0.15129114229803878,1,0,0,0,0,0,0,0,0,0,1,0,0
-0.9014678409480448,-0.7406801801655817,0.007011446406886239,1.0428259385478056,-0.24631314007099875,1,0,0,0,0,0,0,0,0,0,1,0,0
-0.5189700278791175,-0.20149529166707583,-0.36518473002685414,1.0833326667053595,-0.014252890269449401,0,1,0,0,0,0,0,0,0,0,1,0,0
-0.5189700278791175,-0.20149529166707583,-0.46762309736989244,1.9350679604296988,0.2678874659529163,1,0,0,0,0,0,0,0,0,0,1,0,0
-0.9014678409480448,-0.7406801801655817,-0.5836323595318803,0.5787512597038572,-0.17331461584146535,1,0,0,0,0,0,0,0,0,0,1,0,0
-0.1364722148101901,0.8768744853299358,0.2503210156325983,1.1304561047566068,1.167773944876995,0,1,0,0,0,0,0,0,0,0,1,0,0
-0.1364722148101901,-0.7406801801655817,-0.3240342747693943,-0.8634681144122175,-2.2746946653776563,0,0,0,1,0,0,0,0,0,0,1,0,0
-0.1364722148101901,-0.20149529166707583,-0.16118353694200005,-1.3994548368107769,-1.3469668611923056,0,0,0,0,0,0,1,0,0,0,1,0,0
0.24602559825873724,0.33768959683143,-0.24873769706425503,-0.8999539541130104,-1.473721077805069,0,0,0,0,0,1,0,0,0,0,1,0,0
-0.1364722148101901,-0.20149529166707583,-0.423846017308765,-0.7115541371940273,1.1053117701652893,0,0,0,1,0,0,0,0,0,0,1,0,0
4.453501542016938,3.572798927822465,0.007011446406886239,-0.07211144401943152,0.378136221073508,0,0,0,0,0,1,0,0,0,0,1,0,0
-0.1364722148101901,-0.20149529166707583,-0.03773217116962055,-0.8417965566269685,-1.306698885060915,0,1,0,0,0,0,0,0,0,0,1,0,0
-0.9014678409480448,-0.7406801801655817,0.007011446406886239,2.18838049655246,0.3641184674929099,1,0,0,0,0,0,0,0,0,0,1,0,0
0.6285234113276646,-0.20149529166707583,-0.17869436896645105,-0.7521147063081848,0.957303552028333,0,0,0,1,0,0,0,0,0,0,1,0,0
-0.1364722148101901,0.33768959683143,-0.18000768136828488,0.1352151874532213,-0.4484802752506832,0,1,0,0,0,0,0,0,0,0,1,0,0
0.24602559825873724,0.8768744853299358,-0.1519903501291633,-0.2715876058070099,0.2289282361978231,0,0,0,0,0,0,1,0,0,0,1,0,0
-0.1364722148101901,0.33768959683143,-0.35511600161279483,-0.5532811993423591,-0.49885958031303024,0,1,0,0,0,0,0,0,0,0,1,0,0
-0.9014678409480448,-0.7406801801655817,0.007011446406886239,1.5092260884935507,1.143714213043945,1,0,0,0,0,0,0,0,0,0,1,0,0
0.24602559825873724,1.9552442623269475,0.007011446406886239,0.6953306772495128,-0.23084199441315045,1,0,0,0,0,0,0,0,0,0,1,0,0
-0.5189700278791175,-0.7406801801655817,-0.5770657975227111,1.5429694760673247,0.10891094264311496,1,0,0,0,0,0,0,0,0,0,1,0,0
-0.1364722148101901,-0.7406801801655817,-0.7740626577977848,0.09626641037862528,0.8541037980191356,1,0,0,0,0,0,0,0,0,0,1,0,0
0.6285234113276646,-0.20149529166707583,0.03493778173185108,-1.3591497258521932,1.767717748397987,0,0,0,0,0,1,0,0,0,0,1,0,0
1.011021224396592,0.33768959683143,0.007011446406886239,-0.1839127630598472,-0.5349605713882521,0,0,0,0,0,1,0,0,0,0,1,0,0
-0.5189700278791175,-0.7406801801655817,-0.521031135044468,-1.123920877814659,-0.2757217906672544,1,0,0,0,0,0,0,0,0,0,1,0,0
-0.1364722148101901,-0.7406801801655817,-0.46762309736989244,1.1947330424523956,1.3010055148653474,0,0,0,1,0,0,0,0,0,0,1,0,0
0.6285234113276646,8.483335059174191e-05,0.17152227152256883,-0.33240841231354473,0.19625217791853536,0,0,0,0,0,0,1,0,0,0,1,0,0
-0.1364722148101901,-0.20149529166707583,-0.20496061700312754,-1.1984298883583202,-0.5075244522343193,0,0,0,1,0,0,0,0,0,0,1,0,0
-0.1364722148101901,0.33768959683143,0.007011446406886239,0.817872694344388,0.8536480649887639,0,0,0,1,0,0,0,0,0,0,1,0,0
-0.5189700278791175,-0.20149529166707583,-0.5394175086701415,1.2582310046066238,0.7998388735107402,0,1,0,0,0,0,0,0,0,0,1,0,0
-0.1364722148101901,0.8768744853299358,0.36414142379152975,0.38214470634486286,-0.5892205422767645,1,0,0,0,0,0,0,0,0,0,1,0,0
-0.1364722148101901,-0.20149529166707583,-0.09114020884419607,-0.6165202666842542,-0.42568867011094536,0,0,0,1,0,0,0,0,0,0,1,0,0
-0.1364722148101901,8.483335059174191e-05,0.007011446406886239,-0.44139969164321863,0.40624405108525097,0,0,0,0,1,0,0,0,0,0,1,0,0
-0.1364722148101901,0.8768744853299358,0.007011446406886239,0.5167642809896646,-0.2166498734121603,1,0,0,0,0,0,0,0,0,0,1,0,0
-0.5189700278791175,-0.7406801801655817,-0.528911009455471,-1.5421093150555816,-0.291871582250918,1,0,0,0,0,0,0,0,0,0,1,0,0
-0.5189700278791175,-0.7406801801655817,-0.5989543375532749,0.8684178970168063,-0.25222677150242656,1,0,0,0,0,0,0,0,0,0,1,0,0
-0.1364722148101901,-0.20149529166707583,-0.3647469592262429,-1.2368517113901702,-1.2514333293334579,0,0,0,1,0,0,0,0,0,0,1,0,0
0.6285234113276646,0.8768744853299358,-0.1603079953407775,-1.3529087571021197,-0.4394458632850165,0,0,0,1,0,0,0,0,0,0,1,0,0
-0.5189700278791175,-0.20149529166707583,-0.40195747727820125,0.5040841629473071,-0.4999820705813289,0,1,0,0,0,0,0,0,0,0,1,0,0
-0.1364722148101901,1.4160593738284417,1.119296054845979,0.13788203313055508,-0.018608112881598436,0,0,0,0,0,1,0,0,0,0,1,0,0
-0.5189700278791175,-0.7406801801655817,-0.581443505528824,-1.3665133358238433,-2.1577912172891818,0,1,0,0,0,0,0,0,0,0,1,0,0
-0.5189700278791175,-0.7406801801655817,-0.5267221554524145,1.7238384323836895,0.34026678769551316,1,0,0,0,0,0,0,0,0,0,1,0,0
-0.1364722148101901,-0.20149529166707583,-0.12178416488698532,1.9598061616333808,0.7980714219318877,0,0,0,1,0,0,0,0,0,0,1,0,0
-0.9014678409480448,-0.7406801801655817,0.007011446406886239,-0.5320919190614946,0.9397786355616284,1,0,0,0,0,0,0,0,0,0,1,0,0
-0.5189700278791175,-0.20149529166707583,0.007011446406886239,2.007073939270235,0.3812520479878637,1,0,0,0,0,0,0,0,0,0,1,0,0
-0.1364722148101901,-0.7406801801655817,0.007011446406886239,0.3747959885526937,-0.4126348909621051,1,0,0,0,0,0,0,0,0,0,1,0,0
1.011021224396592,1.9552442623269475,13.059494641518501,1.7825983903620808,0.591155746720463,0,0,0,0,0,1,0,0,0,0,1,0,0
-0.5189700278791175,-0.7406801801655817,0.007011446406886239,-0.15963851052422792,0.05193440660378244,1,0,0,0,0,0,0,0,0,0,1,0,0
-0.5189700278791175,-0.20149529166707583,-0.423846017308765,0.08935758465695842,0.9974021143593554,1,0,0,0,0,0,0,0,0,0,1,0,0
-0.9014678409480448,-0.7406801801655817,0.007011446406886239,1.5714914364085972,0.0020603707707789578,1,0,0,0,0,0,0,0,0,0,1,0,0
-0.9014678409480448,-0.7406801801655817,-0.6208428775838387,0.15046248812566718,-0.34747299340720966,0,1,0,0,0,0,0,0,0,0,1,0,0
1.011021224396592,-0.20149529166707583,0.38734327622392734,1.591899450043422,0.23952700132657198,0,0,0,0,0,1,0,0,0,0,1,0,0
0.24602559825873724,0.8768744853299358,0.0485086765508006,-1.928359755095381,-2.1259245805007922,0,0,0,0,0,1,0,0,0,0,1,0,0
1.7760168505344465,0.33768959683143,0.007011446406886239,-0.6358216768292637,-0.16364316835717038,0,0,0,1,0,0,0,0,0,0,1,0,0
1.011021224396592,-0.20149529166707583,0.007011446406886239,0.09021789440936095,0.5734980732405535,0,0,0,0,0,1,0,0,0,0,1,0,0
-0.9014678409480448,-0.7406801801655817,0.007011446406886239,0.7059888955407684,-0.21900581503458966,1,0,0,0,0,0,0,0,0,0,1,0,0
-0.9014678409480448,-0.7406801801655817,-0.6317871475991206,-1.2055082558155161,-0.3434348024682832,1,0,0,0,0,0,0,0,0,0,1,0,0
-0.9014678409480448,-0.7406801801655817,-0.6602422496388534,0.2728326723804528,0.8441906138840666,0,0,0,0,0,0,0,1,0,0,0,0,1
-0.1364722148101901,-0.20149529166707583,-0.09989562485642157,-1.2966163187066526,-0.38585264963443117,0,0,0,1,0,0,0,0,0,0,1,0,0
-0.9014678409480448,-0.7406801801655817,-0.6773153108626931,0.9715244743514249,-0.2579789149252711,0,0,0,0,0,0,0,1,0,0,1,0,0
0.24602559825873724,-0.20149529166707583,-0.4107128932904267,0.13728520039952555,2.12990364851344,0,0,0,0,0,0,0,1,0,0,0,0,1
-0.1364722148101901,-0.7406801801655817,-0.6865084976755299,0.2588993201581124,0.826080179545687,1,0,0,0,0,0,0,0,0,0,1,0,0
1.011021224396592,1.4160593738284417,0.007011446406886239,0.3831367546080333,1.2425131711379842,0,0,0,0,0,1,0,0,0,0,1,0,0
-0.1364722148101901,-0.20149529166707583,-0.4457345573393287,-2.4130601025048857,-2.9423286940482427,0,0,0,0,0,0,1,0,0,0,1,0,0
-0.1364722148101901,-0.7406801801655817,-0.7740626577977848,0.15774361833403197,-0.42627418798262046,1,0,0,0,0,0,0,0,0,0,1,0,0
-0.1364722148101901,0.8768744853299358,-0.06312287760507448,-1.3458384085108044,-1.5641870565106908,0,0,0,0,0,1,0,0,0,0,1,0,0
1.011021224396592,1.4160593738284417,0.007011446406886239,0.45413235634915883,-0.23451956182354528,0,0,0,0,0,1,0,0,0,0,1,0,0
0.24602559825873724,-0.20149529166707583,0.007011446406886239,0.4639520303810118,1.4255236674572183,0,0,0,0,0,0,0,1,0,0,0,0,1
3.306008102810156,1.9552442623269475,0.007011446406886239,-0.15848723049596972,0.40477480742414956,0,0,0,0,0,1,0,0,0,0,1,0,0
-0.1364722148101901,-0.20149529166707583,0.007011446406886239,0.9663775080162464,-0.25909744229760695,1,0,0,0,0,0,0,0,0,0,1,0,0
0.24602559825873724,8.483335059174191e-05,0.8019122244028046,0.26326731095181194,-0.5997469845549666,0,0,0,0,0,0,1,0,0,0,1,0,0
1.7760168505344465,0.8768744853299358,0.4166739198648828,1.195860265883012,0.550415195250929,0,0,0,0,0,1,0,0,0,0,1,0,0
0.24602559825873724,0.8768744853299358,-0.406335185284314,-1.8233332321614666,-2.3400160694931538,0,0,0,0,0,0,0,1,0,1,0,0,0
-0.9014678409480448,-0.7406801801655817,0.007011446406886239,0.7110866031284643,0.32823345424512623,1,0,0,0,0,0,0,0,0,0,1,0,0
-0.1364722148101901,-0.20149529166707583,-0.6401047928107347,-0.02241509557677565,-0.5174594322970429,0,1,0,0,0,0,0,0,0,0,1,0,0
0.24602559825873724,0.8768744853299358,0.25163432803443214,0.8666548920780376,-0.3478157839040496,0,1,0,0,0,0,0,0,0,0,1,0,0
-0.9014678409480448,-0.7406801801655817,-0.4772540549833405,2.0361824223721774,0.4248349865534178,1,0,0,0,0,0,0,0,0,0,1,0,0
-0.9014678409480448,-0.7406801801655817,-0.675564227660248,-0.9351315731249364,-0.8948826672113548,1,0,0,0,0,0,0,0,0,0,1,0,0
-0.1364722148101901,-0.20149529166707583,0.007011446406886239,1.0678574011318225,0.8311318811152023,0,0,0,1,0,0,0,0,0,0,1,0,0
-0.5189700278791175,-0.20149529166707583,0.13825169067611195,-0.11601473464839683,-0.44813154041003983,0,0,0,0,0,0,1,0,0,0,1,0,0
-0.9014678409480448,-0.7406801801655817,0.007011446406886239,1.6401638581524867,0.05710400432685354,1,0,0,0,0,0,0,0,0,0,1,0,0
1.011021224396592,0.33768959683143,0.007011446406886239,-0.5609426529033837,0.5862407650599747,0,0,0,0,0,1,0,0,0,0,1,0,0
0.24602559825873724,-0.20149529166707583,0.12336748345532861,-1.2399068992860447,0.021686612797189204,0,0,0,1,0,0,0,0,0,0,1,0,0
-0.9014678409480448,-0.7406801801655817,0.007011446406886239,0.45230978269246636,1.0839735571029425,0,1,0,0,0,0,0,0,0,0,1,0,0
0.24602559825873724,0.33768959683143,-0.2802571947082668,-1.0698359186375026,-0.5052537128742454,0,0,0,0,0,1,0,0,0,0,1,0,0
-0.1364722148101901,-0.7406801801655817,0.007011446406886239,1.6324588736052994,0.7518610833738316,1,0,0,0,0,0,0,0,0,0,1,0,0
-0.1364722148101901,-0.7406801801655817,0.007011446406886239,0.34119808611680674,0.2521300010649236,0,1,0,0,0,0,0,0,0,0,1,0,0
-0.9014678409480448,8.483335059174191e-05,-0.6703109780529127,1.4332622265708552,0.7976870210280016,0,1,0,0,0,0,0,0,0,0,1,0,0
-0.9014678409480448,-0.7406801801655817,-0.6033320455593877,-1.482454680756786,0.10157364085373555,1,0,0,0,0,0,0,0,0,0,1,0,0
-0.1364722148101901,-0.20149529166707583,-0.3975797692720885,1.0333728412413306,-0.09482153642357197,0,0,0,0,0,0,0,1,0,0,0,0,1
-0.1364722148101901,0.33768959683143,0.007011446406886239,0.6454281293987657,-0.2613255805267144,1,0,0,0,0,0,0,0,0,0,1,0,0
0.24602559825873724,-0.20149529166707583,0.007011446406886239,-0.4682056146887257,2.0692029810366424,0,0,0,1,0,0,0,0,0,0,1,0,0
-0.9014678409480448,-0.7406801801655817,-0.6646199576449662,1.4591494166982348,0.2006589181776376,1,0,0,0,0,0,0,0,0,0,1,0,0
-0.1364722148101901,-0.20149529166707583,-0.44836118214299636,1.8799714786008512,0.40319955629738086,0,0,0,1,0,0,0,0,0,0,1,0,0
-0.5189700278791175,-0.7406801801655817,-0.5989543375532749,-0.5027325600130998,-0.009290353857970675,1,0,0,0,0,0,0,0,0,0,1,0,0
-0.9014678409480448,-0.20149529166707583,0.007011446406886239,-0.5109908463051541,1.3066764189217992,0,0,0,1,0,0,0,0,0,0,1,0,0
-0.9014678409480448,-0.7406801801655817,-0.6510490628260166,0.48830990823211523,2.186163891115733,1,0,0,0,0,0,0,0,0,0,1,0,0
-0.9014678409480448,-0.7406801801655817,0.007011446406886239,0.6930647748655585,-0.13884931005567044,1,0,0,0,0,0,0,0,0,0,1,0,0
0.24602559825873724,-0.7406801801655817,0.007011446406886239,-0.3526251187198408,0.4684852943494946,0,0,0,1,0,0,0,0,0,0,1,0,0
-0.9014678409480448,-0.20149529166707583,-0.3625581052231865,-0.24067602343697742,0.2840729235998227,0,1,0,0,0,0,0,0,0,0,1,0,0
0.6285234113276646,-0.20149529166707583,0.007011446406886239,-0.6919846678186049,1.986313068599413,0,0,0,0,0,0,0,1,0,0,0,1,0
6.365990607361574,9.50383270130603,4.519461863193751,0.26294999297391664,-0.4420098569429585,0,0,0,0,0,1,0,0,0,0,1,0,0
-0.9014678409480448,-0.7406801801655817,0.007011446406886239,0.5949608242805116,-0.41962643008274286,1,0,0,0,0,0,0,0,0,0,1,0,0
1.7760168505344465,2.4944291508254537,1.2186700265847383,1.2614706264174267,-0.05118212659118164,0,0,0,0,0,0,1,0,0,0,1,0,0
-0.5189700278791175,-0.7406801801655817,-0.5551772574921474,0.16526760562305015,1.1985715904920207,1,0,0,0,0,0,0,0,0,0,1,0,0
1.7760168505344465,3.0336140393239597,1.4034093044426963,2.1097429156388303,0.43754003086161475,0,0,0,0,0,0,1,0,0,0,1,0,0
-0.5189700278791175,0.33768959683143,-0.3975797692720885,0.5446916997043866,-0.32444955885646404,0,1,0,0,0,0,0,0,0,0,1,0,0
-0.9014678409480448,-0.7406801801655817,0.007011446406886239,0.6598884356638521,-0.17989500451067933,0,0,0,0,0,0,0,1,0,1,0,0,0
-0.9014678409480448,-0.7406801801655817,-0.5770657975227111,0.1752740046744736,0.9156673860817658,1,0,0,0,0,0,0,0,0,0,1,0,0
-0.1364722148101901,-0.20149529166707583,-0.43172589171976794,0.1883779770554908,1.3467829070446067,0,1,0,0,0,0,0,0,0,0,1,0,0
1.011021224396592,0.8768744853299358,-0.31878102516205903,-0.917511833707772,-0.60872987887368,0,0,0,1,0,0,0,0,0,0,1,0,0
0.24602559825873724,0.33768959683143,-0.3327896907816198,-1.168560758551221,0.12140397201983646,0,0,0,0,0,1,0,0,0,0,1,0,0
-0.1364722148101901,-0.7406801801655817,0.007011446406886239,0.40673513130617855,0.2576810275199791,0,0,0,1,0,0,0,0,0,0,1,0,0
0.6285234113276646,1.9552442623269475,2.431732915078581,0.9000912716442762,1.1471411272877197,0,0,0,1,0,0,0,0,0,0,1,0,0
0.24602559825873724,-0.20149529166707583,0.297600262098616,-1.6161875979469829,-1.9641869094612225,0,0,0,1,0,0,0,0,0,0,1,0,0
0.24602559825873724,0.33768959683143,-0.01715694354089063,0.38507273793909047,2.3520586399718457,0,0,0,1,0,0,0,0,0,0,1,0,0
0.6285234113276646,8.483335059174191e-05,0.013924783302509887,-1.77145231554578,-1.82783257749065,0,0,0,1,0,0,0,0,0,0,1,0,0
1.7760168505344465,1.4160593738284417,1.8140383154160722,0.05401615167082344,-0.0038710936921998924,0,0,0,0,0,0,0,1,0,0,0,0,1
-0.1364722148101901,-0.20149529166707583,-0.48863609579923367,1.84630598858116,0.8631936905275774,0,0,0,1,0,0,0,0,0,0,1,0,0
-0.5189700278791175,-0.7406801801655817,-0.423846017308765,0.9198829781595509,1.4095432896740636,1,0,0,0,0,0,0,0,0,0,1,0,0
-0.1364722148101901,-0.20149529166707583,0.007011446406886239,-1.0843775591135127,0.024491352382125825,0,0,0,0,0,0,1,0,0,0,1,0,0
-0.5189700278791175,-0.7406801801655817,0.007011446406886239,-0.15511357907000117,0.8749823151551478,1,0,0,0,0,0,0,0,0,0,1,0,0
1.011021224396592,1.4160593738284417,0.007011446406886239,0.4078314248255528,1.1235519893448314,0,0,0,0,0,1,0,0,0,0,1,0,0
0.24602559825873724,-0.20149529166707583,0.00516936729028439,1.5918960133866626,1.096142619738577,0,0,0,0,0,1,0,0,0,0,1,0,0
-0.1364722148101901,0.33768959683143,0.007011446406886239,0.41810588310738894,0.39510534138797676,0,0,0,0,0,1,0,0,0,0,1,0,0
-0.1364722148101901,0.8768744853299358,-0.15023926692671818,0.6466756358174286,-0.3824931046211792,1,0,0,0,0,0,0,0,0,0,1,0,0
0.24602559825873724,0.8768744853299358,0.2415655996203728,-2.3265262298154585,-2.9456991370251813,0,0,0,1,0,0,0,0,0,0,1,0,0
-0.1364722148101901,-0.20149529166707583,-0.07362937681974509,-0.9422763826135749,0.041325734235408154,0,0,0,0,0,0,1,0,0,0,1,0,0
1.7760168505344465,1.9552442623269475,0.5602627424653809,-1.011203116960758,0.28244615482610075,0,0,0,0,0,1,0,0,0,0,1,0,0
1.3935190374655193,0.8768744853299358,0.007011446406886239,0.8551993694090627,1.0161188717728629,0,0,0,0,0,1,0,0,0,0,1,0,0
0.6285234113276646,1.4160593738284417,0.9319301521843533,0.7344329583278766,-0.4319084352519092,0,1,0,0,0,0,0,0,0,0,1,0,0
-0.5189700278791175,-0.7406801801655817,0.007011446406886239,0.6909122821560504,-0.04812970601152673,1,0,0,0,0,0,0,0,0,0,1,0,0
-0.1364722148101901,0.8768744853299358,-0.04254764997634457,0.3001907516185466,-0.4807986821736225,0,0,0,1,0,0,0,0,0,0,1,0,0
-0.1364722148101901,-0.7406801801655817,-0.6908862056816426,0.4267227272590219,0.5021391971962692,1,0,0,0,0,0,0,0,0,0,1,0,0
0.6285234113276646,0.8768744853299358,0.6268039041582947,-2.45495638556223,-2.996382594349083,0,0,0,0,0,0,0,1,0,0,0,0,1
-0.5189700278791175,-0.7406801801655817,0.007011446406886239,0.253617178655488,-0.6665921221502794,1,0,0,0,0,0,0,0,0,0,1,0,0
-0.1364722148101901,-0.7406801801655817,-0.3730646044378571,-0.9550985491370602,-1.5732789304671142,0,0,0,0,0,0,0,1,0,1,0,0,0
-0.1364722148101901,-0.7406801801655817,0.007011446406886239,0.07720900286646802,1.0493933273356344,1,0,0,0,0,0,0,0,0,0,1,0,0
-0.1364722148101901,-0.20149529166707583,-0.3345407739840649,-1.1961250371973247,-0.3553750078646707,0,0,0,1,0,0,0,0,0,0,1,0,0
0.6285234113276646,-0.20149529166707583,-0.1305395808992108,-0.9271493649291755,-1.8923752725584682,0,0,0,1,0,0,0,0,0,0,1,0,0
-0.5189700278791175,-0.7406801801655817,-0.5551772574921474,-0.7550427379024124,-1.4207579646052473,1,0,0,0,0,0,0,0,0,0,1,0,0
-0.5189700278791175,-0.20149529166707583,-0.47856736738517436,0.39997179072239886,0.5783744166657565,1,0,0,0,0,0,0,0,0,0,1,0,0
-0.1364722148101901,-0.20149529166707583,-0.29251477712538254,0.48734191656658665,0.34406026981162313,1,0,0,0,0,0,0,0,0,0,1,0,0
-0.1364722148101901,-0.20149529166707583,0.007011446406886239,-1.0583609215799257,0.35724581524974813,0,0,0,1,0,0,0,0,0,0,1,0,0
-0.5189700278791175,8.483335059174191e-05,0.07389938298625454,-2.279575770156581,-2.5896418554445333,0,0,0,0,0,0,1,0,0,0,1,0,0
0.24602559825873724,-0.20149529166707583,0.03143561532696088,-1.6386049102579079,-1.7441976406211435,0,0,0,1,0,0,0,0,0,0,1,0,0
0.24602559825873724,0.33768959683143,-0.1585569121383324,-0.865405243295555,0.0011261180584605512,0,0,0,1,0,0,0,0,0,0,1,0,0
0.24602559825873724,-0.20149529166707583,-0.4010819356769787,-1.1075394803979965,-1.4053363551462301,0,0,0,1,0,0,0,0,0,0,1,0,0
1.011021224396592,1.9552442623269475,0.007011446406886239,-1.5825163801659714,-0.6738818691886684,0,0,0,0,0,1,0,0,0,0,1,0,0
0.24602559825873724,0.8768744853299358,-0.1848231601750089,-1.0607963656994088,-0.9117319099242864,0,0,0,1,0,0,0,0,0,0,1,0,0
-0.5189700278791175,-0.20149529166707583,-0.4474856405417738,-0.9881523142461597,-0.5920143838978738,0,1,0,0,0,0,0,0,0,0,1,0,0
1.011021224396592,0.33768959683143,-0.06574950240874214,0.28297882880836195,0.8650146412012238,0,0,0,0,0,1,0,0,0,0,1,0,0
0.24602559825873724,-0.20149529166707583,-0.0924535212460299,-1.0200616726406826,-0.9284444327280502,0,0,0,0,0,0,0,1,0,0,0,0,1
-0.5189700278791175,-0.7406801801655817,-0.5551772574921474,-1.5541822903964684,-0.31175442178803325,1,0,0,0,0,0,0,0,0,0,1,0,0
0.24602559825873724,-0.20149529166707583,-0.24873769706425503,-0.7993630095565184,-0.11928845581194242,0,0,0,1,0,0,0,0,0,0,1,0,0
-0.5189700278791175,-0.7406801801655817,-0.5551772574921474,-0.9173766585402446,-0.878604081510449,1,0,0,0,0,0,0,0,0,0,1,0,0
-0.1364722148101901,0.8768744853299358,0.9989090846778783,1.615371815992201,1.497921812955568,0,0,0,1,0,0,0,0,0,0,1,0,0
0.24602559825873724,0.8768744853299358,0.007011446406886239,0.8633877770128334,1.407587600539231,0,0,0,1,0,0,0,0,0,0,1,0,0
-0.1364722148101901,0.33768959683143,-0.134041747304101,0.1185256364767429,-0.6666050015619474,0,1,0,0,0,0,0,0,0,0,1,0,0
-0.1364722148101901,3.0336140393239597,0.5742714080849417,-1.5316229296044157,-0.4133254255755272,0,0,0,0,0,1,0,0,0,0,1,0,0
-0.9014678409480448,-0.7406801801655817,-0.6208428775838387,-1.1405634611481341,-0.8887669280882177,1,0,0,0,0,0,0,0,0,0,1,0,0
-0.1364722148101901,0.8768744853299358,0.25469872363871104,-1.5579912516838996,-0.046692165517846156,0,0,0,1,0,0,0,0,0,0,1,0,0
-0.9014678409480448,-0.7406801801655817,-0.5551772574921474,1.8076149607666168,0.23792995427214866,1,0,0,0,0,0,0,0,0,0,1,0,0
-0.5189700278791175,-0.20149529166707583,-0.4269104129130439,1.932687502819018,0.2039917136433519,1,0,0,0,0,0,0,0,0,0,1,0,0
1.011021224396592,3.0336140393239597,0.007011446406886239,0.788523645266353,-0.1667025240046898,0,0,0,0,0,0,1,0,0,0,1,0,0
-0.9014678409480448,-0.7406801801655817,-0.6558645416327407,-1.5427473876682944,-2.1848786016024713,0,0,0,0,0,0,0,1,0,1,0,0,0
0.24602559825873724,0.8768744853299358,0.562013825667826,0.3574970037702654,-0.6036345854489963,0,1,0,0,0,0,0,0,0,0,1,0,0
-0.1364722148101901,0.8768744853299358,0.1671445635164561,-0.7078711866559626,1.0730310107535743,0,0,0,0,0,0,0,1,0,0,0,0,1
-0.5189700278791175,-0.7406801801655817,-0.4895116374004562,-1.3624386064104785,-0.3578607343284034,0,0,0,1,0,0,0,0,0,0,1,0,0
-0.9014678409480448,-0.7406801801655817,-0.7521741177672211,1.4722751545724146,0.18248804967659973,1,0,0,0,0,0,0,0,0,0,1,0,0
-0.1364722148101901,-0.20149529166707583,-0.3953909152690321,0.9386104666188111,-0.07864697674035206,1,0,0,0,0,0,0,0,0,0,1,0,0
-0.9014678409480448,-0.7406801801655817,0.007011446406886239,0.4199399122867215,0.5620235081143039,1,0,0,0,0,0,0,0,0,0,1,0,0
0.24602559825873724,-0.20149529166707583,0.007011446406886239,0.1411720592411208,1.2050548882112724,0,0,0,1,0,0,0,0,0,0,1,0,0
0.24602559825873724,0.8768744853299358,0.36414142379152975,0.8438331998168107,-0.3177334410020025,1,0,0,0,0,0,0,0,0,0,1,0,0
-0.1364722148101901,8.483335059174191e-05,1.6774538256253544,0.10155657074713029,-0.569703279888064,1,0,0,0,0,0,0,0,0,0,1,0,0
-0.1364722148101901,8.483335059174191e-05,0.007011446406886239,-1.0984231754579374,-0.2606211757775632,0,0,0,0,1,0,0,0,0,0,1,0,0
-0.1364722148101901,-0.20149529166707583,-0.023285734749448478,-1.8591913092199877,-2.2069846257485293,0,0,0,0,0,0,0,1,0,1,0,0,0
-0.9014678409480448,-0.7406801801655817,0.007011446406886239,0.42844792897294814,0.5986030188714725,1,0,0,0,0,0,0,0,0,0,1,0,0
-0.5189700278791175,-0.20149529166707583,-0.5332887174615837,0.34541715511577825,1.0549909178177599,0,1,0,0,0,0,0,0,0,0,1,0,0
-0.5189700278791175,-0.7406801801655817,0.007011446406886239,-0.1587690363536645,0.8714810966129857,1,0,0,0,0,0,0,0,0,0,1,0,0
4.0710037289480105,2.4944291508254537,1.8416178758545825,1.4755583073692988,0.5295158729114641,0,0,0,0,0,0,1,0,0,0,1,0,0
0.24602559825873724,-0.20149529166707583,0.007011446406886239,-0.0835028157615243,1.5683840837986174,0,0,0,0,0,1,0,0,0,0,1,0,0
-0.5189700278791175,-0.20149529166707583,0.007011446406886239,0.10493709548678055,0.9399401235702118,1,0,0,0,0,0,0,0,0,0,1,0,0
-0.1364722148101901,-0.7406801801655817,0.007011446406886239,0.7365820143805439,1.5830685946171426,0,1,0,0,0,0,0,0,0,0,1,0,0
-0.9014678409480448,-0.7406801801655817,0.007011446406886239,1.405392085469415,0.8192303139541002,0,1,0,0,0,0,0,0,0,0,1,0,0
4.835999355085865,3.0336140393239597,2.5529954268479043,0.12167017744934008,-0.05481511142262853,0,0,0,0,0,1,0,0,0,0,1,0,0
0.6285234113276646,-0.20149529166707583,-0.25574202987403544,-1.011064505136471,-0.054900313684843154,0,0,0,1,0,0,0,0,0,0,1,0,0
5.60099498122372,5.190353593317983,0.15401143949811785,0.8095021439300865,0.9015426343114393,0,0,0,0,0,1,0,0,0,0,1,0,0
0.24602559825873724,-0.20149529166707583,-0.301270193137608,0.8413794268611684,0.9290817887591378,0,0,0,0,0,1,0,0,0,0,1,0,0
1.011021224396592,0.8768744853299358,0.007011446406886239,0.7017824276167173,-0.16496479414541743,1,0,0,0,0,0,0,0,0,0,1,0,0
1.7760168505344465,0.8768744853299358,0.007011446406886239,0.42088270180232795,0.43455597023654374,0,0,0,0,0,1,0,0,0,0,1,0,0
0.24602559825873724,0.33768959683143,0.007011446406886239,0.7931780241267871,-0.29180421302039516,1,0,0,0,0,0,0,0,0,0,1,0,0
-0.1364722148101901,-0.7406801801655817,0.007011446406886239,0.036884417519282155,1.0761359397041026,1,0,0,0,0,0,0,0,0,0,1,0,0
2.158514663603374,0.33768959683143,0.36414142379152975,1.0581923766560177,0.026084436540586346,0,0,0,0,0,1,0,0,0,0,1,0,0
0.24602559825873724,-0.20149529166707583,-0.29689248513149524,-1.1894682329743906,-1.3236917827507382,0,0,0,0,0,1,0,0,0,0,1,0,0
-0.9014678409480448,-0.20149529166707583,-0.5507995494860347,0.817445403348806,-0.28536351643211,0,1,0,0,0,0,0,0,0,0,1,0,0
-0.1364722148101901,-0.20149529166707583,-0.4290992669161003,-1.8873031618497196,-2.704297350824368,0,0,0,0,0,0,0,1,0,1,0,0,0
-0.5189700278791175,-0.7406801801655817,-0.5989543375532749,2.267304465532824,0.3905916029390053,1,0,0,0,0,0,0,0,0,0,1,0,0
-0.1364722148101901,-0.20149529166707583,-0.3660602716280767,-1.3729433206979664,-2.4688626951497765,0,0,0,1,0,0,0,0,0,0,1,0,0
-0.5189700278791175,-0.20149529166707583,-0.5551772574921474,0.14524678865448548,0.48109721060369215,0,1,0,0,0,0,0,0,0,0,1,0,0
-0.5189700278791175,-0.20149529166707583,-0.6221561899856725,1.2541230541775379,1.2963808153308254,1,0,0,0,0,0,0,0,0,0,1,0,0
0.6285234113276646,0.8768744853299358,0.8019122244028046,0.626867891570474,-0.1749810135742521,0,0,0,0,0,0,1,0,0,0,1,0,0
0.24602559825873724,-0.20149529166707583,-0.11740645688087258,0.6450478060461872,1.3538180380204128,0,0,0,0,0,0,0,1,0,0,0,0,1
1.3935190374655193,0.8768744853299358,1.283460105075207,-0.25056213950035444,-0.5441435919506935,0,0,0,0,0,0,1,0,0,0,1,0,0
-0.9014678409480448,-0.7406801801655817,0.007011446406886239,-1.0837016832760387,0.09376277300229259,1,0,0,0,0,0,0,0,0,0,1,0,0
-0.1364722148101901,8.483335059174191e-05,0.007011446406886239,0.9528943578347682,0.023127125462912273,0,0,0,1,0,0,0,0,0,0,1,0,0
0.6285234113276646,8.483335059174191e-05,0.7143580642805497,0.7376760167954389,1.6958367608167284,0,0,0,1,0,0,0,0,0,0,1,0,0
-0.1364722148101901,-0.7406801801655817,0.007011446406886239,-0.4406883036855441,1.928017878943876,0,0,0,1,0,0,0,0,0,0,1,0,0
0.24602559825873724,-0.20149529166707583,-0.2128404914141305,-0.44808513467291555,1.167956238089172,0,0,0,1,0,0,0,0,0,0,1,0,0
-0.1364722148101901,-0.7406801801655817,0.007011446406886239,-0.6510357564859882,0.6311829769248591,0,1,0,0,0,0,0,0,0,0,1,0,0
-0.5189700278791175,-0.20149529166707583,-0.39670422767086594,1.3845888563025306,-0.06229309601699779,0,1,0,0,0,0,0,0,0,0,1,0,0
1.3935190374655193,4.111983816320971,2.13273545826108,0.8445457333268469,-0.29987861345026684,0,0,0,0,0,0,1,0,0,0,1,0,0
1.011021224396592,-0.20149529166707583,0.12074085865166095,-1.8240205635215807,-1.9133964539475925,0,0,0,0,0,0,0,1,0,0,0,0,1
0.24602559825873724,0.33768959683143,0.6548212353974163,1.4326711216011456,0.5868094406240191,0,0,0,0,0,1,0,0,0,0,1,0,0
2.541012476672301,1.9552442623269475,0.37508569380681167,0.5315247219486862,1.2818845420682807,0,0,0,0,0,1,0,0,0,0,1,0,0
-0.1364722148101901,-0.7406801801655817,-0.8397282778894761,0.4168263012252851,-0.28625021439343795,1,0,0,0,0,0,0,0,0,0,1,0,0
0.6285234113276646,8.483335059174191e-05,0.007011446406886239,0.2550926499752419,-0.6402309385137955,0,0,0,0,0,0,1,0,0,0,1,0,0
14.780942494877976,21.905085136771664,10.93718180015504,-0.9872163980440721,-1.9862800541956125,0,0,0,0,0,1,0,0,0,0,1,0,0
-0.5189700278791175,-0.20149529166707583,-0.49607819940962533,0.02887586162140022,-0.09618675406670582,0,1,0,0,0,0,0,0,0,0,1,0,0
0.6285234113276646,0.8768744853299358,0.03581332333307363,-1.8927479717742728,-2.4268054715121603,0,0,0,0,0,1,0,0,0,0,1,0,0
-0.9014678409480448,-0.20149529166707583,-0.415966142897762,-0.026084299487639642,-0.0674973690793914,0,1,0,0,0,0,0,0,0,0,1,0,0
0.24602559825873724,0.8768744853299358,0.007011446406886239,0.48672560944695503,-0.3997861916768758,0,1,0,0,0,0,0,0,0,0,1,0,0
-0.5189700278791175,-0.20149529166707583,-0.5135890314340763,1.2271086406194605,1.3319646484888155,0,0,0,1,0,0,0,0,0,0,1,0,0
-0.1364722148101901,0.33768959683143,-0.2053983878037388,0.372061555291637,-0.3056773209000406,0,1,0,0,0,0,0,0,0,0,1,0,0
1.011021224396592,0.8768744853299358,0.23281018360814731,0.7833022180338512,-0.1551011462091794,1,0,0,0,0,0,0,0,0,0,1,0,0
0.24602559825873724,0.8768744853299358,0.4617643123278441,0.07087066217370967,1.3985175225103215,0,0,0,1,0,0,0,0,0,0,1,0,0
0.6285234113276646,8.483335059174191e-05,0.18027768753479434,-1.1637895333595814,-0.6579866936675876,0,0,0,1,0,0,0,0,0,0,1,0,0
1.011021224396592,0.33768959683143,0.6268039041582947,-1.1776266591914357,-1.873285012204761,0,0,0,1,0,0,0,0,0,0,1,0,0
2.541012476672301,1.9552442623269475,1.020797624708442,-0.8710310504782771,-0.8396735827507341,0,0,0,0,0,1,0,0,0,0,1,0,0
-0.1364722148101901,-0.7406801801655817,0.007011446406886239,0.7207149699317069,-0.4208876217081908,0,0,0,0,0,0,0,1,0,1,0,0,0
-0.1364722148101901,0.33768959683143,0.030122302925127055,0.7623328837881973,-0.4416878716498529,1,0,0,0,0,0,0,0,0,0,1,0,0
-0.9014678409480448,-0.7406801801655817,-0.6733753736571917,1.023708962317806,-0.2273090727035675,0,0,0,0,0,1,0,0,0,0,1,0,0
-0.5189700278791175,-0.20149529166707583,-0.24873769706425503,0.48830990823211523,2.186163891115733,1,0,0,0,0,0,0,0,0,0,1,0,0
-0.5189700278791175,-0.20149529166707583,-0.6370403972064558,0.5014768859878971,1.1765279819564616,0,1,0,0,0,0,0,0,0,0,1,0,0
0.24602559825873724,0.33768959683143,-0.3608070220207414,-0.8481692638877285,0.3063889812295155,0,0,0,0,0,1,0,0,0,0,1,0,0
-0.1364722148101901,-0.20149529166707583,0.007011446406886239,0.000549790717777856,0.4442521858202542,0,0,0,1,0,0,0,0,0,0,1,0,0
-0.5189700278791175,-0.20149529166707583,0.007011446406886239,0.7716909002565481,-0.15032486590584032,1,0,0,0,0,0,0,0,0,0,1,0,0
1.011021224396592,1.4160593738284417,0.007011446406886239,-0.4579391752727701,0.47250961515269213,0,0,0,0,0,1,0,0,0,0,1,0,0
-0.5189700278791175,-0.20149529166707583,-0.4895116374004562,-1.5597508199659087,-0.31571731770451134,1,0,0,0,0,0,0,0,0,0,1,0,0
-0.1364722148101901,-0.20149529166707583,-0.25048878026670013,-1.9690795559746264,-2.2432253089048206,0,0,0,1,0,0,0,0,0,0,1,0,0
-0.1364722148101901,8.483335059174191e-05,9.131377247633532,0.022079300021899163,-0.5122630850265749,0,0,0,1,0,0,0,0,0,0,1,0,0
-0.5189700278791175,-0.7406801801655817,0.007011446406886239,0.6085402008523131,-0.25336412263051533,1,0,0,0,0,0,0,0,0,0,1,0,0
-0.1364722148101901,-0.7406801801655817,-0.7329122025403251,-0.7698856586246379,-0.6945166682257844,0,1,0,0,0,0,0,0,0,0,1,0,0
-0.1364722148101901,-0.20149529166707583,-0.33629185718651,2.046181948109919,0.3244578051607081,1,0,0,0,0,0,0,0,0,0,1,0,0
0.6285234113276646,0.33768959683143,-0.1830720769725638,0.40987738117429656,1.4662770983384201,0,0,0,1,0,0,0,0,0,0,1,0,0
1.7760168505344465,0.33768959683143,0.3812144850153695,1.009642726032499,0.27112812408855147,0,0,0,0,0,1,0,0,0,0,1,0,0
0.24602559825873724,-0.20149529166707583,0.007011446406886239,0.39102044530882907,0.665573978412126,0,0,0,0,0,0,0,1,0,0,0,0,1
-0.1364722148101901,0.33768959683143,-0.13666837210776867,0.588802335293642,-0.40244826700870034,0,1,0,0,0,0,0,0,0,0,1,0,0
0.6285234113276646,-0.20149529166707583,0.47095749914068086,-0.6754394564277334,0.1418891717361167,0,0,0,1,0,0,0,0,0,0,1,0,0
-0.1364722148101901,-0.20149529166707583,-0.2995191099351629,-1.5305701670711225,-1.5846445159555131,0,0,0,1,0,0,0,0,0,0,1,0,0
0.6285234113276646,0.8768744853299358,0.007011446406886239,-0.31939379300933174,-0.41694949389112823,0,0,0,0,0,0,1,0,0,0,1,0,0
-0.9014678409480448,-0.7406801801655817,0.007011446406886239,0.20233194921863218,1.1216111610697888,1,0,0,0,0,0,0,0,0,0,1,0,0
-0.5189700278791175,-0.7406801801655817,-0.51140017743102,-1.5399808789437153,-0.28774323543003455,1,0,0,0,0,0,0,0,0,0,1,0,0
-0.5189700278791175,-0.7406801801655817,-0.575314714320266,-1.330284099830823,0.06584813416655382,1,0,0,0,0,0,0,0,0,0,1,0,0
-0.9014678409480448,-0.7406801801655817,-0.6514868336266278,0.2199287775904351,0.7989809065447906,0,1,0,0,0,0,0,0,0,0,1,0,0
-0.1364722148101901,0.33768959683143,-0.016719172740279353,0.41525574906732554,-0.41557238756010595,0,1,0,0,0,0,0,0,0,0,1,0,0
-0.5189700278791175,-0.20149529166707583,-0.423846017308765,0.14380110169361207,0.9079149709451406,1,0,0,0,0,0,0,0,0,0,1,0,0
-0.5189700278791175,-0.20149529166707583,-0.5919500047434946,1.4360424819226352,0.8711591113197393,0,0,0,1,0,0,0,0,0,0,1,0,0
-0.5189700278791175,-0.20149529166707583,-0.38006893724763746,0.20647999397703987,-0.49807492692154753,1,0,0,0,0,0,0,0,0,0,1,0,0
0.6285234113276646,0.8768744853299358,1.328112726737557,0.09520448342717129,-0.6538702355343109,0,1,0,0,0,0,0,0,0,0,1,0,0
1.011021224396592,0.8768744853299358,0.10147894342476486,0.0025464883189576736,-0.16888806110268992,0,0,0,0,0,0,1,0,0,0,1,0,0
0.24602559825873724,-0.20149529166707583,0.007011446406886239,-0.12520779159025835,1.9003657819626456,0,0,0,0,0,1,0,0,0,0,1,0,0
-0.1364722148101901,-0.20149529166707583,-0.3975797692720885,-1.5419180078270527,0.9389820934823981,0,0,0,1,0,0,0,0,0,0,1,0,0
-0.1364722148101901,0.8768744853299358,-0.31878102516205903,-0.835152353478955,-1.4279228804222162,0,0,0,1,0,0,0,0,0,0,1,0,0
-0.5189700278791175,-0.20149529166707583,-0.4006441648763674,-1.5048307531861091,1.1940241674277878,0,1,0,0,0,0,0,0,0,0,1,0,0
-0.9014678409480448,-0.7406801801655817,-0.7083970377060936,0.5361069310162762,-0.2479656676681973,0,1,0,0,0,0,0,0,0,0,1,0,0
1.011021224396592,-0.20149529166707583,0.007011446406886239,-0.4993886929460118,0.04303176092740051,0,0,0,0,0,1,0,0,0,0,1,0,0
-0.5189700278791175,-0.7406801801655817,0.007011446406886239,0.8575477515561395,-0.27883959902959154,1,0,0,0,0,0,0,0,0,0,1,0,0
-0.1364722148101901,-0.7406801801655817,0.007011446406886239,0.20052197663694146,-0.6260695299561652,1,0,0,0,0,0,0,0,0,0,1,0,0
-0.5189700278791175,-0.7406801801655817,-0.5989543375532749,-1.4643366261034758,-0.2474068993440599,1,0,0,0,0,0,0,0,0,0,1,0,0
3.306008102810156,3.0336140393239597,1.283460105075207,-1.5961163766786552,-0.6436370475539769,0,0,0,0,0,1,0,0,0,0,1,0,0
1.011021224396592,0.8768744853299358,0.007011446406886239,-2.423482337029088,-2.982882989409496,0,0,0,0,0,0,0,1,0,0,0,0,1
-0.5189700278791175,-0.20149529166707583,-0.423846017308765,1.9965256939965847,0.2539271743630748,1,0,0,0,0,0,0,0,0,0,1,0,0
0.24602559825873724,-0.20149529166707583,-0.423846017308765,0.7481750033216067,1.1503154069168933,0,0,0,1,0,0,0,0,0,0,1,0,0
-0.9014678409480448,-0.7406801801655817,0.007011446406886239,0.17166780613821145,1.2377735476218081,1,0,0,0,0,0,0,0,0,0,1,0,0
0.24602559825873724,-0.7406801801655817,0.007011446406886239,-0.5001676684874907,-0.17500479094974733,0,0,0,0,0,0,1,0,0,0,1,0,0
-0.9014678409480448,-0.7406801801655817,0.007011446406886239,0.10711249924165026,1.140242716221222,0,0,0,0,0,0,0,1,0,0,0,0,1
1.011021224396592,3.0336140393239597,0.007011446406886239,0.6767864771529009,-0.2148100989829018,0,0,0,0,0,0,1,0,0,0,1,0,0
0.6285234113276646,0.8768744853299358,0.12424302505655115,-1.4089583384170148,-1.6041915000636529,0,0,0,1,0,0,0,0,0,0,1,0,0
-0.1364722148101901,-0.20149529166707583,0.007011446406886239,0.1600461783905484,-0.5199491216565977,1,0,0,0,0,0,0,0,0,0,1,0,0
-0.5189700278791175,-0.20149529166707583,-0.39320206126597573,1.4111324478788634,-0.05875720213551313,1,0,0,0,0,0,0,0,0,0,1,0,0
0.24602559825873724,0.8768744853299358,0.007011446406886239,0.3514095390239597,2.260046141134833,0,0,0,1,0,0,0,0,0,0,1,0,0
-0.1364722148101901,-0.20149529166707583,-0.2828838195119345,0.10763028886623534,2.105639827540699,0,0,0,1,0,0,0,0,0,0,1,0,0
-0.1364722148101901,0.8768744853299358,0.007011446406886239,0.6628451060647613,-0.2458980267237529,1,0,0,0,0,0,0,0,0,0,1,0,0
1.7760168505344465,0.8768744853299358,0.007011446406886239,-0.15965798491274863,0.3830462491141132,0,0,0,0,0,1,0,0,0,0,1,0,0
-0.1364722148101901,0.8768744853299358,0.6924695242499859,-2.292948947320373,-2.918833674883274,0,0,0,1,0,0,0,0,0,0,1,0,0
-0.5189700278791175,0.33768959683143,0.36414142379152975,0.5976253788532848,-0.35352235402374427,1,0,0,0,0,0,0,0,0,0,1,0,0
0.24602559825873724,-0.20149529166707583,-0.09114020884419607,0.6258231479030615,1.7357272711120975,0,0,0,1,0,0,0,0,0,0,1,0,0
-0.1364722148101901,8.483335059174191e-05,-0.003586048721941108,-1.3831937223821609,-1.2333001083436441,0,0,0,1,0,0,0,0,0,0,1,0,0
1.3935190374655193,8.483335059174191e-05,5.256230120622527,0.6114269925649387,-0.2773237913415608,0,0,0,0,0,0,1,0,0,0,1,0,0
-0.9014678409480448,-0.20149529166707583,-0.5661215275074293,0.6097602140165745,-0.4087284663123225,0,1,0,0,0,0,0,0,0,0,1,0,0
0.24602559825873724,0.33768959683143,-0.3778800832445811,0.33740516256105546,2.357068731134174,0,0,0,1,0,0,0,0,0,0,1,0,0
-0.9014678409480448,-0.7406801801655817,0.007011446406886239,0.204112137441361,-0.5410733383393468,1,0,0,0,0,0,0,0,0,0,1,0,0
-0.1364722148101901,0.8768744853299358,0.1216164002528835,0.4353178059175736,-0.3036839842539836,0,1,0,0,0,0,0,0,0,0,1,0,0
1.3935190374655193,1.4160593738284417,0.007011446406886239,-0.567715157905243,0.8556542810464888,0,0,0,0,0,1,0,0,0,0,1,0,0
0.6285234113276646,-0.20149529166707583,0.007011446406886239,-1.373297296348424,1.8128006430678614,0,0,0,0,0,1,0,0,0,0,1,0,0
0.24602559825873724,-0.20149529166707583,-0.3608070220207414,-1.407375185184135,-1.2327591730510579,0,0,0,0,0,0,0,1,0,0,0,1,0
-0.9014678409480448,-0.7406801801655817,-0.6208428775838387,0.010464545587755072,1.6414915876660015,1,0,0,0,0,0,0,0,0,0,1,0,0
-0.1364722148101901,-0.20149529166707583,-0.423846017308765,0.8255330023531324,1.5354861033479472,0,1,0,0,0,0,0,0,0,0,1,0,0
0.6285234113276646,8.483335059174191e-05,0.8802731977122228,0.8127486390544897,-0.136676652369479,0,1,0,0,0,0,0,0,0,0,1,0,0
-0.5189700278791175,-0.20149529166707583,-0.376129000042136,0.3445064410636129,-0.5136025438462322,0,1,0,0,0,0,0,0,0,0,1,0,0
-0.9014678409480448,-0.7406801801655817,0.007011446406886239,0.8198980307522494,-0.1250752745739686,1,0,0,0,0,0,0,0,0,0,1,0,0
-0.5189700278791175,-0.7406801801655817,0.007011446406886239,0.7098860643527235,0.33556877458652423,1,0,0,0,0,0,0,0,0,0,1,0,0
-0.1364722148101901,-0.20149529166707583,0.007011446406886239,0.05588912962719737,1.7888271042210868,0,0,0,1,0,0,0,0,0,0,1,0,0
-0.5189700278791175,-0.7406801801655817,-0.6077097535655004,0.8125378574373587,-0.35654901577992254,0,1,0,0,0,0,0,0,0,0,1,0,0
-0.1364722148101901,-0.7406801801655817,-0.46762309736989244,1.433468425978865,0.8095459870581373,0,1,0,0,0,0,0,0,0,0,1,0,0
0.24602559825873724,-0.20149529166707583,0.00516936729028439,-0.8510514733913144,-1.3760901832824781,0,0,0,1,0,0,0,0,0,0,1,0,0
-0.1364722148101901,1.4160593738284417,-0.10865104086864708,0.4057705762974094,1.2869253456739689,0,0,0,1,0,0,0,0,0,0,1,0,0
-0.1364722148101901,8.483335059174191e-05,0.09053467340948299,2.020412749866025,1.0236077543310593,0,0,0,0,0,1,0,0,0,0,1,0,0
0.6285234113276646,0.8768744853299358,0.007011446406886239,-0.23234213069531956,1.5485765392840916,0,0,0,1,0,0,0,0,0,0,1,0,0
0.6285234113276646,0.33768959683143,0.007011446406886239,-0.21079085589811697,0.1994670772306939,0,0,0,0,0,0,1,0,0,0,1,0,0
-0.1364722148101901,-0.7406801801655817,-0.7302855777366574,0.20119785247441546,-0.4982126375546357,0,0,0,1,0,0,0,0,0,0,1,0,0
-0.5189700278791175,-0.7406801801655817,0.007011446406886239,-0.7897140228123934,-1.3560478371849016,0,0,0,0,0,0,0,1,0,0,0,0,1
-0.1364722148101901,0.33768959683143,-0.423846017308765,-0.45083560566573355,0.5299220697428639,0,0,0,1,0,0,0,0,0,0,1,0,0
-0.9014678409480448,-0.7406801801655817,-0.6646199576449662,-1.5791541842626429,-0.18745422847144122,1,0,0,0,0,0,0,0,0,0,1,0,0
-0.9014678409480448,-0.20149529166707583,-0.568748152311097,0.20457608610950515,0.8424132550654477,0,1,0,0,0,0,0,0,0,0,1,0,0
1.7760168505344465,1.9552442623269475,0.5707692416800515,0.05864189172449453,0.7852474907462147,0,0,0,0,0,1,0,0,0,0,1,0,0
-0.9014678409480448,-0.7406801801655817,0.007011446406886239,-1.2886409838244919,-0.6488670794398471,1,0,0,0,0,0,0,0,0,0,1,0,0
-0.1364722148101901,8.483335059174191e-05,-0.29251477712538254,-1.511340926718957,-2.1171863950048952,0,0,0,0,0,0,1,0,0,0,1,0,0
0.24602559825873724,0.33768959683143,0.044568739345299126,1.6911913383292896,0.8963076488058267,0,0,0,0,0,1,0,0,0,0,1,0,0
7.895981859637284,7.347093147312006,4.619273605733121,-0.7362407885457475,0.06983678890650852,0,0,0,0,0,1,0,0,0,0,1,0,0
0.24602559825873724,-0.20149529166707583,0.5379364316342059,0.20733343041592348,-0.6007951705248779,0,0,0,0,0,0,1,0,0,0,1,0,0
-0.5189700278791175,-0.20149529166707583,-0.27106400789543006,0.49240640313856116,2.245674699093709,1,0,0,0,0,0,0,0,0,0,1,0,0
-0.1364722148101901,-0.20149529166707583,0.03581332333307363,-1.6052567382161933,0.8330548763586941,0,0,0,1,0,0,0,0,0,0,1,0,0
-0.1364722148101901,-0.20149529166707583,-0.3844466452537502,0.3020671662317614,0.5688159117151341,0,1,0,0,0,0,0,0,0,0,1,0,0
-0.5189700278791175,-0.7406801801655817,0.007011446406886239,0.8143524122281706,-0.3077251473648118,1,0,0,0,0,0,0,0,0,0,1,0,0
-0.1364722148101901,0.33768959683143,-0.388824353259863,-1.4442780059100686,0.16406058366485687,0,0,0,1,0,0,0,0,0,0,1,0,0
-0.5189700278791175,-0.7406801801655817,0.007011446406886239,0.03746521251863186,1.0194358156550074,1,0,0,0,0,0,0,0,0,0,1,0,0
-0.5189700278791175,-0.20149529166707583,-0.20496061700312754,0.051530303251577335,0.8238867166559021,0,0,0,0,0,0,0,1,0,0,0,0,1
1.7760168505344465,3.0336140393239597,3.2337290217984367,0.7877744540838361,-0.3981336640796772,0,0,0,0,0,0,1,0,0,0,1,0,0
-0.5189700278791175,-0.20149529166707583,-0.4895116374004562,-1.1145743168690299,-0.8179905977437067,0,1,0,0,0,0,0,0,0,0,1,0,0
-0.9014678409480448,-0.20149529166707583,-0.6409803344119573,1.5031191493587244,1.5681482914916467,0,1,0,0,0,0,0,0,0,0,1,0,0
-0.5189700278791175,-0.7406801801655817,-0.640542563611346,0.6607922764024986,0.14349216313434343,0,1,0,0,0,0,0,0,0,0,1,0,0
-0.5189700278791175,-0.20149529166707583,0.007011446406886239,0.2285032363081858,0.7904032183335568,1,0,0,0,0,0,0,0,0,0,1,0,0
-0.9014678409480448,-0.7406801801655817,-0.6733753736571917,0.6458886414100691,-0.18974379158712726,0,1,0,0,0,0,0,0,0,0,1,0,0
0.6285234113276646,-0.20149529166707583,0.007011446406886239,-0.2057046038330612,0.3306874775414381,0,0,0,0,0,1,0,0,0,0,1,0,0
-0.1364722148101901,-0.7406801801655817,0.007011446406886239,0.4634617340107466,0.6430161841315183,1,0,0,0,0,0,0,0,0,0,1,0,0
-0.1364722148101901,-0.7406801801655817,-0.7425431601537731,0.9912749409850162,-0.11167375130840532,0,1,0,0,0,0,0,0,0,0,1,0,0
-0.1364722148101901,8.483335059174191e-05,0.007011446406886239,1.0617813919082382,0.21397622990490658,0,0,0,0,1,0,0,0,0,0,1,0,0
-0.9014678409480448,-0.7406801801655817,-0.6830063312706397,-1.7184808331721209,-1.556573342731074,0,0,0,1,0,0,0,0,0,0,1,0,0
1.7760168505344465,0.8768744853299358,1.2396830250140796,0.9651345838066233,0.029268623409385196,0,0,0,0,0,1,0,0,0,0,1,0,0
-0.5189700278791175,-0.20149529166707583,0.007011446406886239,-0.4567718575127507,-0.3137715358094447,1,0,0,0,0,0,0,0,0,0,1,0,0
-0.9014678409480448,-0.7406801801655817,0.007011446406886239,0.702556820949075,-0.13030728790767943,1,0,0,0,0,0,0,0,0,0,1,0,0
0.24602559825873724,0.33768959683143,0.007011446406886239,-0.7506884937359135,0.37519575230346464,0,0,0,1,0,0,0,0,0,0,1,0,0
-0.1364722148101901,0.33768959683143,0.5134212667999745,-0.04866428022057485,-0.2610878067717623,0,1,0,0,0,0,0,0,0,0,1,0,0
1.011021224396592,0.33768959683143,0.014800324903732436,2.029129257064822,0.8821977578951495,0,0,0,0,0,1,0,0,0,0,1,0,0
-0.1364722148101901,3.0336140393239597,0.007011446406886239,-0.46798566865343383,-0.17216141312966618,0,0,0,0,0,1,0,0,0,0,1,0,0
1.7760168505344465,0.33768959683143,0.4232404818740519,-0.7641040563335874,-0.07012575979595456,0,0,0,0,0,1,0,0,0,0,1,0,0
-0.1364722148101901,-0.7406801801655817,-0.7272211821323784,2.123451739616839,0.7871675138178047,1,0,0,0,0,0,0,0,0,0,1,0,0
0.24602559825873724,0.8768744853299358,0.8093543280131963,0.7580634104894629,-0.11556036147851469,0,1,0,0,0,0,0,0,0,0,1,0,0
-0.1364722148101901,0.33768959683143,-0.5135890314340763,0.9745338401565761,-0.3024941247551621,1,0,0,0,0,0,0,0,0,0,1,0,0
1.7760168505344465,3.0336140393239597,1.4585684253197169,0.023442507219487235,-0.474873162054447,0,0,0,0,0,1,0,0,0,0,1,0,0
4.453501542016938,3.572798927822465,0.6268039041582947,-1.5510766982009125,-0.40495678012386715,0,0,0,0,0,1,0,0,0,0,1,0,0
3.306008102810156,1.9552442623269475,0.7581351443416772,-0.628531382202738,-0.4969534273771692,0,0,0,0,0,0,0,1,0,1,0,0,0
-0.5189700278791175,-0.20149529166707583,-0.29251477712538254,0.49240640313856116,2.245674699093709,1,0,0,0,0,0,0,0,0,0,1,0,0
1.3935190374655193,-0.20149529166707583,0.007011446406886239,-0.08556251873738734,0.4050987741653774,0,0,0,0,0,1,0,0,0,0,1,0,0
0.24602559825873724,0.8768744853299358,0.007011446406886239,0.7013872120845763,-0.07627815570625479,0,0,0,0,0,0,1,0,0,0,1,0,0
-0.1364722148101901,-0.20149529166707583,-0.1900764097823442,0.5374712837661445,0.3586110328930228,0,0,0,0,0,0,1,0,0,0,1,0,0
-0.5189700278791175,-0.20149529166707583,0.007011446406886239,-0.3480566562794515,-0.08553448984330392,0,0,0,1,0,0,0,0,0,0,1,0,0
-0.5189700278791175,-0.20149529166707583,0.007011446406886239,0.371080962551188,1.1487183598626107,1,0,0,0,0,0,0,0,0,0,1,0,0
1.3935190374655193,0.33768959683143,-0.06312287760507448,-0.8641577368768921,-0.878534730831804,0,0,0,0,0,1,0,0,0,0,1,0,0
0.6285234113276646,0.8768744853299358,0.8456893044639321,-0.48969961187256505,-0.05427813902586416,0,0,0,0,0,0,1,0,0,0,1,0,0
-0.9014678409480448,-0.7406801801655817,-0.5792546515257676,-1.424686771041565,0.023052821164384157,1,0,0,0,0,0,0,0,0,0,1,0,0
-0.1364722148101901,-0.7406801801655817,-0.6602422496388534,0.5761737671033277,-0.47864187607100067,0,1,0,0,0,0,0,0,0,0,1,0,0
0.6285234113276646,-0.20149529166707583,-0.24873769706425503,1.1777731411409438,1.2673268439190166,0,0,0,0,0,1,0,0,0,0,1,0,0
-0.9014678409480448,-0.7406801801655817,0.007011446406886239,-1.0187328320110962,-0.9769106497866717,1,0,0,0,0,0,0,0,0,0,1,0,0
-0.1364722148101901,-0.20149529166707583,-0.2093383250092403,0.05596244497224039,0.6618141809114182,0,0,0,1,0,0,0,0,0,0,1,0,0
0.6285234113276646,0.33768959683143,0.007011446406886239,0.2008003458377954,0.5644438467953544,0,0,0,0,0,1,0,0,0,0,1,0,0
-0.5189700278791175,-0.20149529166707583,-0.22597361543246874,0.6663149838812158,-0.13543230305166182,0,1,0,0,0,0,0,0,0,0,1,0,0
10.955964364188702,5.190353593317983,2.202778786358884,0.8861590649742975,-0.04604819493135335,0,0,0,0,0,1,0,0,0,0,1,0,0
-0.1364722148101901,-0.20149529166707583,-0.4553655149527768,-1.1103632667358574,0.0033354325319558736,0,0,0,1,0,0,0,0,0,0,1,0,0
-0.1364722148101901,0.8768744853299358,0.16232908470973206,-0.13345118570291306,-0.48519650591687885,0,1,0,0,0,0,0,0,0,0,1,0,0
1.011021224396592,-0.20149529166707583,-0.23385348984347168,1.4492862116802194,0.7111720495512508,0,0,0,0,0,1,0,0,0,0,1,0,0
-0.9014678409480448,-0.7406801801655817,0.007011446406886239,0.9913264908370594,-0.024505892729315873,1,0,0,0,0,0,0,0,0,0,1,0,0
0.24602559825873724,0.33768959683143,-0.4164039136983733,-0.9272925589625834,-1.7741977534330184,0,0,0,1,0,0,0,0,0,0,1,0,0
-0.1364722148101901,-0.20149529166707583,-0.3625581052231865,-0.5281099793816937,0.28152379080152995,0,0,0,1,0,0,0,0,0,0,1,0,0
-0.5189700278791175,-0.7406801801655817,-0.588010067537993,0.3493532727048561,-0.15095595708052442,0,1,0,0,0,0,0,0,0,0,1,0,0
0.6285234113276646,0.8768744853299358,0.37464792300620037,0.7353551279027635,1.6634371145275373,0,0,0,1,0,0,0,0,0,0,1,0,0
-0.5189700278791175,-0.20149529166707583,-0.4877605541980111,-0.9881523142461597,-0.5920143838978738,0,1,0,0,0,0,0,0,0,0,1,0,0
0.6285234113276646,0.33768959683143,0.055513009360581,-1.1092440621711217,-0.45544704627190546,0,0,0,1,0,0,0,0,0,0,1,0,0
-0.5189700278791175,-0.20149529166707583,-0.07494268922157891,0.4249494123498934,-0.6114890451554669,0,1,0,0,0,0,0,0,0,0,1,0,0
-0.1364722148101901,-0.7406801801655817,-0.5564905698939813,0.03853286723140588,-0.20202678748035469,0,1,0,0,0,0,0,0,0,0,1,0,0
1.3935190374655193,0.8768744853299358,-0.1878875557792878,-1.4648418146532218,-0.4468049610019097,0,0,0,0,0,1,0,0,0,0,1,0,0
-0.1364722148101901,-0.7406801801655817,-0.7302855777366574,0.038861640731941274,1.071786661435757,1,0,0,0,0,0,0,0,0,0,1,0,0
-0.1364722148101901,-0.7406801801655817,0.007011446406886239,0.22006166165340188,-0.5362247351856018,1,0,0,0,0,0,0,0,0,0,1,0,0
0.24602559825873724,0.8768744853299358,0.604915364127731,0.14643816301206536,-0.6634683694441389,0,1,0,0,0,0,0,0,0,0,1,0,0
1.7760168505344465,3.0336140393239597,4.304078629293003,0.7834259376786572,-0.42371415722050043,0,0,0,1,0,0,0,0,0,0,1,0,0
-0.1364722148101901,8.483335059174191e-05,0.6859029622408168,1.0940023405193364,0.019828014612318597,0,0,0,0,0,1,0,0,0,0,1,0,0
0.24602559825873724,0.8768744853299358,0.007011446406886239,0.7453546536405052,-0.1992993243658479,1,0,0,0,0,0,0,0,0,0,1,0,0
-0.9014678409480448,-0.7406801801655817,0.007011446406886239,0.48605431581860215,0.6544610275383284,1,0,0,0,0,0,0,0,0,0,1,0,0
-0.9014678409480448,-0.7406801801655817,-0.6370403972064558,0.3814172806554271,0.009576993600433523,0,1,0,0,0,0,0,0,0,0,1,0,0
-0.1364722148101901,-0.20149529166707583,-0.41684168449898457,-1.626437999631177,-1.840327588315353,0,0,0,1,0,0,0,0,0,0,1,0,0
-0.5189700278791175,-0.7406801801655817,-0.6576156248351858,-1.6198075431103642,-1.4772440922748855,0,0,0,1,0,0,0,0,0,0,1,0,0
0.24602559825873724,0.8768744853299358,0.007011446406886239,0.055681784666825884,-0.6352812815141256,1,0,0,0,0,0,0,0,0,0,1,0,0
-0.5189700278791175,-0.20149529166707583,-0.4825073045906758,0.0713941795596962,-0.05450303336914833,0,1,0,0,0,0,0,0,0,0,1,0,0
1.3935190374655193,0.33768959683143,-0.07362937681974509,-0.743447457856789,-0.7222668468810381,0,0,0,0,0,1,0,0,0,0,1,0,0
-0.9014678409480448,-0.7406801801655817,-0.6427314176144024,0.8251618434186334,-0.3681692173310451,1,0,0,0,0,0,0,0,0,0,1,0,0
-0.1364722148101901,-0.20149529166707583,0.007011446406886239,-0.5645007382443622,0.41967727751809425,0,0,0,1,0,0,0,0,0,0,1,0,0
1.7760168505344465,8.483335059174191e-05,2.2583756780365163,0.5831719459018802,-0.23728764462131877,0,0,0,0,0,0,1,0,0,0,1,0,0
1.011021224396592,0.33768959683143,0.007011446406886239,-0.5987699343086834,0.7957154803095992,0,0,0,0,0,1,0,0,0,0,1,0,0
-0.9014678409480448,-0.7406801801655817,-0.6558645416327407,-1.2922242713153111,-0.22288549013669376,1,0,0,0,0,0,0,0,0,0,1,0,0
2.158514663603374,1.9552442623269475,0.007011446406886239,0.37788439746428937,0.7664911043735017,0,0,0,0,0,1,0,0,0,0,1,0,0
-0.9014678409480448,-0.7406801801655817,-0.6414181052125686,0.21725047639046124,-0.5308391596350924,0,1,0,0,0,0,0,0,0,0,1,0,0
1.011021224396592,-0.20149529166707583,0.007011446406886239,-0.9646066329523378,-0.865801946252149,0,0,0,0,0,1,0,0,0,0,1,0,0
-0.1364722148101901,-0.20149529166707583,0.007011446406886239,-0.7481144377921435,0.1251964634118853,0,0,0,1,0,0,0,0,0,0,1,0,0
0.24602559825873724,0.8768744853299358,0.4433779387021705,0.15480527676944458,-0.06734876048247596,0,0,0,0,0,1,0,0,0,0,1,0,0
-0.1364722148101901,-0.20149529166707583,-0.12835072689615445,0.20669994001233172,1.4035959736273744,0,0,0,0,0,0,1,0,0,0,1,0,0
-0.9014678409480448,-0.7406801801655817,-0.6295982935960641,-1.584459236810629,-0.314321387617877,0,1,0,0,0,0,0,0,0,0,1,0,0
0.24602559825873724,-0.20149529166707583,-0.20496061700312754,0.12552152417073484,1.4512894259822609,0,0,0,1,0,0,0,0,0,0,1,0,0
1.3935190374655193,1.9552442623269475,0.007011446406886239,-0.1211972131038572,0.32711591759671066,0,0,0,0,0,1,0,0,0,0,1,0,0
0.6285234113276646,0.33768959683143,-0.16118353694200005,-0.5116117356338256,-0.4963847518131248,0,0,0,0,0,1,0,0,0,0,1,0,0
-0.9014678409480448,-0.7406801801655817,0.007011446406886239,0.8575477515561395,-0.27883959902959154,1,0,0,0,0,0,0,0,0,0,1,0,0
0.24602559825873724,0.8768744853299358,0.007011446406886239,-0.44304355914622123,1.368273691599691,0,0,0,0,0,1,0,0,0,0,1,0,0
-0.5189700278791175,0.8768744853299358,0.007011446406886239,0.6372591961835157,-0.2330661697461543,1,0,0,0,0,0,0,0,0,0,1,0,0
-0.5189700278791175,-0.7406801801655817,-0.51140017743102,-1.450942828998883,-0.418406848864482,1,0,0,0,0,0,0,0,0,0,1,0,0
-0.1364722148101901,-0.7406801801655817,-0.7521741177672211,-1.1419289594502826,-0.9265115302447923,1,0,0,0,0,0,0,0,0,0,1,0,0
-0.1364722148101901,-0.20149529166707583,-0.51140017743102,1.0474791718559595,-0.058974170687012495,1,0,0,0,0,0,0,0,0,0,1,0,0
-0.5189700278791175,-0.20149529166707583,-0.5551772574921474,0.48605431581860215,0.6544610275383284,1,0,0,0,0,0,0,0,0,0,1,0,0
-0.1364722148101901,-0.20149529166707583,-0.3065234427449433,-2.4520684482973243,-2.965259000544989,0,0,0,1,0,0,0,0,0,0,1,0,0
-0.1364722148101901,8.483335059174191e-05,-0.23472903144469423,-1.5668921927977064,-2.1798298722048575,0,1,0,0,0,0,0,0,0,0,1,0,0
0.6285234113276646,-0.20149529166707583,-0.29251477712538254,-0.8351775556288771,-0.5299247214023064,0,1,0,0,0,0,0,0,0,0,1,0,0
0.6285234113276646,1.4160593738284417,1.3005331662990467,0.7176792564244346,-0.36091513635603967,0,0,0,0,0,0,0,1,0,1,0,0,0
-0.1364722148101901,-0.7406801801655817,0.007011446406886239,-1.3614591592222285,1.8241850523120131,0,0,0,1,0,0,0,0,0,0,1,0,0
0.6285234113276646,-0.20149529166707583,0.21179718517880614,-1.0138493426972908,-0.9366297942436131,0,0,0,1,0,0,0,0,0,0,1,0,0
0.6285234113276646,0.8768744853299358,-0.07362937681974509,0.24612755793447144,2.255491783002736,0,0,0,1,0,0,0,0,0,0,1,0,0
0.6285234113276646,-0.20149529166707583,0.007011446406886239,-1.986827597245718,-2.514953156106577,0,0,0,0,0,1,0,0,0,0,1,0,0
-0.5189700278791175,-0.20149529166707583,-0.5332887174615837,0.6965220516070927,1.248649715464574,0,0,0,1,0,0,0,0,0,0,1,0,0
-0.1364722148101901,-0.20149529166707583,0.007011446406886239,0.35357463280838825,0.5778859897440436,1,0,0,0,0,0,0,0,0,0,1,0,0
-0.9014678409480448,-0.7406801801655817,-0.5770657975227111,0.691321244315392,1.1511862532945107,1,0,0,0,0,0,0,0,0,0,1,0,0
-0.1364722148101901,-0.20149529166707583,-0.3100256091498335,-1.1732426306660564,-1.2376474051640085,0,0,0,1,0,0,0,0,0,0,1,0,0
-0.5189700278791175,-0.7406801801655817,-0.6098986075685567,0.41077091194242044,-0.4365162924788004,1,0,0,0,0,0,0,0,0,0,1,0,0
0.6285234113276646,-0.20149529166707583,0.007011446406886239,-0.24907063044883934,0.017652384754225477,0,0,0,0,0,1,0,0,0,0,1,0,0
-0.9014678409480448,-0.7406801801655817,-0.6650577284455774,0.43794913947462544,0.5942765272547018,1,0,0,0,0,0,0,0,0,0,1,0,0
2.541012476672301,5.729538481816489,2.8813235273063604,0.21045849699999997,-0.5623709317185677,0,0,0,0,0,0,1,0,0,0,1,0,0
-0.1364722148101901,1.9552442623269475,1.3044731035045483,-1.146605103803798,-0.45510029287910275,0,0,0,0,0,1,0,0,0,0,1,0,0
-0.5189700278791175,-0.20149529166707583,-0.27456617430032026,1.9941933495811879,0.29422289076592356,0,1,0,0,0,0,0,0,0,0,1,0,0
-0.5189700278791175,-0.7406801801655817,-0.6926372888840877,-1.600869273033973,-1.4989924650645952,0,0,0,1,0,0,0,0,0,0,1,0,0
-0.1364722148101901,0.33768959683143,-0.20977609580985157,0.6607040688778932,-0.4728748717885069,0,1,0,0,0,0,0,0,0,0,1,0,0
-0.1364722148101901,-0.20149529166707583,-0.388824353259863,-1.1258900821614375,-1.371373346417877,0,0,0,0,0,0,1,0,0,0,1,0,0
-0.5189700278791175,-0.20149529166707583,-0.6256583563905627,0.16702717390505942,1.2924397153418612,0,1,0,0,0,0,0,0,0,0,1,0,0
-0.1364722148101901,-0.20149529166707583,-0.29251477712538254,-0.40459424286005125,1.275883726926657,0,0,0,1,0,0,0,0,0,0,1,0,0
0.24602559825873724,0.8768744853299358,0.3041668241077851,0.7518934659799533,-0.14145392339687918,0,1,0,0,0,0,0,0,0,0,1,0,0
0.24602559825873724,-0.20149529166707583,0.029246761323904507,-1.2419895133072691,1.7817206411189357,0,0,0,0,0,0,0,1,0,0,0,0,1
-0.5189700278791175,-0.20149529166707583,0.007011446406886239,0.5879214056004385,-0.2576658461478706,1,0,0,0,0,0,0,0,0,0,1,0,0
0.24602559825873724,0.33768959683143,0.10147894342476486,1.9255530033008208,0.21179960932289316,1,0,0,0,0,0,0,0,0,0,1,0,0
0.6285234113276646,0.33768959683143,-0.027663442755561225,-0.42833008583020304,-0.39949888172281106,0,0,0,0,0,0,1,0,0,0,1,0,0
-0.5189700278791175,-0.20149529166707583,0.007011446406886239,1.539307145470061,0.3719788715433247,0,1,0,0,0,0,0,0,0,0,1,0,0
-0.1364722148101901,-0.20149529166707583,-0.44485901573810616,-1.4147926361123073,-2.1917611610853993,0,0,0,1,0,0,0,0,0,0,1,0,0
-0.1364722148101901,-0.7406801801655817,-0.7521741177672211,0.37706303648892825,-0.3480803072063986,1,0,0,0,0,0,0,0,0,0,1,0,0
-0.5189700278791175,-0.20149529166707583,-0.5884478383386044,0.5477537609138613,1.1437914895143748,0,1,0,0,0,0,0,0,0,0,1,0,0
-0.1364722148101901,0.33768959683143,-0.22422253223002364,-0.892305101626906,0.4679166187854502,0,0,0,1,0,0,0,0,0,0,1,0,0
-0.5189700278791175,-0.20149529166707583,-0.13929499691143632,0.8480098833819814,1.5370791875064078,0,1,0,0,0,0,0,0,0,0,1,0,0
0.24602559825873724,0.8768744853299358,0.2415655996203728,-2.327132226964649,-2.943742457166428,0,0,0,1,0,0,0,0,0,0,1,0,0
0.6285234113276646,8.483335059174191e-05,-0.03423000476473035,1.8774615735840448,0.764366992162221,0,0,0,0,0,1,0,0,0,0,1,0,0
-0.5189700278791175,-0.7406801801655817,-0.5989543375532749,-0.5450183308411836,0.9525906780596947,1,0,0,0,0,0,0,0,0,0,1,0,0
-0.1364722148101901,-0.20149529166707583,-0.04298542077695584,2.102708079167797,0.9815426049015175,0,0,0,0,0,1,0,0,0,0,1,0,0
-0.5189700278791175,-0.7406801801655817,-0.5945766295471622,0.26025565404218154,1.6393981878980806,1,0,0,0,0,0,0,0,0,0,1,0,0
-0.5189700278791175,-0.20149529166707583,0.007011446406886239,-0.6337951948691221,0.3678009885233286,0,0,0,1,0,0,0,0,0,0,1,0,0
2.158514663603374,1.9552442623269475,0.9857759606595401,-0.41333366110420977,0.22673873620400098,0,0,0,0,0,1,0,0,0,0,1,0,0
-0.5189700278791175,-0.20149529166707583,-0.5135890314340763,0.7352886858712394,1.594716536439723,0,1,0,0,0,0,0,0,0,0,1,0,0
1.011021224396592,1.9552442623269475,0.8019122244028046,0.3382872378066207,-0.3649562994668679,0,0,0,0,0,0,1,0,0,0,1,0,0
-0.5189700278791175,-0.7406801801655817,-0.5770657975227111,-0.9105170915660603,-0.8844136869239093,1,0,0,0,0,0,0,0,0,0,1,0,0
2.9235102897412286,1.9552442623269475,1.2396830250140796,0.32509162124415725,0.5804618720897333,0,0,0,0,0,1,0,0,0,0,1,0,0
0.24602559825873724,8.483335059174191e-05,0.007011446406886239,0.6577588539997055,1.359736623071583,0,0,0,1,0,0,0,0,0,0,1,0,0
0.24602559825873724,0.8768744853299358,0.007011446406886239,-0.4180350076075659,-0.5891719968017128,0,0,0,0,0,0,1,0,0,0,1,0,0
-0.1364722148101901,0.33768959683143,0.23543680841181497,0.34782968818989995,-0.4495601643878745,0,1,0,0,0,0,0,0,0,0,1,0,0
-0.9014678409480448,-0.7406801801655817,-0.5989543375532749,-1.3265748015906373,0.06372104978337141,1,0,0,0,0,0,0,0,0,0,1,0,0
0.24602559825873724,0.33768959683143,-0.33629185718651,-1.0389323551333507,-0.7230009733494879,0,0,0,1,0,0,0,0,0,0,1,0,0
1.011021224396592,0.33768959683143,-0.018908026743335728,-1.4244049651838702,-0.4324771108159536,0,0,0,0,0,1,0,0,0,0,1,0,0
-0.9014678409480448,-0.20149529166707583,-0.415966142897762,0.18365486505905346,-0.6484192722012602,0,1,0,0,0,0,0,0,0,0,1,0,0
-0.1364722148101901,-0.7406801801655817,-0.6768775400620819,1.2070179449626122,-0.12484839878270304,1,0,0,0,0,0,0,0,0,0,1,0,0
-0.1364722148101901,-0.20149529166707583,0.8019122244028046,0.0906348754345017,-0.5891719968017128,0,1,0,0,0,0,0,0,0,0,1,0,0
-0.1364722148101901,0.8768744853299358,0.5874045321032799,-0.8254220325239062,-1.4735526547286208,0,0,0,0,0,0,0,1,0,1,0,0,0
1.011021224396592,0.33768959683143,0.4560732919198975,-0.6424063112594349,-0.34092628935325714,0,0,0,0,0,0,1,0,0,0,1,0,0
-0.5189700278791175,-0.20149529166707583,0.007011446406886239,0.7152025724234309,-0.03489759654633159,1,0,0,0,0,0,0,0,0,0,1,0,0
-0.9014678409480448,-0.7406801801655817,-0.6457958132186813,-1.9052826046786617,-2.130069769629447,0,0,0,0,0,0,0,1,0,1,0,0,0
1.011021224396592,8.483335059174191e-05,0.007011446406886239,0.7446707589371506,1.1607863686521793,0,0,0,0,0,1,0,0,0,0,1,0,0
-0.5189700278791175,-0.20149529166707583,-0.5534261742897023,0.21332237766726403,0.7408997132687104,0,1,0,0,0,0,0,0,0,0,1,0,0
-0.1364722148101901,-0.20149529166707583,-0.388824353259863,-0.8500136030375023,-1.7172657999727747,0,0,0,0,0,0,1,0,0,0,1,0,0
-0.1364722148101901,-0.20149529166707583,0.007011446406886239,-0.25870472501348346,-0.00010337039956655693,1,0,0,0,0,0,0,0,0,0,1,0,0
0.24602559825873724,0.8768744853299358,0.2314968712063135,0.01720039291713347,-0.703216215486396,0,1,0,0,0,0,0,0,0,0,1,0,0
-0.5189700278791175,-0.20149529166707583,-0.5989543375532749,0.8575477515561395,-0.27883959902959154,1,0,0,0,0,0,0,0,0,0,1,0,0
0.24602559825873724,-0.20149529166707583,0.007011446406886239,0.47311873962075224,1.6453663091483632,0,0,0,1,0,0,0,0,0,0,1,0,0
-0.9014678409480448,-0.7406801801655817,-0.5551772574921474,0.33131884336703005,0.6161645921253401,1,0,0,0,0,0,0,0,0,0,1,0,0
-0.9014678409480448,-0.7406801801655817,-0.6208428775838387,-0.7398595881568486,-0.3811903025886851,1,0,0,0,0,0,0,0,0,0,1,0,0
-0.5189700278791175,-0.20149529166707583,-0.4601809937595008,0.035706789788902904,-0.018882543423854425,0,1,0,0,0,0,0,0,0,0,1,0,0
-0.9014678409480448,-0.7406801801655817,0.007011446406886239,0.3734545468481869,0.416540645400145,1,0,0,0,0,0,0,0,0,0,1,0,0
-0.5189700278791175,-0.20149529166707583,-0.07362937681974509,-1.413535965275565,-2.082916261843086,0,0,0,0,0,0,1,0,0,0,1,0,0
-0.9014678409480448,-0.7406801801655817,-0.6077097535655004,-0.1795035323845457,1.0115694672607893,1,0,0,0,0,0,0,0,0,0,1,0,0
-0.9014678409480448,-0.7406801801655817,0.007011446406886239,0.11827590608257056,0.9611703477189099,0,1,0,0,0,0,0,0,0,0,1,0,0
-0.5189700278791175,-0.20149529166707583,-0.4934515746059577,0.3713375662589607,-0.3031410675134158,0,1,0,0,0,0,0,0,0,0,1,0,0
-0.1364722148101901,0.33768959683143,-0.5135890314340763,1.9387360187882825,0.2505577221100566,1,0,0,0,0,0,0,0,0,0,1,0,0
-0.1364722148101901,-0.20149529166707583,-0.45974322295888953,1.2494824219443046,-0.00771609345512226,1,0,0,0,0,0,0,0,0,0,1,0,0
-0.1364722148101901,-0.20149529166707583,-0.44485901573810616,-1.1384602271861084,-2.1535875754458496,0,0,0,1,0,0,0,0,0,0,1,0,0
0.6285234113276646,0.8768744853299358,0.8456893044639321,0.2521806561127755,-0.59784776668697,0,0,0,0,0,0,1,0,0,0,1,0,0
1.7760168505344465,0.33768959683143,0.5283054740207579,-1.1343476945479827,-0.47330088309958,0,0,0,0,0,1,0,0,0,0,1,0,0
2.158514663603374,1.4160593738284417,0.9419988805984126,-1.4112162219350886,-0.3959728950812334,0,0,0,0,0,1,0,0,0,0,1,0,0
1.011021224396592,8.483335059174191e-05,0.029684532124515783,-0.5899720928988814,0.4993176153038426,0,0,0,0,0,0,1,0,0,0,1,0,0
-0.9014678409480448,-0.7406801801655817,0.007011446406886239,0.13447859734562465,0.8219399440369152,0,1,0,0,0,0,0,0,0,0,1,0,0
-0.5189700278791175,-0.7406801801655817,0.007011446406886239,0.6515316318768327,-0.11356306193663562,1,0,0,0,0,0,0,0,0,0,1,0,0
-0.1364722148101901,-0.20149529166707583,-0.33410300318345365,0.2787792341979111,0.8296249899430176,1,0,0,0,0,0,0,0,0,0,1,0,0
-0.5189700278791175,-0.7406801801655817,0.007011446406886239,-0.7451795328843969,-0.5999738603460913,1,0,0,0,0,0,0,0,0,0,1,0,0
-0.1364722148101901,0.33768959683143,0.2560120360405449,-0.07270369454142131,-0.691415702171078,0,1,0,0,0,0,0,0,0,0,1,0,0
1.3935190374655193,3.0336140393239597,3.4723141081315814,2.1083487785300816,0.3820040074880053,0,0,0,1,0,0,0,0,0,0,1,0,0
-0.5189700278791175,-0.20149529166707583,-0.3485494396036257,0.662492275966584,-0.39347131703393107,0,1,0,0,0,0,0,0,0,0,1,0,0
-0.9014678409480448,-0.7406801801655817,0.007011446406886239,0.07177106625551528,-0.16110691497068635,1,0,0,0,0,0,0,0,0,0,1,0,0
-0.1364722148101901,-0.20149529166707583,-0.49958036581451554,0.9058545450990863,0.0143681347634219,0,1,0,0,0,0,0,0,0,0,1,0,0
-0.9014678409480448,-0.7406801801655817,-0.5840701303324916,-0.12097497596408616,-0.46875246931142683,0,0,0,0,0,0,0,1,0,1,0,0,0
-0.5189700278791175,-0.20149529166707583,0.007011446406886239,0.3861106082929026,2.214318285154405,1,0,0,0,0,0,0,0,0,0,1,0,0
-0.9014678409480448,-0.7406801801655817,0.007011446406886239,1.9391277976635826,0.25165148138297694,1,0,0,0,0,0,0,0,0,0,1,0,0
-0.5189700278791175,-0.20149529166707583,0.007011446406886239,0.6050485575428587,-0.37485759491418935,1,0,0,0,0,0,0,0,0,0,1,0,0
1.011021224396592,1.4160593738284417,0.22405476759592183,1.2581462337388594,0.7068009753553914,0,0,0,0,0,1,0,0,0,0,1,0,0
-0.5189700278791175,-0.20149529166707583,-0.2815705071101006,0.14924362051368598,-0.6141818329307919,1,0,0,0,0,0,0,0,0,0,1,0,0
-0.5189700278791175,-0.20149529166707583,-0.6024565039581651,-0.27531179622675794,0.3528628523661411,0,1,0,0,0,0,0,0,0,0,1,0,0
-0.5189700278791175,-0.20149529166707583,0.007011446406886239,0.6621176803752441,-0.2254544374146597,1,0,0,0,0,0,0,0,0,0,1,0,0
-0.1364722148101901,0.33768959683143,0.5628893672690486,-1.5530172637410096,-0.023849042731155158,0,0,0,1,0,0,0,0,0,0,1,0,0
-0.5189700278791175,-0.20149529166707583,-0.49607819940962533,0.751339018682806,-0.3593943750479851,0,1,0,0,0,0,0,0,0,0,1,0,0
-0.1364722148101901,-0.7406801801655817,-0.7302855777366574,0.7365820143805439,1.5830685946171426,0,1,0,0,0,0,0,0,0,0,1,0,0
-0.1364722148101901,8.483335059174191e-05,0.007011446406886239,-0.09972154475625822,1.375706102891051,0,0,0,0,1,0,0,0,0,0,1,0,0
0.24602559825873724,8.483335059174191e-05,0.007011446406886239,-0.3841003128051815,1.1263012483869927,0,0,0,0,0,1,0,0,0,0,1,0,0
-0.1364722148101901,0.33768959683143,-0.0298522967586176,0.5173737147956146,-0.19217800040390676,0,1,0,0,0,0,0,0,0,0,1,0,0
1.3935190374655193,0.8768744853299358,0.6627011098084192,-1.157059413791523,0.23419690631883783,0,0,0,0,0,1,0,0,0,0,1,0,0
-0.1364722148101901,0.33768959683143,0.007011446406886239,-0.09882915954033322,1.8186072763095606,0,0,0,1,0,0,0,0,0,0,1,0,0
-0.5189700278791175,-0.20149529166707583,-0.4234082465081537,-0.8457166364843666,-0.2550701493225077,0,1,0,0,0,0,0,0,0,0,1,0,0
-0.9014678409480448,-0.7406801801655817,-0.6444825008168475,-0.38530428823768176,-0.14742402609500255,0,1,0,0,0,0,0,0,0,0,1,0,0
-0.9014678409480448,-0.7406801801655817,-0.6646199576449662,0.1752740046744736,0.9156673860817658,1,0,0,0,0,0,0,0,0,0,1,0,0
-0.5189700278791175,-0.7406801801655817,0.007011446406886239,-0.05308382086623614,1.4924579702107086,1,0,0,0,0,0,0,0,0,0,1,0,0
-0.1364722148101901,8.483335059174191e-05,0.007011446406886239,-0.7954463663559613,0.3152995526976823,0,0,0,0,1,0,0,0,0,0,1,0,0
-0.5189700278791175,-0.20149529166707583,-0.5000181366151268,0.39078789819861687,-0.025678909920647457,0,1,0,0,0,0,0,0,0,0,1,0,0
-0.5189700278791175,-0.20149529166707583,-0.3975797692720885,-1.154040883568211,-2.1648352647808338,0,0,0,1,0,0,0,0,0,0,1,0,0
-0.9014678409480448,-0.7406801801655817,0.007011446406886239,-0.003349669198737779,1.5026703529874492,0,1,0,0,0,0,0,0,0,0,1,0,0
-0.5189700278791175,0.33768959683143,0.007011446406886239,-0.28924171179225744,1.83340770183366,0,0,0,1,0,0,0,0,0,0,1,0,0
-0.5189700278791175,-0.20149529166707583,-0.39145097806353063,0.5332350314831314,-0.496042952040346,0,1,0,0,0,0,0,0,0,0,1,0,0
1.7760168505344465,0.8768744853299358,0.5602627424653809,-1.0066644388792492,0.2748611720418623,0,0,0,0,0,1,0,0,0,0,1,0,0
0.24602559825873724,-0.20149529166707583,0.007011446406886239,-0.03445714100642029,1.8287671507154277,0,0,0,1,0,0,0,0,0,0,1,0,0
-0.9014678409480448,-0.7406801801655817,0.007011446406886239,0.4403547992351468,2.1668526993147044,1,0,0,0,0,0,0,0,0,0,1,0,0
-0.1364722148101901,-0.7406801801655817,-0.7561140549727225,0.6330309627663833,-0.39387156952152763,0,1,0,0,0,0,0,0,0,0,1,0,0
-0.5189700278791175,-0.20149529166707583,0.007011446406886239,0.8070609720493647,1.641311275901806,1,0,0,0,0,0,0,0,0,0,1,0,0
-0.9014678409480448,-0.7406801801655817,0.007011446406886239,0.21322615127685945,-0.5491011747421484,1,0,0,0,0,0,0,0,0,0,1,0,0
1.011021224396592,1.9552442623269475,1.6774538256253544,1.24939192331522,-0.04159191847327928,0,0,0,0,0,0,1,0,0,0,1,0,0
-0.5189700278791175,-0.7406801801655817,0.007011446406886239,0.9727055387385636,-0.30010548924139163,1,0,0,0,0,0,0,0,0,0,1,0,0
1.7760168505344465,0.33768959683143,0.5007259135822475,1.348036574570295,0.884928193181558,0,0,0,0,0,1,0,0,0,0,1,0,0
-0.5189700278791175,-0.20149529166707583,-0.588010067537993,-0.9735980726952294,-0.2836158793329306,0,1,0,0,0,0,0,0,0,0,1,0,0
1.3935190374655193,0.8768744853299358,0.007011446406886239,-0.9005084014101578,-0.5428388084702179,0,0,0,0,0,1,0,0,0,0,1,0,0
-0.1364722148101901,-0.20149529166707583,-0.24873769706425503,1.6111206715297883,0.9196362263421881,0,0,0,1,0,0,0,0,0,0,1,0,0
-0.1364722148101901,-0.20149529166707583,0.007011446406886239,-1.4571574500468356,-0.42255897306086065,1,0,0,0,0,0,0,0,0,0,1,0,0
-0.1364722148101901,-0.20149529166707583,-0.33629185718651,-0.9527295470491011,0.09273935513193754,0,0,0,1,0,0,0,0,0,0,1,0,0
-0.5189700278791175,-0.20149529166707583,0.007011446406886239,-0.10567383433511796,1.0597156804741459,0,1,0,0,0,0,0,0,0,0,1,0,0
-0.9014678409480448,-0.7406801801655817,-0.6208428775838387,0.8588032768406829,1.5365967049284983,0,0,0,0,0,0,0,1,0,0,0,0,1
-0.5189700278791175,-0.20149529166707583,-0.33629185718651,0.5307113798391242,-0.42104811899271305,0,1,0,0,0,0,0,0,0,0,1,0,0
-0.9014678409480448,-0.7406801801655817,-0.6208428775838387,-1.0989627305756853,-0.12648012117630808,1,0,0,0,0,0,0,0,0,0,1,0,0
3.6885059158790834,2.4944291508254537,1.3491257251668982,1.2599985917544323,0.7164635063236997,0,0,0,0,0,1,0,0,0,0,1,0,0
-0.5189700278791175,-0.7406801801655817,-0.5989543375532749,1.2445072884492157,1.2966968562801278,1,0,0,0,0,0,0,0,0,0,1,0,0
-0.1364722148101901,-0.20149529166707583,-0.46762309736989244,1.3812174959810413,0.2689425869906921,0,0,0,0,0,0,0,1,0,0,0,0,1
-0.5189700278791175,-0.7406801801655817,0.007011446406886239,0.20530236624666062,2.0081288106196453,1,0,0,0,0,0,0,0,0,0,1,0,0
0.24602559825873724,0.8768744853299358,0.342252883760966,-0.9755993525054488,-0.9449290890166282,0,0,0,1,0,0,0,0,0,0,1,0,0
-0.9014678409480448,-0.7406801801655817,0.007011446406886239,0.2538027581226968,0.9183027118661935,1,0,0,0,0,0,0,0,0,0,1,0,0
-0.1364722148101901,-0.20149529166707583,-0.2750039451009315,-1.362231261450107,0.07021722691443186,0,0,0,0,0,1,0,0,0,0,1,0,0
-0.1364722148101901,-0.7406801801655817,-0.7740626577977848,-0.7897140228123934,-1.3560478371849016,0,1,0,0,0,0,0,0,0,0,1,0,0
-0.9014678409480448,-0.7406801801655817,-0.6808174772675833,1.4503779229906353,0.8684643420965736,0,1,0,0,0,0,0,0,0,0,1,0,0
0.6285234113276646,0.33768959683143,0.11198544263943545,-1.2323256343836633,0.25836363634161646,0,0,0,0,0,1,0,0,0,0,1,0,0
-0.5189700278791175,-0.20149529166707583,0.007011446406886239,-0.19785871635710792,-0.461029775894241,1,0,0,0,0,0,0,0,0,0,1,0,0
0.6285234113276646,0.8768744853299358,0.007011446406886239,-0.05524662354618549,1.072600045822618,0,0,0,0,0,0,0,1,0,0,0,0,1
0.24602559825873724,0.33768959683143,0.007011446406886239,0.3352068477609056,0.8365669928646835,0,0,0,0,0,1,0,0,0,0,1,0,0
-0.1364722148101901,-0.20149529166707583,0.007011446406886239,0.49205128193582337,0.675747722953722,1,0,0,0,0,0,0,0,0,0,1,0,0
-0.5189700278791175,-0.20149529166707583,0.007011446406886239,0.4715768262694743,1.078733617977447,0,1,0,0,0,0,0,0,0,0,1,0,0
-0.9014678409480448,-0.7406801801655817,0.007011446406886239,0.4522307395861033,1.142685841553707,1,0,0,0,0,0,0,0,0,0,1,0,0
-0.1364722148101901,-0.7406801801655817,0.007011446406886239,0.6760968546882262,-0.23224981318739163,1,0,0,0,0,0,0,0,0,0,1,0,0
-0.9014678409480448,-0.7406801801655817,0.007011446406886239,1.029669270762465,-0.2191108317763367,1,0,0,0,0,0,0,0,0,0,1,0,0
1.011021224396592,0.8768744853299358,-0.022847963948837202,-0.48054550370774496,0.8209482293338402,0,0,0,0,0,0,0,1,0,0,0,1,0
1.3935190374655193,0.8768744853299358,0.2905959292888356,-0.9242591365597904,-0.17671081764188049,0,0,0,0,0,0,0,1,0,0,0,0,1
-0.1364722148101901,-0.20149529166707583,-0.34373396079690166,-1.618778837174713,-1.5741884150798762,0,0,0,1,0,0,0,0,0,0,1,0,0
-0.9014678409480448,-0.7406801801655817,-0.6208428775838387,1.9455268526264635,0.2716730222771006,1,0,0,0,0,0,0,0,0,0,1,0,0
-0.9014678409480448,-0.7406801801655817,0.007011446406886239,0.5034460903346756,2.2380847626895872,1,0,0,0,0,0,0,0,0,0,1,0,0
0.24602559825873724,0.8768744853299358,0.14875818989078254,-0.19837421487721382,-0.41710800972780987,0,0,0,0,0,0,1,0,0,0,1,0,0
-0.5189700278791175,-0.20149529166707583,-0.423846017308765,-1.0187328320110962,-0.9769106497866717,0,0,0,0,0,0,0,1,0,0,0,0,1
1.011021224396592,8.483335059174191e-05,2.1633794143038694,0.7411103824916115,-0.4183493868735846,0,0,0,0,0,0,1,0,0,0,1,0,0
1.011021224396592,3.0336140393239597,1.6774538256253544,0.6417474699652617,-0.19097526149327657,1,0,0,0,0,0,0,0,0,0,1,0,0
1.3935190374655193,1.9552442623269475,0.007011446406886239,1.31985713435684,-0.04430353000407568,0,0,0,0,0,0,1,0,0,0,1,0,0
-0.1364722148101901,0.33768959683143,-0.38006893724763746,0.7241481900756807,-0.10338931739503958,0,1,0,0,0,0,0,0,0,0,1,0,0
0.24602559825873724,0.33768959683143,-0.14017053851265887,0.2416862517957289,1.6698124233331402,0,0,0,0,0,1,0,0,0,0,1,0,0
0.24602559825873724,0.33768959683143,-0.05217860758979262,-2.363330533046427,-3.0142255332130707,0,0,0,0,0,1,0,0,0,0,1,0,0
-0.5189700278791175,-0.20149529166707583,0.007011446406886239,0.8184924381207791,-0.15151967902468572,1,0,0,0,0,0,0,0,0,0,1,0,0
-0.5189700278791175,-0.7406801801655817,0.007011446406886239,0.16750372364804253,0.9049566691435462,1,0,0,0,0,0,0,0,0,0,1,0,0
-0.9014678409480448,-0.7406801801655817,0.007011446406886239,0.10280178606123251,-0.4282496915969857,0,0,0,0,0,0,0,1,0,0,0,0,1
-0.1364722148101901,-0.20149529166707583,-0.19226526378540057,0.2197340337050654,-0.4277226264401283,0,1,0,0,0,0,0,0,0,0,1,0,0
-0.1364722148101901,-0.7406801801655817,-0.6602422496388534,-0.09070833952028548,-0.6684933214661165,0,1,0,0,0,0,0,0,0,0,1,0,0
-0.1364722148101901,-0.20149529166707583,-0.45142557774727526,-1.5440613361184,-1.642149107875764,0,0,0,0,0,0,0,1,0,1,0,0,0
-0.1364722148101901,0.8768744853299358,0.007011446406886239,0.6445139786898408,0.5217386896752825,0,0,0,1,0,0,0,0,0,0,1,0,0
-0.5189700278791175,-0.7406801801655817,-0.6208428775838387,0.8708544866884884,-0.06409423221111178,1,0,0,0,0,0,0,0,0,0,1,0,0
-0.1364722148101901,8.483335059174191e-05,0.007011446406886239,1.7813841049591395,0.5304907453069083,0,0,0,1,0,0,0,0,0,0,1,0,0
3.306008102810156,1.9552442623269475,1.462070591724607,0.471961731831174,0.27963646162128103,0,0,0,0,0,1,0,0,0,0,1,0,0
-0.1364722148101901,-0.20149529166707583,-0.2268491570336913,-1.0267688811633795,-0.6639894902570521,0,0,0,1,0,0,0,0,0,0,1,0,0
-0.5189700278791175,-0.20149529166707583,-0.423846017308765,-1.5206439566784238,-0.24654100658618464,1,0,0,0,0,0,0,0,0,0,1,0,0
-0.1364722148101901,-0.20149529166707583,0.007011446406886239,0.7125299989847771,-0.15718364801327306,0,0,0,0,0,0,0,1,0,1,0,0,0
-0.1364722148101901,-0.20149529166707583,-0.49432711620718023,-1.2173486840461907,-0.3968833704180566,0,1,0,0,0,0,0,0,0,0,1,0,0
-0.1364722148101901,-0.20149529166707583,-0.18394761857378636,0.05783885958545519,0.8229475103237005,0,0,0,1,0,0,0,0,0,0,1,0,0
-0.9014678409480448,-0.7406801801655817,-0.6808174772675833,-1.178658801783928,-1.1738784655238457,0,1,0,0,0,0,0,0,0,0,1,0,0
0.24602559825873724,0.33768959683143,0.007011446406886239,-0.044665157256813776,1.7754592655707848,0,0,0,0,0,1,0,0,0,0,1,0,0
0.24602559825873724,-0.20149529166707583,0.048946447351411876,-1.4492943792868407,-2.1150731807574417,0,0,0,0,0,0,0,1,0,1,0,0,0
